image_id,split,instance_id,confidence,area_px,compactness,fractal_dimension,mean_brightness,std_brightness,mean_r,mean_g,mean_b,elongation,area_fraction
03def1e004c9ff72659f,test,1,0.8839359879493713,67440.0,0.364821030256176,1.867785927165304,135.2538256227758,42.277574935451725,196.6710409252669,128.7783659549229,7.5533362989323845,0.42447418738049714,0.0548828125
03def1e004c9ff72659f,test,2,0.8818156123161316,16444.0,0.5318853843844163,1.74996090942891,115.38007783994162,39.3136540886839,165.4472756020433,110.6959377280467,8.119131598151302,1.1118012422360248,0.013382161458333333
03def1e004c9ff72659f,test,3,0.8720411062240601,8646.0,0.7586576472540317,1.8400604441874386,187.04591718713857,14.740930202449382,242.90400185056674,191.95477677538747,15.126069858894287,1.1203703703703705,0.0070361328125
03def1e004c9ff72659f,test,4,0.8616031408309937,7555.0,0.736902652250051,1.8333504555791489,126.65519523494375,28.01858791069248,180.34189278623427,122.38610191925876,7.793249503639974,0.8017241379310345,0.006148274739583333
03def1e004c9ff72659f,test,5,0.8386386632919312,25775.0,0.5375714062762468,1.8320955382659507,140.66684772065955,24.888249340654163,196.50727449078565,137.18370514064014,12.077594568380214,1.3262032085561497,0.020975748697916668
03def1e004c9ff72659f,test,6,0.8142635822296143,4624.0,0.8463388326020738,1.7189821770869806,112.67711937716263,35.940703939412344,163.2701124567474,107.17063148788927,8.321799307958477,0.7647058823529411,0.0037630208333333335
03def1e004c9ff72659f,test,7,0.725557804107666,6355.0,0.627175590152483,1.7829420811275112,155.4756884343037,21.721240131136085,218.10527143981116,151.64232887490166,10.828324154209284,1.513157894736842,0.005171712239583333
03def1e004c9ff72659f,test,8,0.6943109631538391,46080.0,0.5336659581249665,1.8536254856857604,109.45902777777778,37.45852528351717,160.96783854166668,102.8703125,8.265494791666667,0.778816199376947,0.0375
03def1e004c9ff72659f,test,9,0.680458128452301,1095.0,0.6205351879862478,1.8163682965583015,140.46027397260275,19.944489675549228,195.29954337899542,137.8876712328767,9.710502283105022,2.107142857142857,0.00089111328125
03def1e004c9ff72659f,test,10,0.6065937280654907,6057.0,0.7221572947641918,1.9141008115124574,175.79230642232127,32.31617146774025,232.56991910186562,178.6823509988443,11.923724616146608,1.90625,0.00492919921875
03def1e004c9ff72659f,test,11,0.6012276411056519,5669.0,0.40089059927326526,1.742105569128797,127.87369906509085,37.14552001963051,189.19985888163697,120.45422473099312,5.196330922561298,0.44242424242424244,0.004613444010416667
03def1e004c9ff72659f,test,12,0.5793354511260986,17241.0,0.5593614899480848,1.8011179562152102,145.33170929760456,36.874783577062125,205.11635055971232,140.9058059277304,11.293950466910273,0.7958115183246073,0.01403076171875
03def1e004c9ff72659f,test,13,0.557242751121521,8078.0,0.5177787344701682,1.8247113687817351,135.57538994800694,22.820264998848838,190.72777915325577,132.06078237187424,8.92894280762565,1.009090909090909,0.0065738932291666665
03def1e004c9ff72659f,test,14,0.554141104221344,14252.0,0.6197472555457644,1.770224265129617,105.5111563289363,46.08317873068437,162.01634858265507,95.85370474319394,7.072621386472074,0.7103825136612022,0.011598307291666667
03def1e004c9ff72659f,test,15,0.4883377254009247,12899.0,0.23584632247349813,1.678449764204969,175.7055585704318,30.38650385223302,234.70338785952399,177.71741995503527,10.516241569113884,5.015151515151516,0.010497233072916667
03def1e004c9ff72659f,test,16,0.48489007353782654,7034.0,0.5670451370084728,1.7911114186640664,151.89209553596817,46.209141671619875,204.38768837077055,150.72490759169747,20.132357122547624,1.15,0.005724283854166666
03def1e004c9ff72659f,test,17,0.4708012044429779,2326.0,0.7457012094818584,1.7484722195274467,161.5597592433362,14.569978106464733,216.32932072226998,162.32674118658642,13.825451418744626,0.6617647058823529,0.0018929036458333332
03def1e004c9ff72659f,test,18,0.45695164799690247,6249.0,0.7550598233703343,1.7792947035458075,142.75436069771163,30.983448272231612,206.45047207553208,136.4738358137302,7.975836133781405,1.2619047619047619,0.00508544921875
03def1e004c9ff72659f,test,19,0.4474717676639557,5650.0,0.37466176755212394,1.790017673068694,171.9578761061947,29.680201006264443,234.20601769911505,172.01557522123895,8.299469026548673,2.982142857142857,0.004597981770833333
03def1e004c9ff72659f,test,20,0.44066083431243896,4085.0,0.5928838611894796,1.6987609728226698,151.50648714810282,23.801993673584366,215.11162790697674,146.76842105263157,8.966217870257038,1.0759493670886076,0.0033243815104166668
03def1e004c9ff72659f,test,21,0.4406530559062958,13425.0,0.471000656454743,1.744095753155545,134.27143389199256,37.98284518679441,195.00156424581004,127.84752327746742,8.018994413407821,0.7486338797814208,0.01092529296875
03def1e004c9ff72659f,test,22,0.42735448479652405,66417.0,0.24404545601146796,1.8220130008383093,113.03738500685066,35.32575166634444,164.6569402412033,107.05046900642908,8.441242452986435,0.8373205741626795,0.05405029296875
03def1e004c9ff72659f,test,23,0.4178682267665863,4882.0,0.8252601888845483,1.7500468388858177,146.29434657927078,46.270370192113184,203.55448586644818,142.7888160589922,14.110405571487096,1.162162162162162,0.003972981770833333
03def1e004c9ff72659f,test,24,0.4135398268699646,1070.0,0.7087168570024138,1.8181931716769457,136.8644859813084,13.054284592849655,191.23644859813083,133.80467289719627,9.892523364485982,1.7333333333333334,0.0008707682291666667
03def1e004c9ff72659f,test,25,0.40657317638397217,14830.0,0.6207250026037955,1.732240956422104,129.066149696561,45.03760480686734,191.48287255563048,120.75104517869184,8.179770734996628,0.7853107344632768,0.012068684895833333
03def1e004c9ff72659f,test,26,0.3936554193496704,1166.0,0.6991235854129745,1.835454285183614,196.21612349914236,10.162299448659903,246.69382504288166,204.35763293310464,21.841337907375642,1.7333333333333334,0.0009488932291666667
03def1e004c9ff72659f,test,27,0.3714182376861572,4140.0,0.4589241541640166,1.6452352817105083,131.2951690821256,20.475915529197977,188.06811594202898,126.13888888888889,8.817149758454105,0.49242424242424243,0.003369140625
03def1e004c9ff72659f,test,28,0.35383257269859314,27532.0,0.3820034756022784,1.8196076184549483,139.41624291733257,39.81153564589123,202.38653203544965,132.74062908615429,8.578926340258608,1.080568720379147,0.02240559895833333
03def1e004c9ff72659f,test,29,0.32563939690589905,7333.0,0.3276166265002578,1.7358281316773903,122.75480703668349,30.277387413820353,174.4524751125051,118.32783308332196,9.883131051411429,2.8194444444444446,0.005967610677083333
03def1e004c9ff72659f,test,30,0.31646835803985596,2981.0,0.9250253449268714,1.895313496223359,121.19657832941965,56.178439307013576,170.0469641060047,116.3149949681315,18.16839986581684,1.0327868852459017,0.002425944010416667
03def1e004c9ff72659f,test,31,0.2937619984149933,10375.0,0.7458604468380232,1.8038363466222265,139.37484337349397,32.283836433345186,200.33677108433736,133.60857831325302,9.188530120481929,1.25,0.008443196614583334
03def1e004c9ff72659f,test,32,0.28628090023994446,6988.0,0.4171394411853677,1.7391623600094124,119.65626788780767,44.18316774391604,171.55251860331998,114.8909559244419,8.041356611333715,0.9224806201550387,0.005686848958333333
03def1e004c9ff72659f,test,33,0.2823113203048706,4041.0,0.8832150951952861,1.743310274431936,175.6560257362039,5.92546035085402,238.62187577332344,175.0212818609255,13.521900519673348,1.0294117647058822,0.00328857421875
03def1e004c9ff72659f,test,34,0.27568691968917847,19144.0,0.26912059185779874,1.8118768682304525,120.24101546176348,28.268082973096217,172.3439197659841,115.37270162975345,8.59391976598412,3.5104166666666665,0.015579427083333333
03def1e004c9ff72659f,test,35,0.2706734240055084,15768.0,0.28213590708813746,1.7158245030809975,129.18277524099443,35.2242807153311,182.82768899036023,125.26496702181633,8.582699137493657,0.7180616740088106,0.01283203125
04ee55fe28feb0998127,test,1,0.8500313758850098,9313.0,0.6206121175464837,1.8268758948551838,110.70653924621497,53.27734976757188,155.78052185117576,106.26747557178138,15.335230323204124,1.8275862068965518,0.007578938802083333
04ee55fe28feb0998127,test,2,0.8411509394645691,21647.0,0.5610694186831783,1.8244842556048708,158.66997736406893,43.16123324432592,209.48159098258418,159.0014320691089,23.630248995241836,1.1675977653631284,0.017616373697916667
04ee55fe28feb0998127,test,3,0.7200114130973816,14160.0,0.646879281613698,1.8663775973341714,116.17782485875706,52.35185328296808,167.29420903954804,110.47676553672316,11.542584745762712,1.6666666666666667,0.0115234375
04ee55fe28feb0998127,test,4,0.681143045425415,337371.0,0.0987360913268002,1.8088348663196916,105.29306905454233,49.37423309122885,150.02148080303286,100.39827667464009,13.18722415382472,1.076560659599529,0.27455322265625
04ee55fe28feb0998127,test,5,0.6345612406730652,57241.0,0.3996859348088139,1.774259880732883,91.81275659055572,41.85787470015769,131.93392847783932,86.97921070561311,11.475638091577716,1.3411371237458194,0.046582845052083335
069acde265fe883cbfa4,test,1,0.9316490292549133,45426.0,0.5531525205691588,1.8415964894074193,115.53834808259587,51.087205013860476,164.72570774446353,109.82981112138422,15.929643816316647,0.6183844011142061,0.0369677734375
069acde265fe883cbfa4,test,2,0.8586400747299194,31792.0,0.6084677838483851,1.845820784531365,90.9417148968294,60.562978809609014,130.87937216909916,85.94523779567187,11.9698980875692,1.0225225225225225,0.025872395833333332
069acde265fe883cbfa4,test,3,0.8491653203964233,91349.0,0.7172118602547016,1.8283506059018262,71.11525030378,57.089820806900434,116.70329177111955,60.40003721989294,6.889719646629958,0.9123711340206185,0.07434000651041667
069acde265fe883cbfa4,test,4,0.6159058213233948,84222.0,0.2169276670006066,1.7609347838720233,141.66822207974164,38.161662505878645,200.4615539882691,136.7120586070148,12.97799862268766,2.391941391941392,0.0685400390625
069acde265fe883cbfa4,test,5,0.5239406824111938,75933.0,0.23381133562680823,1.7831869980001227,110.05872282143469,47.160197702745116,162.90403381928806,102.61367257977427,9.781346713550104,1.296195652173913,0.06179443359375
069acde265fe883cbfa4,test,6,0.40006548166275024,539.0,0.6963110929360791,1.7069211354513798,141.9443413729128,30.581753634544636,190.48979591836735,141.12244897959184,18.786641929499073,1.8,0.00043863932291666666
069acde265fe883cbfa4,test,7,0.3795396387577057,6980.0,0.6196587503505544,1.8014145074534746,115.95444126074499,47.260458450984856,165.57893982808022,110.83681948424069,12.11031518624642,0.9173553719008265,0.0056803385416666664
069acde265fe883cbfa4,test,8,0.2883945107460022,10524.0,0.8192092868882934,1.8856947231398358,115.79732041049031,44.04541241331956,171.94830862789814,108.30805777271,7.146427213987077,0.952755905511811,0.008564453125
069acde265fe883cbfa4,test,9,0.25704285502433777,19385.0,0.7467652360213402,1.782272349071822,93.83332473562032,47.430701236318804,144.28661336084602,85.06541140056746,6.688522053133866,1.1168831168831168,0.015775553385416665
084107d77415fb4726ba,test,1,0.9263832569122314,22847.0,0.4806290675441275,1.8401592988026636,117.74504311288135,30.43764025419113,173.00927911760843,111.94279336455553,2.703899855560905,0.9306930693069307,0.018592936197916667
084107d77415fb4726ba,test,2,0.866606593132019,7937.0,0.808358427373072,1.8094529270522226,143.96573012473226,24.274122951283772,205.75633110747134,139.69094116164797,3.9420435932972158,1.0769230769230769,0.006459147135416667
084107d77415fb4726ba,test,3,0.8537214398384094,7807.0,0.8041712642766026,1.820547725064379,94.35301652363263,37.49713636896884,143.90713462277444,87.02369668246446,2.2680927372870503,0.9901960784313726,0.006353352864583333
084107d77415fb4726ba,test,4,0.7916498184204102,19889.0,0.6013669474780872,1.846090392126598,128.50369551008095,35.17503689826649,193.03544672934788,120.23430036703705,2.057820906028458,2.4245283018867925,0.016185709635416667
084107d77415fb4726ba,test,5,0.7400574088096619,28981.0,0.5643940765707247,1.8348824820480183,133.73737966253753,47.25070046618464,195.38401021358823,127.97739898554225,1.9375452882923294,0.9590909090909091,0.023584798177083335
084107d77415fb4726ba,test,6,0.7016899585723877,16351.0,0.6819699153708981,1.7898229296448052,117.82845085927467,37.30121086189041,176.7888814139808,110.32499541312458,1.946364136750046,0.9754601226993865,0.013306477864583333
084107d77415fb4726ba,test,7,0.685304582118988,23220.0,0.5833546192609781,1.8914814502422326,81.65844099913868,35.8931458596987,130.71739879414298,72.25219638242893,1.5608527131782945,2.4782608695652173,0.018896484375
084107d77415fb4726ba,test,8,0.4499061405658722,6492.0,0.8121664241621431,1.8034035007500533,150.2701786814541,37.52209475732019,211.60859519408504,147.58009858287122,3.331022797288971,1.48,0.005283203125
084107d77415fb4726ba,test,9,0.3425963222980499,6699.0,0.8879361687371277,1.8127019888767242,107.62442155545604,34.33801284195473,165.48828183310943,98.78414688759517,1.5424690252276458,0.9081632653061225,0.00545166015625
084107d77415fb4726ba,test,10,0.2751109004020691,7582.0,0.83255263765144,1.8141089995530117,116.4294381429702,37.61677982883318,175.66631495647587,108.48720654180956,2.0886309680823003,0.9523809523809523,0.006170247395833333
084107d77415fb4726ba,test,11,0.26308637857437134,6583.0,0.5661600602614268,1.781161210116561,128.48427768494608,25.272460686263813,185.52605195199757,123.80540786875285,2.990885614461492,1.2413793103448276,0.005357259114583333
08f820d7e48c99c1ad51,test,1,0.9664881825447083,53734.0,0.5391080750163804,1.786372735633414,120.51911266609595,40.12730650223365,180.8699147653255,111.84698701008672,6.912011017233037,0.8557993730407524,0.043728841145833336
08f820d7e48c99c1ad51,test,2,0.7538390755653381,4984.0,0.2986766791383604,1.8559601929511753,139.5056179775281,22.275299622086745,192.59470304975923,136.61677367576243,15.013643659711075,6.121212121212121,0.004055989583333333
08f820d7e48c99c1ad51,test,3,0.6829943656921387,137192.0,0.18584523412049406,1.8122698166254336,116.03770628024958,49.59992734639728,174.23575718700798,107.53575281357513,7.201986996326316,0.8485370051635112,0.11164713541666667
08f820d7e48c99c1ad51,test,4,0.6810727119445801,15876.0,0.7260393488855049,1.747925203696264,95.47518266565885,62.292415269630574,146.55744520030234,86.49773242630386,7.86936255983875,1.0754716981132075,0.012919921875
08f820d7e48c99c1ad51,test,5,0.6685358881950378,86616.0,0.26143429746074875,1.7577365717321252,152.58684307749147,41.44829375626753,211.81399510483052,149.37938718019765,13.7558649672116,2.0272108843537415,0.07048828125
08f820d7e48c99c1ad51,test,6,0.6566487550735474,41993.0,0.41500773183182565,1.8321059424373156,147.74950587002596,41.04140384157136,205.82261329269164,143.85669040078108,15.477389088657633,1.6008583690987124,0.034173990885416665
08f820d7e48c99c1ad51,test,7,0.6228156685829163,14268.0,0.48517587479180635,1.865619913750626,140.7343005326605,38.90374330155796,204.47252593215586,133.87776843285675,8.92591813849173,0.6318407960199005,0.011611328125
08f820d7e48c99c1ad51,test,8,0.6093114614486694,11660.0,0.8640903892370955,1.9073107364114548,157.29391080617495,32.47757871225797,219.21089193825043,153.74408233276156,13.142795883361922,0.9920634920634921,0.009488932291666667
08f820d7e48c99c1ad51,test,9,0.40537121891975403,1820.0,0.8195367168422463,1.7782377844573543,173.28956043956043,21.75672690780607,232.70439560439561,172.22637362637363,22.743406593406593,0.8679245283018868,0.0014811197916666666
08f820d7e48c99c1ad51,test,10,0.32549458742141724,57648.0,0.3704755604550451,1.775864952183247,100.29907368859284,53.326917612762784,154.8053531779073,90.8571502914238,6.017520122120455,0.5909090909090909,0.0469140625
08f820d7e48c99c1ad51,test,11,0.3004152774810791,24898.0,0.348145164914226,1.7944589244966562,146.7978954132862,36.93668502569758,210.0961121375211,141.02823519961441,10.52847618282593,1.1238095238095238,0.020262044270833335
08f820d7e48c99c1ad51,test,12,0.2894876003265381,1225.0,0.4475740596080662,1.7424685819015258,191.92408163265307,14.584138423107364,245.09142857142857,196.9069387755102,26.68408163265306,4.2105263157894735,0.0009969075520833333
09b7d6911cccc8b351d7,test,1,0.9087355732917786,13221.0,0.5451881515953841,1.8166456643271804,125.41721503668407,39.38584434834384,168.67929808637774,123.19816957870056,23.280009076469252,1.989795918367347,0.01075927734375
09b7d6911cccc8b351d7,test,2,0.8895440101623535,11758.0,0.6599705833521128,1.8274235725560874,109.7882292906957,43.439535620039265,150.5669331518966,106.88297329477803,17.770199013437658,1.3185840707964602,0.009568684895833334
09b7d6911cccc8b351d7,test,3,0.8695651292800903,13514.0,0.8251980097298109,1.8627883735908979,80.67922154802427,44.45434760150739,116.04210448423856,76.2274678111588,10.90920526861033,0.8175675675675675,0.010997721354166667
09b7d6911cccc8b351d7,test,4,0.8286955952644348,13199.0,0.6525782542636595,1.8967931064188195,115.09000681869838,52.384071979840726,161.32608530949315,110.5617849837109,17.181983483597243,1.2983870967741935,0.010741373697916667
09b7d6911cccc8b351d7,test,5,0.535302460193634,4543.0,0.7472187045923266,1.7159739852117657,93.38014527845036,40.64717076929637,128.12326656394453,90.81598062953995,15.419326436275588,1.2608695652173914,0.003697102864583333
09b7d6911cccc8b351d7,test,6,0.5094130635261536,27971.0,0.460572033225133,1.8049336767620605,93.31875871438275,38.721963253619656,133.19688248543133,89.02473990919167,10.847127381931285,1.8930817610062893,0.022762858072916666
09b7d6911cccc8b351d7,test,7,0.4687148928642273,1206.0,0.8521898552278402,1.739738564087297,140.52487562189054,21.411485304110627,182.6799336650083,140.77446102819238,28.471807628524047,0.8095238095238095,0.0009814453125
09b7d6911cccc8b351d7,test,8,0.42884552478790283,7531.0,0.6750143553902757,1.7688071900118436,100.88381357057496,33.55922618367077,135.2686230248307,98.7360244323463,21.702297171690347,0.582089552238806,0.006128743489583333
09b7d6911cccc8b351d7,test,9,0.3486368954181671,45580.0,0.3375306477335963,1.8405803679732542,137.1036419482229,44.03385459996701,185.10875383940325,134.71678367705132,23.441926283457658,0.6703296703296703,0.037093098958333334
09b7d6911cccc8b351d7,test,10,0.3271797001361847,7574.0,0.7655754057519338,1.8232261798926925,85.54634275151835,41.39410953773813,123.47227356746765,80.98310007921837,9.581462899392658,0.639344262295082,0.0061637369791666665
09b7d6911cccc8b351d7,test,11,0.269596666097641,3567.0,0.646580975415882,1.7829436250935187,130.29604709840203,57.89643357841749,181.66834875245303,125.36837678721615,20.921502663302494,2.6097560975609757,0.00290283203125
09b7d6911cccc8b351d7,test,12,0.2586614191532135,17819.0,0.5597961470819218,1.7860965595377978,91.25186598574555,36.834700997395636,131.60149278859643,86.54413827936472,9.687075593467647,1.6194029850746268,0.014501139322916667
0c2cddb80301461fdfc0,test,1,0.8724204301834106,10431.0,0.5744423577937755,1.8129969434336763,129.21512798389415,43.254326388228606,185.46160483175152,123.79273319911802,9.58422011312434,0.7452229299363057,0.00848876953125
0c2cddb80301461fdfc0,test,2,0.8660417199134827,71999.0,0.26580613137214476,1.7921898950399777,116.00898623591995,42.63655856024903,172.41020014166864,108.30574035750496,7.762413366852317,0.7435897435897436,0.05859293619791667
0c2cddb80301461fdfc0,test,3,0.8097178339958191,14037.0,0.6837143425553014,1.7656877433125262,109.3886158010971,40.15699324336755,158.86215003205814,104.096103155945,6.84825817482368,1.2406015037593985,0.01142333984375
0c2cddb80301461fdfc0,test,4,0.783411979675293,4871.0,0.7877547901351136,1.7348895579868102,176.81256415520426,27.91083947479151,230.37918291931842,179.57010880722643,22.028741531513035,0.8295454545454546,0.003964029947916667
0c2cddb80301461fdfc0,test,5,0.7677115797996521,20579.0,0.4626592686298514,1.7954282518676137,92.58666601875699,46.20029735443329,138.63832061810584,85.84173186257836,6.578939695806405,0.9633507853403142,0.016747233072916666
0c2cddb80301461fdfc0,test,6,0.6825815439224243,7062.0,0.7759142489836054,1.8028972936549856,101.99065420560747,39.840138965379346,149.8476352308128,96.00934579439253,7.230387992070235,0.8407079646017699,0.0057470703125
0c2cddb80301461fdfc0,test,7,0.6699770092964172,7782.0,0.6615773246809166,1.832437286139571,106.49742996658956,53.08963951443561,161.56900539707016,98.12670264713441,5.2410691338987405,0.8037383177570093,0.0063330078125
0c2cddb80301461fdfc0,test,8,0.5986530780792236,1424.0,0.541774124380899,1.8247758083694872,127.92485955056179,24.08498179976229,180.0505617977528,123.86235955056179,11.955056179775282,0.35064935064935066,0.0011588541666666668
0c2cddb80301461fdfc0,test,9,0.5544968247413635,8599.0,0.36501918038482206,1.7439711560160556,161.40923363181764,27.979514433170458,219.84056285614605,159.69542970112803,16.856960111640888,0.4527363184079602,0.0069978841145833335
0c2cddb80301461fdfc0,test,10,0.4263342022895813,6534.0,0.5857281015765203,1.7904979322406653,110.50428527701256,43.25068649701236,157.47566574839303,106.32154882154882,8.851392715029078,0.7796610169491526,0.0053173828125
0c2cddb80301461fdfc0,test,11,0.41626033186912537,9639.0,0.2438589941850345,1.7176653966297815,116.95611577964519,40.49783369995139,164.85973648718746,113.5645813881108,8.778918974997406,0.3174061433447099,0.00784423828125
0c2cddb80301461fdfc0,test,12,0.2520590126514435,2812.0,0.3388017773949257,1.8408484726870395,128.10775248933143,30.24789913701973,178.53058321479375,125.8545519203414,7.468705547652916,0.20567375886524822,0.0022884114583333333
0cc49eb88837a3d298a9,test,1,0.8630912899971008,12427.0,0.6398332950122371,1.8528850179406788,122.6378047799147,31.878905976827742,171.101150720206,119.73549529250825,10.381668946648427,0.8051948051948052,0.010113118489583333
0cc49eb88837a3d298a9,test,2,0.8581322431564331,5738.0,0.7374505259386596,1.7581175010463803,158.03520390379924,24.744518525809774,217.32833739979085,155.64726385500174,14.741373300801673,1.3717948717948718,0.004669596354166666
0cc49eb88837a3d298a9,test,3,0.8503982424736023,12056.0,0.5291838353108774,1.8379206662525704,108.17767086927671,34.48131090905817,156.1824817518248,103.02546449900464,8.758377571333776,1.956989247311828,0.009811197916666667
0cc49eb88837a3d298a9,test,4,0.8329282402992249,16699.0,0.4746878582794115,1.7330957126435154,125.93676268040002,30.958664406170872,174.58752021079107,122.81543805018265,14.310916821366549,1.3229813664596273,0.013589680989583333
0cc49eb88837a3d298a9,test,5,0.8302111625671387,9166.0,0.7159435443302687,1.8472726817826863,117.27689286493563,40.126068579590815,165.9945450578224,112.53720270565132,13.868208596988872,1.1261261261261262,0.007459309895833334
0cc49eb88837a3d298a9,test,6,0.8247841000556946,13895.0,0.5617867382943648,1.808469083434539,126.0733357322778,36.209551910762166,176.3740913997841,121.93198992443325,15.412018711766823,0.5989847715736041,0.011307779947916667
0cc49eb88837a3d298a9,test,7,0.8241535425186157,3331.0,0.6615664573640205,1.8029943765657996,168.34404082858,26.484004616248914,225.81356949864906,168.72560792554788,15.634043830681478,2.108695652173913,0.0027107747395833334
0cc49eb88837a3d298a9,test,8,0.787765383720398,2494.0,0.653137530832577,1.734138799362379,117.74538893344025,33.59271435725349,162.5597433841219,115.39695268644748,12.224939855653568,0.6666666666666666,0.002029622395833333
0cc49eb88837a3d298a9,test,9,0.7597904801368713,3482.0,0.7777214231356118,1.8477012159213082,128.81993107409534,22.316068658834812,174.04824813325675,127.53589890867318,16.72601952900632,0.6923076923076923,0.002833658854166667
0cc49eb88837a3d298a9,test,10,0.7590475678443909,5137.0,0.7552876497639716,1.7278169559635395,128.90110959704108,20.48299295808085,175.67704886120305,126.97488806696515,16.043410550905197,1.3157894736842106,0.004180501302083334
0cc49eb88837a3d298a9,test,11,0.7339354157447815,6704.0,0.2552186001518381,1.825646107670049,113.9621121718377,39.282269726563314,162.56100835322195,108.9267601431981,12.400805489260144,0.16532258064516128,0.005455729166666667
0cc49eb88837a3d298a9,test,12,0.7264070510864258,4873.0,0.5964807402838095,1.8810057714215767,157.10609480812641,26.809977854826307,216.14529037553868,154.42745741842808,15.971475477118817,0.47580645161290325,0.003965657552083333
0cc49eb88837a3d298a9,test,13,0.7211997509002686,3929.0,0.8061407494186367,1.8686131742597785,120.56248409264444,38.9894129444119,171.8037668617969,116.0185797912955,9.468058030033088,1.3709677419354838,0.0031974283854166665
0cc49eb88837a3d298a9,test,14,0.7048508524894714,2462.0,0.7274675431684164,1.7591128891978338,166.16937449228269,28.301142364820283,218.58489033306256,166.34646628757108,27.679935012185215,1.6818181818181819,0.0020035807291666667
0cc49eb88837a3d298a9,test,15,0.7035494446754456,4058.0,0.7887544464238944,1.7446578309428198,111.75505174963035,33.19989831701316,161.2074913750616,106.78560867422375,7.610152784622967,1.2272727272727273,0.003302408854166667
0cc49eb88837a3d298a9,test,16,0.6220628023147583,40201.0,0.3743049986027866,1.8255259093570666,132.58508494813563,32.369121647663846,188.6041143255143,127.84249148031144,10.018556752319594,1.541871921182266,0.03271565755208333
0cc49eb88837a3d298a9,test,17,0.6093990802764893,3181.0,0.6758663549998792,1.8186289501422355,158.65671172587236,17.102453346519287,216.56617415906948,156.59981138006916,17.31468091795033,0.5730337078651685,0.0025887044270833334
0cc49eb88837a3d298a9,test,18,0.3046160936355591,57429.0,0.25423136574789545,1.8299839910383038,130.6713507113131,32.06796755965495,184.5920527956259,126.37895488342127,11.27585366278361,2.0661157024793386,0.04673583984375
0cc49eb88837a3d298a9,test,19,0.27975526452064514,5052.0,0.8666652044661749,1.7478961101142132,87.88558986539984,38.325417968998806,132.0540380047506,81.83016627078385,3.3450118764845604,0.8705882352941177,0.004111328125
0cc49eb88837a3d298a9,test,20,0.2719174027442932,4212.0,0.3441574668648879,1.8153139159661413,111.95987654320987,41.30049994965099,160.6588319088319,106.53822412155745,12.169040835707502,0.20238095238095238,0.003427734375
0cc49eb88837a3d298a9,test,21,0.2693515121936798,15336.0,0.4284901663149955,1.7486605636983248,92.86150234741784,35.2512683329036,135.33900625978092,88.48721961398017,4.056924882629108,0.575,0.01248046875
0daa1d125f2ebc009bba,test,1,0.8266573548316956,12071.0,0.6145083054681688,1.8426583679478403,144.30593985585287,31.800090038569593,204.320520255157,140.2383398227156,7.857758263606992,0.4371584699453552,0.009823404947916666
0daa1d125f2ebc009bba,test,2,0.8211575746536255,27829.0,0.3930826512108617,1.7647052903836873,141.22145962844516,44.22530676669504,205.02845952064393,134.35786409860216,9.229005713464371,0.5945945945945946,0.022647298177083334
0daa1d125f2ebc009bba,test,3,0.6796161532402039,20532.0,0.6243216216633045,1.9013153777411063,99.7370933177479,44.014618224653184,156.88710305864018,89.13987921293591,4.466783557373855,1.890625,0.016708984375
0daa1d125f2ebc009bba,test,4,0.6537020206451416,22900.0,0.36238162034629284,1.7755135594386275,109.21720524017468,38.97391111561467,164.46213973799127,100.96978165938864,6.769082969432314,1.618279569892473,0.018636067708333332
0daa1d125f2ebc009bba,test,5,0.6434113383293152,5405.0,0.7946914049005775,1.7545771699323416,173.5563367252544,29.00120924930146,235.49565217391304,173.7358001850139,10.042923219241443,0.7777777777777778,0.0043986002604166664
0daa1d125f2ebc009bba,test,6,0.6363276243209839,5605.0,0.7879667281531624,1.7486738348573478,152.5157894736842,22.936820694159763,212.58251561106155,148.8551293487957,13.753077609277431,0.84,0.004561360677083333
0daa1d125f2ebc009bba,test,7,0.6050817966461182,24633.0,0.5438121333448424,1.7775897613448421,150.16404822798685,39.69080559474988,208.8351804489912,146.75609954126577,13.805342426825803,0.6156583629893239,0.02004638671875
0daa1d125f2ebc009bba,test,8,0.5705984234809875,2174.0,0.4515024184884028,1.6915626068164666,147.03311867525298,19.38490216978642,206.09935602575896,144.12189512419502,7.094296228150874,0.4268292682926829,0.0017692057291666668
0daa1d125f2ebc009bba,test,9,0.5560001134872437,24800.0,0.6688024613712344,1.824055049021392,110.69802419354839,42.30912998357631,171.7266129032258,100.19125,4.833064516129032,0.914572864321608,0.020182291666666668
0daa1d125f2ebc009bba,test,10,0.5559728145599365,14811.0,0.6121066329054351,1.8093997541616043,113.24880156640334,44.36609698283094,167.29883194922692,106.30112754034164,7.271217338464655,0.5181347150259067,0.01205322265625
0daa1d125f2ebc009bba,test,11,0.46968773007392883,6673.0,0.8181368263008351,1.8191142907119675,141.90573954742993,34.013206306275045,208.98051850741794,133.91578000899145,7.170687846545782,1.0,0.005430501302083333
0daa1d125f2ebc009bba,test,12,0.4633205831050873,22501.0,0.4507995609546771,1.8946524133142546,143.599084485134,36.13620561510398,202.44389138260522,138.99275587751654,12.965334874005599,0.4823529411764706,0.018311360677083333
0daa1d125f2ebc009bba,test,13,0.4184086322784424,9476.0,0.5954225911277216,1.8564321961169292,144.50886449978893,29.380536769060555,204.3400168847615,139.81975517095822,11.73374841705361,0.8503937007874016,0.0077115885416666665
0daa1d125f2ebc009bba,test,14,0.40920740365982056,205556.0,0.12880209452170183,1.7664994872932749,134.98553192317422,47.556452532228825,198.3842067368503,127.65719803849073,6.5164334779816695,1.1210287443267777,0.16728190104166665
0daa1d125f2ebc009bba,test,15,0.348887175321579,9040.0,0.7977390701322381,1.8435078634690303,129.13904867256636,40.12148892340935,187.7816371681416,122.20553097345133,11.057632743362833,1.0849056603773586,0.007356770833333333
0daa1d125f2ebc009bba,test,16,0.30059757828712463,10746.0,0.7648901196440767,1.8066480309630781,138.13363111855574,43.08875930732395,197.37009119672436,132.5862646566164,11.349711520565792,0.9191176470588235,0.0087451171875
0daa1d125f2ebc009bba,test,17,0.2976718544960022,10462.0,0.699904089470545,1.8425423060411257,150.38931370674823,34.32220417755056,210.20751290384248,146.60093672337985,12.995220799082393,0.8029197080291971,0.008513997395833334
0daa1d125f2ebc009bba,test,18,0.2679639458656311,26429.0,0.3120992017267684,1.7630063797431779,126.9091528245488,41.50962213331326,193.88777479284118,116.55336940482046,4.696318438079382,0.6298932384341637,0.021507975260416666
0e9aea56a1632e399082,test,1,0.9326619505882263,20422.0,0.5791468326204353,1.7715009180828827,126.10616002350406,32.976180068618966,175.97576143374792,122.48016844579375,13.920624816374499,0.7990654205607477,0.016619466145833334
0e9aea56a1632e399082,test,2,0.8971750140190125,15273.0,0.6005279713697909,1.7331001176083984,135.42735546389054,38.659746848356974,191.11556341255812,130.67465461926275,13.735742814116415,1.0061728395061729,0.01242919921875
0e9aea56a1632e399082,test,3,0.8665599822998047,8306.0,0.6989597213092796,1.8035791407635209,110.90777751023357,68.45784077862004,156.25114375150494,106.67011798699735,13.720683843005057,0.7272727272727273,0.006759440104166667
0e9aea56a1632e399082,test,4,0.8660399317741394,16595.0,0.6060926432861871,1.7532054108125439,148.08267550467008,53.96128558162257,202.73118409159386,146.4630310334438,13.127146730943055,0.9146341463414634,0.013505045572916667
0e9aea56a1632e399082,test,5,0.8317393064498901,5138.0,0.8636526407527567,1.75244193600216,145.16718567536006,45.1487817410657,200.83008952899962,141.47547683923705,18.057804593226937,0.8876404494382022,0.004181315104166666
0e9aea56a1632e399082,test,6,0.8053187727928162,5302.0,0.7677237168439269,1.7588695794745455,145.3106374952848,37.302507442459806,199.50716710675218,142.5028291210864,17.499056959637873,0.7623762376237624,0.004314778645833333
0e9aea56a1632e399082,test,7,0.6634703874588013,55980.0,0.2533350438580638,1.7445309533998086,112.42277599142551,40.33738678235904,165.48401214719541,105.69646302250804,7.886780993211861,1.2678571428571428,0.045556640625
0e9aea56a1632e399082,test,8,0.6265116930007935,43968.0,0.3116081767014767,1.8348368312727046,123.32630549490538,39.52165524187123,173.10020924308589,119.06002092430859,14.670237445414847,1.4545454545454546,0.03578125
0e9aea56a1632e399082,test,9,0.6138134002685547,7651.0,0.3521827455234097,1.7820503752654515,137.0458763560319,35.18839060367168,190.49888903411318,133.76068487779375,13.644752319958176,2.7794117647058822,0.0062263997395833335
0e9aea56a1632e399082,test,10,0.5675670504570007,8876.0,0.6606981304359241,1.813657570661673,148.9696935556557,47.65413412575217,204.70820189274448,146.62899954934656,14.834948174853537,0.46496815286624205,0.0072233072916666665
0e9aea56a1632e399082,test,11,0.4861568808555603,11346.0,0.7988224302208282,1.8984505053499727,141.53754627181385,62.89697234108028,193.71002996650802,139.87361184558435,13.278600387801868,1.0756302521008403,0.0092333984375
0e9aea56a1632e399082,test,12,0.4434620440006256,12520.0,0.6427261965257981,1.728324658218191,123.55039936102236,47.76199161771827,177.11333865814697,117.3626198083067,14.871725239616614,0.9379310344827586,0.010188802083333334
0e9aea56a1632e399082,test,13,0.41642311215400696,5690.0,0.499123196767975,1.8267109058831503,159.36818980667837,38.49828161859124,222.79912126537786,156.01054481546572,10.360632688927943,2.7142857142857144,0.004630533854166666
0e9aea56a1632e399082,test,14,0.4021914601325989,9167.0,0.3848328799867103,1.7691493288414666,116.809752372641,40.704588868336664,168.636631395222,111.02007199738192,10.608814224937275,2.157303370786517,0.007460123697916667
0e9aea56a1632e399082,test,15,0.3800431489944458,50175.0,0.27064519479106813,1.816074212363666,147.19543597409069,41.82822146242031,202.30309915296462,144.74224215246636,15.292396611858495,2.8870056497175143,0.04083251953125
0e9aea56a1632e399082,test,16,0.36469271779060364,9930.0,0.5537172437650222,1.8286845081088086,161.12759315206446,36.10360684109258,219.8718026183283,159.79305135951662,13.925176233635447,0.6467065868263473,0.0080810546875
0e9aea56a1632e399082,test,17,0.29762521386146545,136353.0,0.16796262457973285,1.7539316078126688,127.28072723005728,45.35759885643218,184.65507176226413,120.76340821250724,10.370897596679209,0.9906890130353817,0.11096435546875
0e9aea56a1632e399082,test,18,0.277509868144989,4456.0,0.6329368674404847,1.834264624817869,122.81822262118492,38.37371966508175,175.4560143626571,117.7439407540395,10.791965888689408,2.111111111111111,0.0036263020833333334
0e9aea56a1632e399082,test,19,0.26923424005508423,152948.0,0.1211585278313776,1.8245636358024289,138.4204893166305,36.92899007223787,194.0636360070089,134.13868765855062,14.48253654836938,1.392931392931393,0.12446940104166666
0e9aea56a1632e399082,test,20,0.26660260558128357,20150.0,0.5497988591262896,1.8241141055673389,140.58799007444168,49.37045132163706,198.176476426799,136.15861042183622,12.3951364764268,1.6074074074074074,0.016398111979166668
0e9aea56a1632e399082,test,21,0.254502534866333,7854.0,0.8234290499918252,1.8399322150371487,114.92169595110772,46.87404472230571,174.40425261013496,105.11153552330023,9.521645021645021,0.7094017094017094,0.0063916015625
112f717e209533777994,test,1,0.9281532168388367,8858.0,0.6638648358736722,1.8661411535286576,126.96477760216753,30.430828718392345,180.4761797245428,122.43858658839467,9.869948069541657,0.8677685950413223,0.007208658854166667
112f717e209533777994,test,2,0.9204918742179871,44642.0,0.4198780581275192,1.7139016884804494,144.16777922136106,41.665062705345846,204.59280498185566,139.1205815151651,11.648313247614354,0.8984615384615384,0.03632975260416667
112f717e209533777994,test,3,0.8418942093849182,13074.0,0.6659960721706096,1.8496525288069872,170.97468257610524,31.73760958249797,228.9180816888481,171.5374789658865,15.982943246137372,0.6807228915662651,0.0106396484375
112f717e209533777994,test,4,0.8285324573516846,34310.0,0.5275213025897683,1.8581530888512783,127.66435441562227,34.27093462730197,182.66796852229672,122.67283590789857,9.114281550568347,0.8577235772357723,0.027921549479166665
112f717e209533777994,test,5,0.799177348613739,11009.0,0.7204950737578385,1.888434316731195,120.65664456353892,37.07109842084412,171.23598873648834,116.27459351439731,10.476337542011082,1.1130434782608696,0.008959147135416666
112f717e209533777994,test,6,0.7300697565078735,212406.0,0.13226520897225003,1.7686471145479796,123.79001534796569,39.81408355148363,177.86125156539833,118.2766353116202,10.342537404781408,1.111791730474732,0.1728564453125
112f717e209533777994,test,7,0.7252922058105469,5564.0,0.8134523472484729,1.8152252021530784,133.66624730409777,36.22033286435128,188.09579439252337,129.46279654924516,12.457764198418404,1.2987012987012987,0.004527994791666667
112f717e209533777994,test,8,0.623884379863739,25478.0,0.40557449835079556,1.7462056220160171,138.27356935395244,29.895261089202858,197.10538503807206,133.09082345553026,10.572690164063113,1.4947368421052631,0.020734049479166666
112f717e209533777994,test,9,0.578392744064331,9997.0,0.5500389392931762,1.8024958048551154,176.58317495248573,34.340218173126885,230.9881964589377,179.42682804841454,19.20396118835651,1.3571428571428572,0.008135579427083333
112f717e209533777994,test,10,0.5429521203041077,6999.0,0.24268479813034816,1.7056570471365269,123.29418488355479,35.33147845091902,174.96242320331476,119.24703529075582,8.585655093584798,0.8142857142857143,0.00569580078125
112f717e209533777994,test,11,0.48677584528923035,2454.0,0.8540154943665056,1.8375333102960223,195.69926650366747,14.158637525443526,248.7245313773431,203.59005704971474,15.909942950285249,1.150943396226415,0.0019970703125
112f717e209533777994,test,12,0.42951515316963196,64406.0,0.2811706086743333,1.858164760637614,111.49739154737136,43.352846383309426,165.18479644753594,104.43812688258858,7.022094214824706,2.6018099547511313,0.05241373697916667
112f717e209533777994,test,13,0.3585359454154968,10165.0,0.6780702596143796,1.7983466257081593,133.12031480570585,29.880888075956392,188.853418593212,128.5101819970487,10.575110673880964,0.8098591549295775,0.008272298177083333
112f717e209533777994,test,14,0.31358426809310913,4643.0,0.6906571441085905,1.7210861174621344,139.9885849666164,20.20950145243847,190.0277837604997,138.97630842127936,13.846220116304114,1.0,0.0037784830729166666
112f717e209533777994,test,15,0.28970304131507874,15308.0,0.6975432371692837,1.7381957656454996,97.88535406323491,47.49939129915497,146.2454272275934,90.71655343611184,8.004050169845833,0.8538011695906432,0.012457682291666666
13d042556b8f13e6624f,test,1,0.8988010287284851,12718.0,0.7643609858418843,1.846478865785014,131.44401635477277,44.496310605098174,192.7314829375688,124.37450857052995,6.985610945117156,0.8275862068965517,0.010349934895833333
13d042556b8f13e6624f,test,2,0.877752423286438,10040.0,0.7071513595153845,1.8726809310747565,121.70308764940239,37.01267940424687,174.38256972111554,116.52141434262948,10.16304780876494,0.9349593495934959,0.008170572916666667
13d042556b8f13e6624f,test,3,0.8714189529418945,9694.0,0.588741359080914,1.801575759720716,123.26604085001031,43.08260292404507,175.98421704146895,118.8256653600165,7.774293377346813,0.6265822784810127,0.007888997395833333
13d042556b8f13e6624f,test,4,0.8696553111076355,50968.0,0.46238516921650646,1.8611030765922014,135.98710955893895,41.33202748542541,193.31345157746037,130.86283550463037,12.030744781039083,1.7407407407407407,0.041477864583333336
13d042556b8f13e6624f,test,5,0.8404630422592163,27645.0,0.40055298746130785,1.8653315194621227,148.46004702477845,49.307724501281356,208.79240368963647,145.06568999819135,7.716657623440043,2.725,0.02249755859375
13d042556b8f13e6624f,test,6,0.8140745759010315,15761.0,0.3192975533239791,1.8591645386495976,121.72400228411902,34.23339336249542,177.51640124357593,115.57654971131274,6.99175179239896,3.4,0.012826334635416667
13d042556b8f13e6624f,test,7,0.772345781326294,42570.0,0.5676257067633963,1.7378133941201586,122.54315245478035,42.19932211160939,184.79173126614987,113.48823114869627,5.892529950669486,1.0227272727272727,0.0346435546875
13d042556b8f13e6624f,test,8,0.6438019275665283,12666.0,0.6123471431121664,1.7426498193830877,122.63895468182535,47.38574309147176,184.62008526764566,113.4673930206853,7.321490604768672,0.910828025477707,0.0103076171875
13d042556b8f13e6624f,test,9,0.44198498129844666,18341.0,0.5810443212456681,1.7665508934721121,133.58344692219617,43.538483669585304,196.10195736328444,126.1786707376915,7.812878250913254,1.2307692307692308,0.014925944010416666
13d042556b8f13e6624f,test,10,0.40376636385917664,50853.0,0.4399978277342877,1.8759066790996364,100.83784634141546,61.6863234673524,154.93316028552888,91.64375749709949,6.408019192574676,0.753125,0.04138427734375
13d042556b8f13e6624f,test,11,0.32364702224731445,4186.0,0.435556836079995,1.725981015633152,151.41543239369327,36.964202421353114,215.1189679885332,146.39584328714764,9.985188724319158,1.0505050505050506,0.0034065755208333333
13d042556b8f13e6624f,test,12,0.32286277413368225,93188.0,0.29400230908401126,1.7604883768265571,110.3778705412714,54.57352192051259,168.2002081813109,101.18586084045155,6.10884448641456,0.7815442561205274,0.07583658854166667
13d042556b8f13e6624f,test,13,0.27326908707618713,2622.0,0.7421120215437437,1.7686192951392128,144.4706331045004,12.047598814870142,200.9591914569031,141.68039664378338,10.509534706331046,1.44,0.0021337890625
142d956143fa7aa21631,test,1,0.9335110783576965,45920.0,0.6885934553074148,1.8883639089462472,88.5093205574913,50.15030891784994,139.92728658536586,78.50017421602787,5.286912020905923,0.6623376623376623,0.037369791666666666
142d956143fa7aa21631,test,2,0.9141974449157715,20674.0,0.5457482263922641,1.7795977963963516,163.97895907903646,42.339140032801794,223.6197155847925,163.13857985875978,11.817258392183419,0.7822222222222223,0.016824544270833332
142d956143fa7aa21631,test,3,0.865903913974762,29859.0,0.5301701029881363,1.8242288771418826,123.86195117050136,42.970757299319445,183.99065608359288,115.49703606952677,9.22710070665461,0.8516949152542372,0.02429931640625
142d956143fa7aa21631,test,4,0.8101454377174377,8448.0,0.6097420599416077,1.7704296842894764,119.10890151515152,39.099874257792045,176.34801136363637,110.96863162878788,10.861742424242424,1.7362637362637363,0.006875
142d956143fa7aa21631,test,5,0.7428026795387268,50171.0,0.2576937626015342,1.777402053870075,124.04745769468418,37.863398707138224,175.35530485738772,119.84764106754898,11.050467401486914,0.3683206106870229,0.04082926432291667
142d956143fa7aa21631,test,6,0.69168621301651,5201.0,0.5582409492909597,1.7967649023923027,137.37454335704672,55.378657361161025,200.54124206883293,130.69851951547778,6.17958084983657,2.86,0.0042325846354166665
142d956143fa7aa21631,test,7,0.6916114687919617,5340.0,0.3294430340360193,1.8168907430399786,141.08520599250937,35.1025310164248,196.85468164794008,137.92022471910113,10.97247191011236,4.340909090909091,0.004345703125
142d956143fa7aa21631,test,8,0.6296921372413635,5774.0,0.7100667876321436,1.7834912593491457,140.7251472116384,60.272911265842666,192.63110495323866,138.88292344994804,14.037582265327329,1.0,0.0046988932291666665
142d956143fa7aa21631,test,9,0.6174829006195068,24319.0,0.5740242933413887,1.8163679890364435,148.43455734199597,28.41785192572233,206.22480365146592,145.53982482832353,11.74883835684033,1.240506329113924,0.019790852864583333
142d956143fa7aa21631,test,10,0.586177408695221,7780.0,0.6541564886026147,1.7935916608514755,107.35616966580977,48.76801763653547,169.58946015424164,95.00938303341903,7.776735218508997,1.4395604395604396,0.006331380208333333
142d956143fa7aa21631,test,11,0.39954230189323425,2946.0,0.6211814579688293,1.799031873295887,136.23896809232858,43.00150681165697,189.9684317718941,133.22199592668025,10.769857433808554,2.3095238095238093,0.0023974609375
142d956143fa7aa21631,test,12,0.3529161810874939,46518.0,0.22811502775230358,1.80771242713698,129.95633948149103,40.992382079719825,191.13334623156626,122.27056193301517,9.075024721613138,1.830708661417323,0.0378564453125
142d956143fa7aa21631,test,13,0.32073527574539185,4726.0,0.7269559507299864,1.7058687557247252,47.92065171392298,61.18491644256039,77.34088023698688,41.94308082945408,1.8406686415573423,0.711340206185567,0.0038460286458333335
142d956143fa7aa21631,test,14,0.313302606344223,17489.0,0.6025942312085512,1.8603161509033237,116.86208473897878,40.56072008415575,178.99090857110184,106.36983246612157,7.970495740179541,1.7244094488188977,0.014232584635416667
14844311e271c7be8221,test,1,0.8284909129142761,21343.0,0.5866390675967615,1.7731595017379302,128.44914023333178,50.40639813694116,196.26350559902545,118.51159630792297,1.755282762498243,0.9751243781094527,0.017368977864583333
14844311e271c7be8221,test,2,0.714844822883606,36877.0,0.5491188948554927,1.8105059481725612,113.09287631857255,45.392448845568424,181.14651408737154,100.26756514900887,0.625322016433007,0.9479553903345725,0.030010579427083333
14844311e271c7be8221,test,3,0.5496377944946289,26103.0,0.4430913054467834,1.8071396656422312,129.35130061678734,50.88902564233011,195.6605754127878,120.20790713711068,2.4682603532161056,0.9388646288209607,0.02124267578125
14844311e271c7be8221,test,4,0.510917603969574,16377.0,0.7905644346555699,1.7890453909714157,81.80869512120657,54.95819748528825,137.27978262196984,69.11119252610368,1.6738108322647616,0.9192546583850931,0.01332763671875
14844311e271c7be8221,test,5,0.48971036076545715,13661.0,0.6554063672459531,1.7175810796640913,107.74138057243248,38.82970813212257,174.02532757484812,94.75572798477417,0.7709538101163897,1.0714285714285714,0.011117350260416667
14844311e271c7be8221,test,6,0.4853726327419281,21406.0,0.8518818608807681,1.792942004225394,80.05353639166589,51.18675543486576,139.06278613472858,65.38727459590768,0.7522657198916192,0.7061855670103093,0.017420247395833335
14844311e271c7be8221,test,7,0.4795171618461609,6900.0,0.7813722099825036,1.7966715930339618,139.59695652173912,30.353101066619676,212.48608695652175,129.15927536231885,2.1279710144927537,0.9428571428571428,0.005615234375
14844311e271c7be8221,test,8,0.4606304168701172,3461.0,0.6250604075527453,1.8145254132023234,120.58335741115285,52.04366402225977,190.31233747471828,108.38370413175383,0.46056053163825483,0.4423076923076923,0.0028165690104166668
14844311e271c7be8221,test,9,0.45308637619018555,11821.0,0.5240843318419769,1.8602645220964116,100.1483800016919,47.786544371638506,163.17172828017934,87.38245495304966,0.5747398697233737,0.7730061349693251,0.009619954427083334
14844311e271c7be8221,test,10,0.44867733120918274,7762.0,0.8720051435486633,1.8288549463418455,119.66220046379799,33.15876227781987,189.41406853903632,107.05307910332388,1.6235506312805978,1.108695652173913,0.006316731770833334
14844311e271c7be8221,test,11,0.4388819634914398,10517.0,0.8339467632033466,1.8831180869808715,78.43206237520205,58.976701159834334,128.21393933631265,68.2380907102786,0.4634401445279072,1.0169491525423728,0.008558756510416666
14844311e271c7be8221,test,12,0.37398311495780945,17289.0,0.29520053811581054,1.7962002466587184,108.61941118630342,45.85041309424658,172.50806871421136,96.8884840071722,1.4414945919370699,3.6292134831460676,0.01406982421875
14844311e271c7be8221,test,13,0.3555111289024353,8859.0,0.37929182183593535,1.7706982886467006,94.21176204989277,50.12549184001994,152.90913195620274,82.40083530872559,1.069646686984987,3.0405405405405403,0.00720947265625
14844311e271c7be8221,test,14,0.3540356755256653,4702.0,0.6356140263897091,1.8610582335273465,123.91088898341131,40.542896141995264,194.44512973202893,111.85091450446619,0.974478945129732,0.5663716814159292,0.0038264973958333334
14844311e271c7be8221,test,15,0.33428505063056946,3702.0,0.8008814801011306,1.8609937370568252,92.3438681793625,49.55685648625707,154.6812533765532,78.3679092382496,0.8055105348460292,0.6375,0.0030126953125
14844311e271c7be8221,test,16,0.2964324355125427,15643.0,0.5350817667457499,1.7418382058488244,112.43418781563639,53.53543587524531,176.42779517995268,101.1772677875088,2.4916576104327812,1.1843971631205674,0.012730305989583333
14844311e271c7be8221,test,17,0.2939223647117615,2275.0,0.8291922083745092,1.8137044337865351,150.7912087912088,40.205864883948166,217.81450549450548,145.41494505494506,2.5586813186813187,1.0925925925925926,0.0018513997395833333
14844311e271c7be8221,test,18,0.2795356810092926,4045.0,0.885573489913611,1.7437902173238125,124.88331273176762,47.17262023440955,193.75896168108775,113.58590852904821,2.426946847960445,0.9452054794520548,0.003291829427083333
14844311e271c7be8221,test,19,0.27913740277290344,10949.0,0.5194518219394296,1.748053119408219,75.7942277833592,40.966369589189895,134.33153712667823,60.583340944378484,0.5923828660151612,1.9019607843137254,0.008910319010416667
14844311e271c7be8221,test,20,0.2705780565738678,5757.0,0.8579007514855072,1.8377553303603396,116.82056626715303,39.53774423953398,184.71391349661283,104.8019801980198,0.6230675699148862,1.0224719101123596,0.00468505859375
14844311e271c7be8221,test,21,0.265261173248291,30481.0,0.5181620835374435,1.7806093892484427,101.66205176995506,59.41638776834123,163.18831403169187,89.81644303008432,1.2464158000065615,0.6304347826086957,0.024805501302083335
14ac1676e25f4f04f201,test,1,0.8996933698654175,9227.0,0.7450631009639521,1.8669723782129755,157.1810989487374,32.635930746436664,217.81987644955024,153.8872873089845,15.020916874390377,0.8688524590163934,0.007508951822916667
14ac1676e25f4f04f201,test,2,0.7613685131072998,15953.0,0.6208690845516135,1.8338049106844014,92.07045696734157,42.3164587456561,141.13489625775716,83.76355544411709,6.229173196264026,0.4796380090497738,0.012982584635416667
14ac1676e25f4f04f201,test,3,0.758512556552887,64974.0,0.3571651735657938,1.8081182650400835,143.48910333364114,49.558736179605795,202.68273463231446,138.85404931203252,12.0959152891926,1.231012658227848,0.0528759765625
14ac1676e25f4f04f201,test,4,0.7118868827819824,10436.0,0.7109803250029928,1.877477164014191,126.9727865082407,63.610079896260295,182.50565350709084,121.53746646224607,9.412131084706784,1.2075471698113207,0.008492838541666667
14ac1676e25f4f04f201,test,5,0.5688959360122681,186058.0,0.26515560053799797,1.7541059369139917,123.0570144793559,51.6212856861903,180.7585484096357,115.63425920949382,9.984768190564232,0.8152492668621701,0.15141438802083335
14ac1676e25f4f04f201,test,6,0.5556195974349976,42357.0,0.7681507400989884,1.86529386674768,111.52277073447128,52.59171425009093,165.4806761574238,104.07908964279812,8.3155794791888,0.8143939393939394,0.03447021484375
14ac1676e25f4f04f201,test,7,0.5326071977615356,17632.0,0.4879890670866852,1.8044558593545463,134.64813974591652,28.448552860889738,186.6412772232305,131.7182395644283,13.25056715063521,1.2298136645962734,0.014348958333333333
14ac1676e25f4f04f201,test,8,0.49114319682121277,63402.0,0.535175461783424,1.7714657078472769,95.24827292514432,47.88744106115761,148.8486798523706,85.28264092615375,6.035061985426327,1.0058823529411764,0.0515966796875
14ac1676e25f4f04f201,test,9,0.36159566044807434,1790.0,0.48391994679243167,1.7871550583605735,133.43575418994413,23.43282460831248,186.38715083798883,130.67877094972067,8.762569832402235,0.26881720430107525,0.0014567057291666667
14ac1676e25f4f04f201,test,10,0.3479282259941101,4385.0,0.8243013700384277,1.7062449264943453,146.17559863169896,8.357829600659393,195.56328392246294,144.94412770809578,22.76419612314709,0.8235294117647058,0.0035685221354166668
14ac1676e25f4f04f201,test,11,0.26144278049468994,7968.0,0.6341404802980168,1.8270761164066611,141.10981425702812,29.67127232985345,199.6660391566265,136.46297690763052,11.354794176706827,1.2211538461538463,0.006484375
14ac1676e25f4f04f201,test,12,0.2580989897251129,112111.0,0.601152693064209,1.8530428767407994,142.39337799145488,41.682596095705286,200.42897663922363,137.93864116812802,13.111300407631722,0.9355608591885441,0.09123616536458333
14ac1676e25f4f04f201,test,13,0.2559617757797241,1498.0,0.3919417919072099,1.8125300159820361,135.42256341789053,41.255800396139264,187.70894526034712,132.38918558077435,13.791722296395193,4.3478260869565215,0.0012190755208333333
15660cb99ff49759beb4,test,1,0.8520476222038269,111556.0,0.3788555260506726,1.836904753142946,103.36280433145684,37.80927412656695,140.59441894653807,100.9563627236545,18.071479794901215,1.0043383947939262,0.09078450520833334
15660cb99ff49759beb4,test,2,0.8483186960220337,26241.0,0.5821215743058826,1.8206597595146563,115.2469418086201,47.880948824756864,159.33699173049808,111.00731679432948,21.398574749437902,0.8940092165898618,0.02135498046875
15660cb99ff49759beb4,test,3,0.8323875069618225,156896.0,0.21257085133517753,1.7482018620292807,102.4441413420355,45.49466980837298,145.12606439934734,97.87948704874566,13.975486946767285,0.8608,0.12768229166666667
15660cb99ff49759beb4,test,4,0.8157669901847839,53984.0,0.36616727874436517,1.7786977135755813,104.25976215174866,45.53321960713606,147.5747258446947,99.51417086544161,15.04080838767042,1.1690140845070423,0.043932291666666665
15660cb99ff49759beb4,test,5,0.7406816482543945,6725.0,0.7436975726695323,1.7967541915500507,163.84550185873607,33.89796734029785,210.7192565055762,165.8407434944238,30.557472118959108,0.9081632653061225,0.005472819010416667
15660cb99ff49759beb4,test,6,0.6940310001373291,10917.0,0.20801084395741454,1.8121918422494552,171.1054318952093,40.789928080809965,219.37684345516166,173.35037098103874,32.8465695703948,6.526315789473684,0.00888427734375
15660cb99ff49759beb4,test,7,0.6205470561981201,3968.0,0.7875589114662878,1.7513492688439787,177.59879032258064,24.615640487324246,221.15146169354838,181.18245967741936,44.78654233870968,0.7586206896551724,0.0032291666666666666
15660cb99ff49759beb4,test,8,0.33690008521080017,3903.0,0.8566402028562492,1.7334344247416749,111.42249551626954,43.16963395307811,153.8603638227005,107.81168332052268,18.59851396361773,0.9733333333333334,0.00317626953125
1587608d01a3068138cf,test,1,0.9124647974967957,41699.0,0.3683619876369465,1.7021748426647112,143.72167198254155,43.75041426971473,203.64332477997075,138.8318424902276,11.724525768004028,0.9798657718120806,0.03393473307291667
1587608d01a3068138cf,test,2,0.9022306799888611,48944.0,0.675299464852476,1.867290863879274,125.29127165740438,37.55048678139686,176.1233450474011,121.2682453416149,12.622670807453416,0.768025078369906,0.03983072916666667
1587608d01a3068138cf,test,3,0.869579553604126,63749.0,0.41029176982667176,1.7938672858128153,146.69050494909723,39.435081980356465,204.80722834867998,143.12844123045068,12.635539381009899,1.0590163934426229,0.05187906901041667
1587608d01a3068138cf,test,4,0.7969434261322021,43549.0,0.5131297615640925,1.7548773925672998,144.20788077797422,46.41583607912671,203.09651197501665,140.14507795816206,10.707731520815633,0.8603896103896104,0.03544026692708333
1587608d01a3068138cf,test,5,0.7675782442092896,28787.0,0.42573230844248255,1.8280506184693432,102.04644457567652,53.844066360672336,149.72372946121513,96.02640080591934,7.962344113662417,1.0,0.023426920572916666
1587608d01a3068138cf,test,6,0.7200133800506592,31013.0,0.38267921525868726,1.7989295163770092,151.0921549027827,44.99537360945461,209.39560829329636,148.0696482120401,13.729210331151453,1.0666666666666667,0.025238444010416666
1587608d01a3068138cf,test,7,0.7059926986694336,29788.0,0.4761359984732365,1.7863020556954674,129.64102994494428,47.332104004198435,184.58496710084597,124.37028333557137,12.63669934201692,0.6492537313432836,0.024241536458333334
1587608d01a3068138cf,test,8,0.6924037933349609,6555.0,0.568422340826815,1.7814929066946361,176.3491990846682,36.36158290573175,231.0146453089245,179.6099160945843,16.12982456140351,0.8571428571428571,0.00533447265625
1587608d01a3068138cf,test,9,0.6395507454872131,4267.0,0.8390719421679211,1.7554148175948994,181.38715725333958,22.02681971034455,237.21326458870402,184.86266697914226,16.962971642840404,1.3181818181818181,0.003472493489583333
1587608d01a3068138cf,test,10,0.5456439256668091,2697.0,0.38802607063687194,1.6991214400588468,148.46718576195772,15.381700721012443,198.90100111234705,148.9870226177234,13.39302929180571,0.3620689655172414,0.00219482421875
1587608d01a3068138cf,test,11,0.5376555919647217,2384.0,0.7628788010890752,1.8373890714148662,133.21476510067114,32.884700703838924,184.83557046979865,130.07927852348993,13.863674496644295,1.0862068965517242,0.0019401041666666666
1587608d01a3068138cf,test,12,0.4526345729827881,8968.0,0.7512809692781219,1.800853467959895,126.60537466547726,51.55434201643181,181.86362622658342,121.01014719000892,10.486730597680642,0.7246376811594203,0.007298177083333334
1587608d01a3068138cf,test,13,0.4412146806716919,7158.0,0.6222975762385371,1.797291124638949,139.6987985470802,43.12251565571886,197.3344509639564,134.96088292819223,12.871332774518022,0.9051724137931034,0.0058251953125
1587608d01a3068138cf,test,14,0.42999494075775146,52597.0,0.17992964016683174,1.7067166732635826,128.80974200049434,40.46290345072694,184.95860980664295,123.31921972736087,9.74380668098941,1.4797047970479704,0.04280354817708333
1587608d01a3068138cf,test,15,0.37621617317199707,57833.0,0.2326528105396404,1.7459650810028455,123.02413846765687,48.79306227382918,178.9809624262964,116.24048553593968,11.166133522383415,0.6972477064220184,0.04706461588541667
1587608d01a3068138cf,test,16,0.3664737045764923,24223.0,0.36448236194071554,1.8069780639397675,109.14923832720967,48.86368935316006,165.63059901746274,99.80039631754944,9.145935680964373,1.2041884816753927,0.019712727864583335
1587608d01a3068138cf,test,17,0.36091092228889465,4518.0,0.8416580966812163,1.8678172775833017,114.86498450641876,48.93706748290783,173.51128818061088,105.21270473660913,10.792164674634794,1.421875,0.0036767578125
1587608d01a3068138cf,test,18,0.33613404631614685,3903.0,0.773166016713988,1.7491903591460103,155.71970279272355,39.90727580622302,213.79528567768384,153.27184217268768,16.014347937483986,0.7701149425287356,0.00317626953125
1587608d01a3068138cf,test,19,0.3313295841217041,4541.0,0.8716448819576126,1.772334966729355,142.61682448799823,33.10214974416824,202.56881744109228,137.4093811935697,12.134331645012113,0.8902439024390244,0.0036954752604166667
1587608d01a3068138cf,test,20,0.3177522122859955,24856.0,0.36348722138732975,1.7692911579019572,130.8999034438365,41.583028416940934,189.0541116832958,124.77727711618925,9.873752816221435,0.7414448669201521,0.020227864583333335
1587608d01a3068138cf,test,21,0.2542968690395355,4549.0,0.6995259255865892,1.718783538635942,176.89821938887667,26.646525918007054,231.69224005275885,179.63992086172786,18.995603429325126,1.139240506329114,0.0037019856770833335
181bd9899e978bce6cd0,test,1,0.7734776735305786,8740.0,0.6877953098100891,1.7795623175241018,140.77940503432495,51.7738997232408,206.30114416475973,133.89324942791762,4.3808924485125855,1.7471264367816093,0.007112630208333333
181bd9899e978bce6cd0,test,2,0.7174720168113708,25839.0,0.6050920742776232,1.8264817981885726,140.3880955145323,55.74416474969392,205.19741476063317,134.13096482062,2.6252950965594644,1.1764705882352942,0.02102783203125
181bd9899e978bce6cd0,test,3,0.7074282169342041,6191.0,0.7193952196032171,1.7667520751363288,138.46890647714423,47.88897770712763,212.17735422387335,127.39961234049427,2.1175900500726863,1.8307692307692307,0.005038248697916667
181bd9899e978bce6cd0,test,4,0.7029886245727539,12878.0,0.6966688028395399,1.8574730119367036,143.07283739711136,45.098001754741375,216.60250038825905,133.00628979655227,2.0080757881658644,1.934065934065934,0.010480143229166667
181bd9899e978bce6cd0,test,5,0.6996828317642212,18299.0,0.4319693924004715,1.7682270124252655,141.68714137384558,48.453036008270736,211.16558281873327,133.2824198043609,2.7381824143395814,1.2955974842767295,0.014891764322916667
181bd9899e978bce6cd0,test,6,0.674750566482544,18687.0,0.8583679010662566,1.7726927987678647,118.46315620484829,48.63930957652539,185.98437416385724,106.81372076844866,1.3323700968587788,1.1342281879194631,0.01520751953125
181bd9899e978bce6cd0,test,7,0.5895355939865112,48213.0,0.5707828278168849,1.7728881452779914,139.46725986767055,47.24851313469612,209.75012963308652,130.35747619936532,2.0070727812000912,1.1203007518796992,0.03923583984375
181bd9899e978bce6cd0,test,8,0.4729902148246765,13342.0,0.5415881796972009,1.888061753991773,141.38562434417628,57.38093455698748,202.69472342977065,137.37228301603957,1.2600809473842003,1.6111111111111112,0.010857747395833334
181bd9899e978bce6cd0,test,9,0.47298097610473633,7993.0,0.6650823001209347,1.7858285070857374,168.94970599274365,32.35776366634345,236.78556236707118,166.56436882271987,3.293131490053797,0.8473282442748091,0.006504720052083334
181bd9899e978bce6cd0,test,10,0.32391640543937683,10087.0,0.8050851746615958,1.8798438871743566,114.97055616139586,47.194782574437525,185.10310300386635,101.4464161792406,0.6730445127391692,1.0642201834862386,0.008208821614583334
181bd9899e978bce6cd0,test,11,0.2882772386074066,3029.0,0.7070365680007352,1.817510735729623,106.48761967646088,59.27777270325075,164.56520303730605,97.46682073291515,0.6180257510729614,1.8125,0.0024650065104166665
181bd9899e978bce6cd0,test,12,0.28401318192481995,1165.0,0.5233333797663294,1.7675487370255687,133.05321888412018,63.044236124509474,194.79742489270387,127.24721030042919,0.7072961373390558,1.0212765957446808,0.0009480794270833333
19815b5e2091107d3927,test,1,0.8806321620941162,9552.0,0.6935083513024526,1.8032198104256478,104.86505443886097,69.92171161632967,142.64143634840872,100.65996649916248,27.38892378559464,0.6442953020134228,0.0077734375
19815b5e2091107d3927,test,2,0.7777435183525085,241448.0,0.20762093794879646,1.7958490556758986,116.8236680361817,56.27500109518566,163.11624863324607,112.34585914979623,18.46911550313111,0.8905013192612137,0.19649088541666668
19815b5e2091107d3927,test,3,0.7421592473983765,3176.0,0.8018791483758797,1.9156514803387656,150.62688916876576,31.00921525329198,189.8221032745592,151.59414357682618,42.8006926952141,0.984375,0.0025846354166666665
19815b5e2091107d3927,test,4,0.7350832223892212,4364.0,0.7972733058857897,1.7087990981615915,147.95348304307976,40.40689458988651,194.59372135655363,145.56393217231897,37.8070577451879,1.0684931506849316,0.0035514322916666667
19815b5e2091107d3927,test,5,0.7094280123710632,6661.0,0.6851735894242882,1.776659014933152,174.00075063804235,38.448645008563915,213.45203422909472,177.84867137066507,50.62047740579492,0.9797979797979798,0.005420735677083333
19815b5e2091107d3927,test,6,0.6762669682502747,5393.0,0.6210907024683444,1.8801818229448781,180.98479510476542,17.29637569338067,221.90246615983682,186.06137585759316,47.38994993510106,0.5258620689655172,0.004388834635416667
19815b5e2091107d3927,test,7,0.6688783168792725,103731.0,0.22205726873071205,1.8267990771260805,141.2620817306302,46.88769537868494,183.27472983004117,140.72393980584397,33.766945271905215,0.8551859099804305,0.08441650390625
19815b5e2091107d3927,test,8,0.601538360118866,29164.0,0.42753442974530503,1.7669831190275358,84.91640378548895,47.91652485898171,120.59402002468798,80.66726100672061,13.259292278151145,0.5014925373134328,0.023733723958333335
19815b5e2091107d3927,test,9,0.3569309413433075,23455.0,0.7947532892818198,1.801690061632177,76.35459390321893,55.473431791501476,112.63261564698358,70.56329140908122,11.14171818375613,1.271604938271605,0.019087727864583334
19815b5e2091107d3927,test,10,0.3360167145729065,35102.0,0.40942877390608323,1.8186881703893591,92.60475186599054,57.02910879889031,132.05059540766908,87.49689476383112,15.489345336448066,1.2358078602620088,0.028566080729166665
19815b5e2091107d3927,test,11,0.2639731466770172,7629.0,0.8621487735205782,1.8141555631823978,121.14759470441736,59.45415164124458,163.1551972735614,118.77808362826059,23.17197535718967,0.9901960784313726,0.00620849609375
19815b5e2091107d3927,test,12,0.25462606549263,20638.0,0.5892359438543716,1.7723365803191324,79.5172497335013,45.865818318259926,114.01424556643086,74.85861033045838,13.081790871208451,0.7874396135265701,0.016795247395833334
19c50b12e658a92bcb17,test,1,0.9405830502510071,18476.0,0.7911879766469944,1.7820498466292065,107.25303095908205,41.94513117186572,160.3342173630656,99.88125135310673,6.032691058670708,0.88268156424581,0.015035807291666667
19c50b12e658a92bcb17,test,2,0.8887569308280945,49379.0,0.39969174660466184,1.7727249978804314,120.62346341562203,28.304594055743237,173.97604244719415,115.23352032240426,8.405374754450273,0.939297124600639,0.040184733072916666
19c50b12e658a92bcb17,test,3,0.8380143046379089,16217.0,0.642561226312441,1.750362159415568,141.5049022630573,35.603991235731506,197.38928285132886,138.2970956403774,11.409755195165568,0.968944099378882,0.013197428385416666
19c50b12e658a92bcb17,test,4,0.8284804224967957,5454.0,0.8936468725680276,1.7658898435236186,163.85185185185185,25.916363944677865,225.6105610561056,162.25100843417675,10.033736707004033,0.9534883720930233,0.0044384765625
19c50b12e658a92bcb17,test,5,0.7928968667984009,81678.0,0.25782955736102686,1.760191863468071,153.52285805235192,39.70100994374509,214.8519552388648,150.32153088959083,9.156259947599109,2.3800738007380073,0.0664697265625
19c50b12e658a92bcb17,test,6,0.7183192372322083,15724.0,0.6407281040350201,1.7328293096890908,132.21591198168406,34.150546938457126,193.61053167133045,124.99974561180362,8.285868735690665,1.0955414012738853,0.012796223958333333
19c50b12e658a92bcb17,test,7,0.6965467929840088,7758.0,0.8780042622671229,1.8288973564792013,134.37922144882702,36.007425851980756,196.64539829853055,127.18613044599124,8.031580304202114,0.7264957264957265,0.0063134765625
19c50b12e658a92bcb17,test,8,0.6784404516220093,18050.0,0.7606990001227052,1.8063702480313382,105.03939058171746,54.046024806756535,158.06670360110803,97.31113573407202,5.774349030470914,1.0239520958083832,0.014689127604166666
19c50b12e658a92bcb17,test,9,0.6374605894088745,18817.0,0.6333090317547111,1.7853763241811142,143.84072912791623,37.33555904265816,204.2402083222618,139.38938194186107,8.390869958016687,0.8823529411764706,0.015313313802083334
19c50b12e658a92bcb17,test,10,0.6301516890525818,4649.0,0.6571305459851783,1.7824802283138268,195.4282641428264,11.8410851852117,247.38438373843837,203.58808345880834,17.0752850075285,0.7634408602150538,0.0037833658854166665
19c50b12e658a92bcb17,test,11,0.6126251816749573,35298.0,0.43177807656163086,1.813123739339055,122.6400929231118,31.5922229634658,179.67051957617994,116.29525752167261,5.721202334409882,0.6300940438871473,0.0287255859375
19c50b12e658a92bcb17,test,12,0.5324698686599731,13806.0,0.5067433841219485,1.8199135972944338,152.9085180356367,21.65572795492989,214.35303491235695,149.5190496885412,9.070042010719977,0.46798029556650245,0.0112353515625
19c50b12e658a92bcb17,test,13,0.39122000336647034,24640.0,0.49690203725313875,1.8210107243161266,108.73400974025974,32.26462261608443,161.69277597402598,101.67743506493507,6.154220779220779,0.7396694214876033,0.020052083333333335
19c50b12e658a92bcb17,test,14,0.31017786264419556,5110.0,0.7443997817448512,1.7633445725420127,150.22485322896281,32.629512062912944,212.61761252446183,145.52544031311155,10.728180039138943,0.9166666666666666,0.004158528645833334
19c50b12e658a92bcb17,test,15,0.2712494134902954,13190.0,0.3959737955968843,1.7021579861666314,127.95352539802882,26.93088972086921,181.81379833206975,123.42987111448066,9.915921152388172,0.9878787878787879,0.010734049479166667
1aaf59bb260dff211197,test,1,0.8778400421142578,7715.0,0.6063961841110559,1.8181540723671963,169.23720025923527,35.47436510845228,225.7245625405055,170.56837329876862,14.087362281270252,1.1428571428571428,0.006278483072916666
1aaf59bb260dff211197,test,2,0.8073824644088745,10497.0,0.6843427209971941,1.8288814023536433,141.95970277222062,36.96413061221636,202.3866819091169,136.89396970563018,9.579879965704487,0.6333333333333333,0.00854248046875
1aaf59bb260dff211197,test,3,0.7535580396652222,6439.0,0.8502356094232877,1.7977727531027288,155.5448050939587,36.34369170371691,213.90107159496816,153.86566236993323,11.049231247088057,1.1494252873563218,0.005240071614583334
1aaf59bb260dff211197,test,4,0.733750581741333,6861.0,0.3921453889734799,1.91285079425507,152.5128989943157,45.29665148585893,212.87275907302143,148.84594082495263,13.065150852645386,0.3020833333333333,0.00558349609375
1aaf59bb260dff211197,test,5,0.677313506603241,7182.0,0.7321580724013601,1.8212972662229543,92.10818713450293,56.997678039976584,142.80771372876637,83.25591757170704,4.790726817042606,0.9405940594059405,0.0058447265625
1aaf59bb260dff211197,test,6,0.5845444798469543,42995.0,0.8332289186601296,1.9015045909198347,67.51036166996163,53.9791361222219,112.23953948133504,57.063193394580765,4.12501453657402,1.0466101694915255,0.034989420572916666
1aaf59bb260dff211197,test,7,0.46532028913497925,81823.0,0.4614058619770865,1.8047492349763519,85.62027791696711,53.422178583409824,133.08805592559548,77.19245200004889,4.597717023330849,0.8398058252427184,0.06658772786458333
1aaf59bb260dff211197,test,8,0.450320303440094,70741.0,0.310291735415258,1.780545065740877,86.26302992606833,50.25084822614686,133.84707595312477,78.01761354801317,4.013839216296066,1.4496644295302012,0.057569173177083335
1aaf59bb260dff211197,test,9,0.3941575586795807,78116.0,0.23685737542824203,1.7880277190824734,134.92553382149623,43.65544804687355,193.55333094372472,129.5393645347944,8.858070049669722,0.9111111111111111,0.06357096354166666
1aaf59bb260dff211197,test,10,0.33647191524505615,37290.0,0.6397999691297651,1.850900553111651,103.57956556717619,44.65290543480271,153.9335746849021,97.11713596138375,4.813944757307589,1.2718446601941749,0.0303466796875
1e249dc94478a2a91b14,test,1,0.6146407127380371,5703.0,0.8152410534088702,1.8331477867506631,155.30299842188322,29.4195956920438,223.86410661055584,150.15044713308785,1.823250920568122,0.989010989010989,0.00464111328125
1e249dc94478a2a91b14,test,2,0.5531729459762573,37027.0,0.5098828744261047,1.8451383296689723,116.51581278526481,43.450738926431114,182.27037027034325,105.58362816323223,0.30010532854403543,1.3256880733944953,0.030132649739583333
1e249dc94478a2a91b14,test,3,0.49350419640541077,133883.0,0.18103215963311983,1.7841674422673608,131.29546693754995,52.028593885272954,197.8592950561311,122.65331670189643,1.1790443895042686,0.9258589511754068,0.10895426432291666
1e249dc94478a2a91b14,test,4,0.3890151083469391,17457.0,0.5675444843355624,1.8021455106595887,111.64048805636708,43.246443727303365,181.53955433350518,97.6681560405568,0.2357793435298161,1.1428571428571428,0.01420654296875
1e249dc94478a2a91b14,test,5,0.34986987709999084,53407.0,0.3215094301920075,1.739608633941554,126.48306401782538,44.48249194503396,191.80086879997003,117.50510232741027,1.3551407118916996,0.9117647058823529,0.043462727864583335
1e249dc94478a2a91b14,test,6,0.3461737334728241,35861.0,0.40505467783428606,1.8554039963139461,123.9793368840802,43.38296742949373,189.85770056607456,114.25886060065253,1.2146621678146174,1.0881057268722467,0.029183756510416665
1e249dc94478a2a91b14,test,7,0.327178955078125,72674.0,0.2985141012735528,1.7744689760700783,133.82703580372623,48.53125840764334,202.51107686380274,124.72581666070397,0.5104439001568649,0.8253164556962025,0.05914225260416667
1e249dc94478a2a91b14,test,8,0.3124151825904846,11910.0,0.7856896912243383,1.831066002138128,157.9215785054576,32.720310254241866,226.59596977329974,153.33442485306466,1.3807724601175482,1.386138613861386,0.0096923828125
1e249dc94478a2a91b14,test,9,0.26731055974960327,14571.0,0.4558973209252583,1.8281790261669606,132.12401345137602,39.72491618974024,204.35103973646284,120.90234026490975,0.42227712579781757,2.6153846153846154,0.01185791015625
1e249dc94478a2a91b14,test,10,0.26109278202056885,5731.0,0.8488310767423524,1.7672093180149842,132.48577909614377,37.09027217715711,205.34165067178503,120.91607049380562,0.9455592392252661,1.32,0.004663899739583333
1ec53cbab809dfb92daf,test,1,0.9301027655601501,43076.0,0.3991160080331763,1.8404435284283116,122.63571362243476,48.08356567676849,169.23693007707308,118.59564490667657,21.17938062958492,0.6686046511627907,0.03505533854166667
1ec53cbab809dfb92daf,test,2,0.916213870048523,51084.0,0.42409548900289806,1.775075870211113,106.15388379923263,42.221355835228636,143.19287839636678,103.58325503092945,22.206620468248374,0.7735849056603774,0.041572265625
1ec53cbab809dfb92daf,test,3,0.8967208862304688,11529.0,0.7206416527276721,1.8267108459246983,138.99835198195854,43.31842751770045,179.98091768583572,138.06991066007458,36.20270621909966,0.8832116788321168,0.00938232421875
1ec53cbab809dfb92daf,test,4,0.8867760300636292,20856.0,0.7104520197696771,1.7832018646378658,130.7041618718834,42.109521134465865,177.57532604526276,127.64859033371691,23.401419255849635,0.8711340206185567,0.01697265625
1ec53cbab809dfb92daf,test,5,0.8059602975845337,57789.0,0.268369283849402,1.8016625842731901,111.17113983630102,43.484182989821164,153.08716191662774,108.00091712955752,17.505892124798837,0.9648648648648649,0.04702880859375
1ec53cbab809dfb92daf,test,6,0.7768228650093079,24835.0,0.5312142890588477,1.817033620110253,144.68459834910408,51.64333181459892,187.8942218643044,144.8854036641836,30.274008455808335,1.5225806451612902,0.020210774739583333
1ec53cbab809dfb92daf,test,7,0.6022000312805176,51178.0,0.3296964606831056,1.7627904539318648,108.62231818359452,46.56374259980347,149.72761733557388,105.3340693266638,17.68978858103091,0.6823821339950372,0.04164876302083333
1ec53cbab809dfb92daf,test,8,0.5934520363807678,36436.0,0.30313094239589417,1.7719743268989696,166.87073224283677,34.79055991653102,213.0073004720606,169.49903941157098,32.22296629706883,2.6289308176100628,0.029651692708333333
1ec53cbab809dfb92daf,test,9,0.562581479549408,1740.0,0.4839061334346399,1.8526533624996282,137.85344827586206,16.373752989463604,177.0712643678161,140.1316091954023,23.122988505747127,0.3333333333333333,0.001416015625
1ec53cbab809dfb92daf,test,10,0.43460938334465027,4916.0,0.7379220829830259,1.7734875544978925,126.04170056956876,32.92598540556423,164.87876322213182,126.15500406834825,23.52481692432872,0.6767676767676768,0.004000651041666667
218eca5de0ab684b96a6,test,1,0.9053801894187927,14415.0,0.5681357137567139,1.839719885216506,160.76912937911897,40.340006267032976,214.59930627818244,161.05528962885882,18.055289628858826,0.5048543689320388,0.01173095703125
218eca5de0ab684b96a6,test,2,0.8028092980384827,4632.0,0.7369749357407548,1.7658498936597558,153.9114853195164,26.57999343795445,207.9933074265976,151.81325561312607,22.785405872193436,1.434782608695652,0.00376953125
218eca5de0ab684b96a6,test,3,0.7751144766807556,11432.0,0.8085882267140568,1.873828326629984,71.5767144856543,65.71396571913003,101.75463610916725,68.22874387683694,9.65386634009797,0.6423841059602649,0.009303385416666667
218eca5de0ab684b96a6,test,4,0.7289885878562927,10462.0,0.2531303592497126,1.6916316490435794,158.31437583636017,51.26124703990193,210.5968266105907,158.5555343146626,19.915599311795066,3.712328767123288,0.008513997395833334
218eca5de0ab684b96a6,test,5,0.6711793541908264,2516.0,0.3926011724519331,1.7647712167895155,135.39348171701113,28.973580786383977,180.72535771065182,135.07193958664547,18.043720190779013,3.1621621621621623,0.0020475260416666667
218eca5de0ab684b96a6,test,6,0.5496354103088379,8483.0,0.7879912686309748,1.8527424429119197,150.01815395496877,35.7447649875008,205.54438288341387,147.88577154308618,15.317812094777791,0.8205128205128205,0.006903483072916667
218eca5de0ab684b96a6,test,7,0.4784519374370575,32337.0,0.6208728077374258,1.8289128807016215,104.3269938460587,43.973891547155866,156.06342579707456,97.00191730834648,6.382812258403686,1.6867469879518073,0.02631591796875
218eca5de0ab684b96a6,test,8,0.46460407972335815,7508.0,0.37025920777937843,1.7665283447250075,138.55500799147575,42.2170676942583,195.1555673947789,133.98135322322855,13.672216302610549,0.543859649122807,0.006110026041666667
218eca5de0ab684b96a6,test,9,0.455324649810791,103451.0,0.36078497590011044,1.8310617056187903,101.1444935283371,47.73918802491871,152.337464113445,93.50022716068477,6.3029840214207695,0.9485458612975392,0.08418863932291666
218eca5de0ab684b96a6,test,10,0.40149781107902527,28074.0,0.4715543971776538,1.8186645430076205,138.0876968013108,50.2578717780595,192.43079005485504,134.34188216855455,14.830483721592932,1.3112244897959184,0.0228466796875
218eca5de0ab684b96a6,test,11,0.2797010838985443,18476.0,0.5639611209787128,1.7775794159579594,129.21969040917946,54.01675250946325,183.36701667027495,124.10900627841524,13.527386880277117,0.9222222222222223,0.015035807291666667
22038ad5cda38be9e724,test,1,0.9335771203041077,29171.0,0.5710421953445569,1.8065036938962284,162.86993932330054,24.355312777530294,224.50995852044838,159.82321483665285,16.81920400397655,0.6329588014981273,0.023739420572916666
22038ad5cda38be9e724,test,2,0.9179877638816833,17266.0,0.6700548173418768,1.8007884820416555,178.44903278118846,21.109267187067246,236.4642650295378,180.05311015869339,17.928587976369744,0.7287234042553191,0.014051106770833334
22038ad5cda38be9e724,test,3,0.87401282787323,11220.0,0.6990554009394973,1.732244452886971,132.15080213903744,21.712312078438597,182.5465240641711,128.951871657754,16.30445632798574,1.023076923076923,0.009130859375
22038ad5cda38be9e724,test,4,0.8620849251747131,6949.0,0.836382486963384,1.8088990068885213,106.65376313138582,72.17487572464275,151.69650309397036,101.88933659519356,13.041157001007338,1.0729166666666667,0.0056551106770833335
22038ad5cda38be9e724,test,5,0.8446779251098633,6666.0,0.7989232159542418,1.7963500653888025,134.82988298829883,20.09367160725425,185.33513351335134,131.92664266426644,17.23147314731473,1.3176470588235294,0.0054248046875
22038ad5cda38be9e724,test,6,0.8360834121704102,9650.0,0.8112147546725715,1.836230417683931,137.6318134715026,29.83188618741507,198.91720207253886,130.98673575129533,11.058963730569948,1.4042553191489362,0.007853190104166666
22038ad5cda38be9e724,test,7,0.8204069137573242,26628.0,0.6324373420346884,1.7949716311148878,124.54247408742677,27.113392601302735,177.8277752741475,119.51224275199039,10.574733363376897,1.7876712328767124,0.021669921875
22038ad5cda38be9e724,test,8,0.815702497959137,9114.0,0.8424238235043634,1.8534072541346425,118.0035110818521,31.636010514150062,168.36910247970155,112.58053543998244,13.743910467412771,1.0535714285714286,0.0074169921875
22038ad5cda38be9e724,test,9,0.7773259878158569,3778.0,0.6570178308965365,1.8057529170929825,133.09767072525145,22.477145380424126,183.89015352038115,130.61196400211753,12.570937003705664,0.46078431372549017,0.0030745442708333334
22038ad5cda38be9e724,test,10,0.7063474059104919,6621.0,0.4071268384053748,1.7867088288933064,130.7757136384232,43.15092590778146,186.8498716206011,125.21356290590545,12.26551880380607,0.3672316384180791,0.00538818359375
22038ad5cda38be9e724,test,11,0.6783292293548584,3766.0,0.8053638321082004,1.6800172676332281,163.51460435475306,14.668587909501023,218.24933616569305,162.34041423260754,25.8271375464684,0.958904109589041,0.003064778645833333
22038ad5cda38be9e724,test,12,0.6377161145210266,5279.0,0.4768653717014966,1.6968693357522981,147.26899033907938,9.423443877375254,198.71206667929533,145.95377912483426,18.941087327145294,2.298507462686567,0.004296061197916667
23ba188c8fa6ba25eee6,test,1,0.6792012453079224,9060.0,0.7965311814049453,1.8695153985133366,138.90905077262693,45.23921585279023,204.64790286975716,131.7967991169978,3.08719646799117,0.7459016393442623,0.007373046875
23ba188c8fa6ba25eee6,test,2,0.5345914959907532,6458.0,0.8897612394587653,1.811118752833665,128.66522143078353,45.381143205923976,188.05001548467018,121.7949829668628,8.253329204087953,0.9157894736842105,0.005255533854166667
23ba188c8fa6ba25eee6,test,3,0.5093237161636353,11136.0,0.7841917839450134,1.9005451741684714,155.15580100574712,33.9090291782436,219.112966954023,151.85290948275863,4.400772270114943,1.0695652173913044,0.0090625
23ba188c8fa6ba25eee6,test,4,0.4939587414264679,31634.0,0.5312788080988765,1.8446223099534838,139.73376746538534,43.201169915301506,206.94825188088765,132.07729025731808,2.8537965480179555,0.8278688524590164,0.025743815104166668
23ba188c8fa6ba25eee6,test,5,0.47032439708709717,7084.0,0.8831918382983376,1.8127710783037212,80.63452851496329,57.80590783445402,126.54037267080746,72.10714285714286,4.328204404291361,0.8865979381443299,0.005764973958333333
23ba188c8fa6ba25eee6,test,6,0.46758198738098145,9587.0,0.8550487466276046,1.8611831934633773,98.89976009179097,50.595828902294244,158.24522791279858,87.12631688745176,3.9129028893293003,1.1320754716981132,0.007801920572916667
23ba188c8fa6ba25eee6,test,7,0.41285306215286255,11947.0,0.7247983485700199,1.8361116960071684,150.50966769900393,36.3702140428417,216.52465053988448,145.0251946095254,5.5789738009542145,0.6772151898734177,0.009722493489583333
23ba188c8fa6ba25eee6,test,8,0.4103473126888275,20547.0,0.5171433404168263,1.7638548247424184,129.37801138852387,57.3313974322092,187.82240716406287,123.67664379228111,5.4870297367012215,0.9563106796116505,0.01672119140625
23ba188c8fa6ba25eee6,test,9,0.40511611104011536,4315.0,0.23374712254780586,1.8226958190704425,185.59907300115876,25.075341381020923,246.08876013904984,190.13557358053302,3.512398609501738,7.928571428571429,0.0035115559895833332
23ba188c8fa6ba25eee6,test,10,0.38413333892822266,19665.0,0.7017251202065876,1.8305336817173243,138.12168827866768,35.156058171177584,209.24912280701756,128.28100686498857,2.2138316806509026,1.1806451612903226,0.01600341796875
23ba188c8fa6ba25eee6,test,11,0.37470120191574097,12109.0,0.7705832231421348,1.8388662843949113,119.20612767363119,45.90953585381664,182.44330663143117,109.290032207449,4.376744570154431,1.3245614035087718,0.009854329427083334
23ba188c8fa6ba25eee6,test,12,0.3734973967075348,28298.0,0.44310533537023894,1.8251452527618475,130.22107569439535,44.55892035522633,198.6589158244399,119.87606898013993,3.937698777298749,0.9218106995884774,0.023028971354166667
23ba188c8fa6ba25eee6,test,13,0.3615725636482239,10939.0,0.6317751244106593,1.6666415824223022,128.57336136758389,38.093610044206436,195.83508547399214,118.457537252034,4.226711765243624,1.2403100775193798,0.008902180989583333
23ba188c8fa6ba25eee6,test,14,0.3390941619873047,45845.0,0.2980637083967936,1.8345871421054614,120.44816228596358,51.426450949823824,185.84659177663866,109.93870651106991,3.0116915694186934,1.4958677685950412,0.037308756510416666
23ba188c8fa6ba25eee6,test,15,0.3137180209159851,7112.0,0.6157472693499716,1.8146842842888637,161.14440382452193,33.93112088015046,227.44853768278966,157.6140326209224,5.355877390326209,0.75,0.005787760416666667
23ba188c8fa6ba25eee6,test,16,0.3118343651294708,8109.0,0.7484743455883013,1.838269983389031,118.64150943396227,49.470800250607496,180.87113084227403,109.58515229991367,2.108768035516093,1.3295454545454546,0.00659912109375
23ba188c8fa6ba25eee6,test,17,0.2834870517253876,11287.0,0.6313209805170434,1.8335670651126448,142.6231948259059,32.82897366879198,215.82209621688668,132.38566492424914,3.3327722158235136,0.6163522012578616,0.009185384114583334
23ba188c8fa6ba25eee6,test,18,0.27651000022888184,69813.0,0.2653396403371463,1.7847518379982166,131.0239067222437,48.4751632209289,195.9784567344191,122.43908727600876,4.8333977912423185,1.3633720930232558,0.05681396484375
23ba188c8fa6ba25eee6,test,19,0.2551218569278717,8919.0,0.6886653989503676,1.7639386211959132,137.7063572149344,43.09733655526066,206.86691333109093,128.46888664648503,3.8739769032402736,0.7769230769230769,0.00725830078125
23ba188c8fa6ba25eee6,test,20,0.2541050314903259,4352.0,0.8922058324355003,1.7650794055044725,109.33478860294117,52.87072193835183,171.4676011029412,98.26332720588235,3.4604779411764706,0.9466666666666667,0.0035416666666666665
24ab1509638a99b46343,test,1,0.9005154967308044,12362.0,0.7256785857565209,1.834787885612774,132.26775602653294,38.880424472727086,193.73766380844523,125.1647791619479,7.5436013590033975,0.8125,0.010060221354166666
24ab1509638a99b46343,test,2,0.8487842679023743,84023.0,0.3021642659347878,1.8660309500941903,116.80736226985468,38.347042563871575,172.15635004701093,110.04521381050426,6.429061090415719,2.526315789473684,0.06837809244791666
24ab1509638a99b46343,test,3,0.8458675146102905,76677.0,0.35173792709718793,1.7821141484008445,129.83532219570407,39.41657967044232,187.59157244023632,123.80433506788215,9.389308397563807,1.5483870967741935,0.06239990234375
24ab1509638a99b46343,test,4,0.8049589991569519,22705.0,0.46618601777168306,1.7781846329034416,132.02501651618587,39.96689986489247,192.2921382955296,125.41968729354768,7.900550539528738,0.9658536585365853,0.018477376302083334
24ab1509638a99b46343,test,5,0.8036070466041565,3766.0,0.6045767363723479,1.6849491176855191,116.32634094530005,35.20230556805928,168.5358470525757,111.07727031332979,6.388741370154009,0.9506172839506173,0.003064778645833333
24ab1509638a99b46343,test,6,0.7573792338371277,5413.0,0.8275846065650971,1.7620473932818062,123.43414003325329,33.63144419432973,171.6597081101053,120.31886199889156,12.899501200812859,0.9655172413793104,0.004405110677083333
24ab1509638a99b46343,test,7,0.669918417930603,154696.0,0.22429575210689465,1.7695689020717151,109.94445234524487,53.499121554752,167.11867792315252,101.05439054662047,5.848296012825154,0.9536878216123499,0.12589192708333333
24ab1509638a99b46343,test,8,0.6389816999435425,5142.0,0.6237268158513745,1.7795751327176768,191.79132633216648,26.37959699322884,240.09159859976663,199.87631271878647,23.39070400622326,1.8181818181818181,0.0041845703125
24ab1509638a99b46343,test,9,0.3554123640060425,843.0,0.7665584231941741,1.794441768994391,159.58007117437722,17.60201060160837,218.01186239620404,158.98576512455517,9.2502965599051,0.5609756097560976,0.00068603515625
24ab1509638a99b46343,test,10,0.2726558744907379,23344.0,0.7440208685061263,1.803914485263438,98.70052261823166,50.3297860211344,154.82817854694997,88.3173406442769,5.037611377655929,1.1975308641975309,0.018997395833333333
24dc17b61fdb786a16d7,test,1,0.9162485003471375,52699.0,0.5545640946488021,1.7660275973567037,122.97371866638835,54.31384211969019,169.06064631207423,119.55790432456024,19.66921573464392,1.080536912751678,0.04288655598958333
24dc17b61fdb786a16d7,test,2,0.8444327712059021,15996.0,0.6478994528433059,1.838502420718812,107.93698424606151,50.966658759269016,151.3028257064266,103.75525131282821,15.716304076019005,1.73109243697479,0.013017578125
24dc17b61fdb786a16d7,test,3,0.7799631953239441,3158.0,0.7206267366965923,1.8418260460324953,126.46548448385055,22.79859040486098,162.51868271057631,127.02279924002534,28.922102596580114,0.5625,0.002569986979166667
24dc17b61fdb786a16d7,test,4,0.7379180192947388,15702.0,0.5254136529475868,1.7929930244413441,90.71417653802064,40.67564899122549,129.4281620175774,86.4449751623997,11.184753534581581,1.2627737226277371,0.0127783203125
24dc17b61fdb786a16d7,test,5,0.6268717050552368,21918.0,0.42656116836532065,1.83259612867804,111.51610548407702,40.93629964308101,151.8588831097728,109.27456884752259,17.225248654074278,0.7682926829268293,0.0178369140625
24dc17b61fdb786a16d7,test,6,0.5991846323013306,242771.0,0.21029226516531757,1.8205312841556347,97.09747045569694,44.85732662490411,139.32497291686403,91.87088655564297,13.250017506209556,1.321917808219178,0.19756754557291667
24dc17b61fdb786a16d7,test,7,0.4330488443374634,61661.0,0.6376118054618976,1.8983374674361593,94.5901136861225,40.94244757125592,134.68307357973436,90.13366633690663,12.386030067627836,1.7230046948356808,0.050179850260416665
24dc17b61fdb786a16d7,test,8,0.3311275541782379,15157.0,0.5152939323271061,1.8341236881741128,102.16137758131556,40.339390543256094,141.44870356930792,99.21976644454708,14.26806096193178,0.6188118811881188,0.012334798177083333
24dc17b61fdb786a16d7,test,9,0.3300517499446869,1248.0,0.5430345624311842,1.808176635700187,197.54246794871796,13.913012413638162,231.9198717948718,207.92307692307693,53.875801282051285,0.423728813559322,0.001015625
253c6665c084ed1f7dd2,test,1,0.903330385684967,12384.0,0.7221038450329956,1.8454963914360163,128.1172480620155,43.4062089912278,185.2545219638243,122.2265826873385,8.580991602067183,1.176,0.010078125
253c6665c084ed1f7dd2,test,2,0.7844405770301819,4657.0,0.8679458575989683,1.7826126495378023,182.30684990337127,24.822905114308313,237.50182520936224,185.6733948894138,20.08374490015031,0.9285714285714286,0.0037898763020833334
253c6665c084ed1f7dd2,test,3,0.6484039425849915,29058.0,0.5079549530773002,1.8333340909113522,152.80494184045702,44.066194057133785,212.454986578567,150.0639754972813,10.455365131805355,0.9016393442622951,0.0236474609375
253c6665c084ed1f7dd2,test,4,0.6313579678535461,201317.0,0.30027458354878744,1.7905496305389401,121.30198145213767,43.38108703086643,179.32226786610173,114.03183536412722,6.583567209922659,1.6025179856115108,0.16383219401041665
253c6665c084ed1f7dd2,test,5,0.6215610504150391,20410.0,0.5225936560716327,1.8038497271976968,169.38045075943165,33.896168805182505,226.99578637922588,170.38652621264086,13.023517883390495,0.9788359788359788,0.016609700520833333
253c6665c084ed1f7dd2,test,6,0.6147518157958984,22402.0,0.6754386797733798,1.812271688489652,95.82947951075796,46.30410371724675,144.32720292830996,88.45335237925185,6.660298187661816,1.0457142857142858,0.018230794270833333
253c6665c084ed1f7dd2,test,7,0.5136134624481201,17557.0,0.5307592792426454,1.7800465664161529,128.09665660420345,33.37337296061455,178.64863017599816,125.06231132881472,11.053369026599077,1.5298507462686568,0.014287923177083333
253c6665c084ed1f7dd2,test,8,0.5088357329368591,61456.0,0.2841973204055808,1.850885335417159,111.96483663108566,39.40054077606505,164.65899179901066,105.30599127831294,8.065347565738088,2.055045871559633,0.05001302083333333
253c6665c084ed1f7dd2,test,9,0.500304102897644,4025.0,0.7231516269674046,1.8226858710583684,121.36745341614906,45.92189841877702,176.9304347826087,115.2551552795031,7.124968944099379,0.48,0.0032755533854166665
253c6665c084ed1f7dd2,test,10,0.4803429841995239,27502.0,0.5392241741533452,1.8370023892055067,116.23580103265218,33.63111639610131,167.6670423969166,111.06679514217147,7.952403461566432,1.1111111111111112,0.022381184895833333
253c6665c084ed1f7dd2,test,11,0.41104090213775635,14594.0,0.5262039990266713,1.8431496523365436,151.37433191722627,33.86004134582252,211.59168151295052,147.993010826367,10.790872961491024,1.728,0.011876627604166667
253c6665c084ed1f7dd2,test,12,0.40510162711143494,12526.0,0.48039478571654287,1.6937245275428372,143.1629410825483,31.92520602780525,201.87474053967748,139.01844164138592,10.407632125179626,1.4076923076923078,0.010193684895833333
253c6665c084ed1f7dd2,test,13,0.3743482530117035,1075.0,0.4096342921354389,1.7699937631064362,154.84837209302324,14.889243335957698,208.98418604651164,154.50976744186048,14.345116279069767,4.315789473684211,0.0008748372395833334
253c6665c084ed1f7dd2,test,14,0.3657362759113312,13615.0,0.417869910251413,1.8249474790335274,160.12882849798018,23.96525216657661,213.4773411678296,159.87954461990452,21.367682702901213,1.9537037037037037,0.011079915364583333
253c6665c084ed1f7dd2,test,15,0.33727216720581055,50250.0,0.2997795262021557,1.7772915737457111,160.40133333333333,41.05500479987482,219.02825870646765,159.41426865671642,11.674587064676617,1.3822393822393821,0.0408935546875
253c6665c084ed1f7dd2,test,16,0.31361231207847595,12517.0,0.5204097809233998,1.805484130436552,163.58057042422305,31.27359187097314,222.27011264680036,162.68011504354078,14.24966046177199,0.5128205128205128,0.010186360677083334
253c6665c084ed1f7dd2,test,17,0.3091121017932892,20330.0,0.3120977876720844,1.7104202623408178,153.0478111165765,34.11081845170083,212.26168224299064,150.3936546974914,11.330250860796852,1.8647058823529412,0.016544596354166666
253c6665c084ed1f7dd2,test,18,0.3067833483219147,5101.0,0.5935246080185616,1.7318527707407898,151.27543618898255,31.1419337496881,210.4881395804744,148.688100372476,9.24995099000196,1.3529411764705883,0.0041512044270833335
253c6665c084ed1f7dd2,test,19,0.2960076630115509,50740.0,0.3082610304407401,1.853615962065848,107.82175798186834,41.1744770900841,157.91990540007885,101.7894560504533,7.501911706740245,0.5737265415549598,0.04129231770833333
27466975f48f207cde80,test,1,0.9033463597297668,22457.0,0.61854526737069,1.792229125463449,143.1106113906577,48.78501148105475,184.78621365275862,143.484436923899,31.851761143518726,0.7870370370370371,0.018275553385416667
27466975f48f207cde80,test,2,0.9023899435997009,30120.0,0.4354760018710153,1.8026681472763013,111.57739043824701,44.93994576315708,154.675,108.31301460823373,15.331507304116865,1.2972972972972974,0.02451171875
27466975f48f207cde80,test,3,0.889912486076355,8730.0,0.6722573093692586,1.8150924774212815,105.02119129438717,53.403522413235585,147.33585337915235,100.5057273768614,17.348797250859107,0.46153846153846156,0.0071044921875
27466975f48f207cde80,test,4,0.8390392065048218,6377.0,0.8771912513517685,1.8071776902905716,121.3572212639172,43.71964055611724,159.80084679316292,121.09800846793163,21.8547906539125,1.0795454545454546,0.005189615885416667
27466975f48f207cde80,test,5,0.8298802375793457,6554.0,0.6627873942200843,1.7001216462733,162.99023497101007,53.694148157780724,199.31156545620996,167.30561489166922,45.466432712847116,1.9402985074626866,0.005333658854166667
27466975f48f207cde80,test,6,0.8128905892372131,46981.0,0.44896614265148244,1.8486813471679258,93.01040846299568,43.06572769551967,128.63485238713523,90.24222558055384,13.866541793490986,0.45714285714285713,0.03823323567708333
27466975f48f207cde80,test,7,0.7487266659736633,156909.0,0.21935606831815094,1.757078197857278,117.4217476371655,53.98113205559726,163.20140336118388,113.65923560790011,16.74137876093787,0.9563812600969306,0.12769287109375
27466975f48f207cde80,test,8,0.6733098030090332,56351.0,0.46736345927170686,1.8688892530659338,133.87128888573406,51.121484838610456,181.24221398023104,131.66809817039626,20.961047718762757,0.7725856697819314,0.04585856119791667
27466975f48f207cde80,test,9,0.5516444444656372,2282.0,0.5449418414729132,1.8313541528673962,159.9732690622261,41.05212142767876,209.17134092900963,159.29535495179667,34.40446976336547,0.32989690721649484,0.0018570963541666666
27466975f48f207cde80,test,10,0.33004847168922424,25253.0,0.6235394460965012,1.8163969864992464,122.25589038926068,53.68407050200701,170.3611056112145,117.99647566625748,18.055478557003127,0.7458333333333333,0.020550944010416666
277a92df13a8cef0a864,test,1,0.9234944581985474,13458.0,0.6450988087801869,1.7073886422022262,108.95712587308664,40.848059883636495,144.50052013672166,107.05052756724625,25.505201367216525,0.847953216374269,0.0109521484375
277a92df13a8cef0a864,test,2,0.7524906992912292,21471.0,0.5143122905780115,1.780856415568057,126.05705370033999,36.461816642881686,168.06660146243772,124.60877462624005,23.25397047179917,1.6142857142857143,0.01747314453125
277a92df13a8cef0a864,test,3,0.6382628083229065,9775.0,0.8265468385381618,1.8562384234667497,143.71519181585677,42.53399073299147,193.90322250639386,141.04552429667518,25.815652173913044,1.0172413793103448,0.007954915364583334
277a92df13a8cef0a864,test,4,0.6149843335151672,3143.0,0.6445648460948873,1.8289430226949466,134.27203308940503,20.367701747759888,175.03658924594336,133.84632516703786,29.451797645561566,0.4842105263157895,0.0025577799479166666
277a92df13a8cef0a864,test,5,0.5628665089607239,1903.0,0.6146011177446005,1.6887288838631238,192.6878612716763,14.837437375414643,237.4030478192328,198.2285864424593,46.78717813977929,1.894736842105263,0.0015486653645833334
277a92df13a8cef0a864,test,6,0.5190563797950745,1479.0,0.7134890151842362,1.7931528581637077,181.82420554428668,17.1344027490586,228.4685598377282,184.78093306288034,44.069641649763355,0.5833333333333334,0.00120361328125
277a92df13a8cef0a864,test,7,0.45627984404563904,6271.0,0.7660441269780915,1.7809176457261209,136.64598947536277,42.39325069835539,185.89953755381916,132.4538351140169,28.985648221974166,0.7636363636363637,0.005103352864583333
277a92df13a8cef0a864,test,8,0.4398545026779175,24250.0,0.32700159350092084,1.7653593025624497,126.9979793814433,34.80228508968186,168.85901030927835,125.67975257731959,23.915752577319587,0.7762237762237763,0.019734700520833332
277a92df13a8cef0a864,test,9,0.41927987337112427,5380.0,0.7955177788626363,1.7499330118028038,137.55260223048327,40.75030985712188,187.6825278810409,133.36022304832713,27.53085501858736,1.3513513513513513,0.004378255208333333
277a92df13a8cef0a864,test,10,0.3850225508213043,8886.0,0.6014633241694679,1.7757479620663779,135.63718208417737,50.07187977012285,187.4620751744317,131.35854152599595,21.80564933603421,1.930232558139535,0.0072314453125
277a92df13a8cef0a864,test,11,0.35413703322410583,42967.0,0.5791930496669356,1.833495080151803,123.01894477156888,34.87871874135254,165.55928968743456,120.90755696231992,22.26427258128331,0.8135593220338984,0.03496663411458333
277a92df13a8cef0a864,test,12,0.35039976239204407,6714.0,0.36618099929289666,1.804171210161321,110.3541852844802,39.899788358095066,151.30190646410486,108.54542746499851,12.256478999106346,0.22660098522167488,0.0054638671875
277a92df13a8cef0a864,test,13,0.32275712490081787,24202.0,0.3882404074225139,1.7907122822041608,128.75609453764153,34.732995996753445,174.78381951904802,125.80745392942733,23.14424427733245,1.087557603686636,0.019695638020833333
277a92df13a8cef0a864,test,14,0.27101272344589233,7449.0,0.5462805079743717,1.8084399661935144,174.51805611491474,24.248716347945024,221.87958115183247,176.64626124311988,39.21251174654316,1.0660377358490567,0.00606201171875
277a92df13a8cef0a864,test,15,0.26417869329452515,25681.0,0.24215392953257484,1.7100259420532258,113.44250613293875,32.79185516807038,153.63007671040847,111.62700050621082,17.34948016042989,0.36155606407322655,0.020899251302083335
277a92df13a8cef0a864,test,16,0.25567981600761414,41975.0,0.25948172767149846,1.7829285623036517,133.28121500893388,48.77466475833431,179.94830256104825,130.7982846932698,23.684502680166766,2.4886363636363638,0.034159342447916664
297cf41acfa6c11772f5,test,1,0.8542412519454956,8638.0,0.5321967079151952,1.804888924686392,129.3821486455198,43.10544200301928,170.51053484602917,128.58045843945357,25.560777957860616,2.25,0.007029622395833333
297cf41acfa6c11772f5,test,2,0.8491193652153015,15465.0,0.7684113719938189,1.791013019972,124.79851277077272,47.25564415680594,171.60911736178468,121.0933074684772,21.006918849013903,0.9354838709677419,0.01258544921875
297cf41acfa6c11772f5,test,3,0.842168390750885,32231.0,0.48418842767888304,1.7776266233175952,114.1167199280196,50.72325125169988,151.69268716453104,112.2300890447085,25.255716546182246,0.697594501718213,0.026229654947916667
297cf41acfa6c11772f5,test,4,0.6505212187767029,328201.0,0.14339105874153013,1.822482597552321,132.95018296714514,52.23287298403215,179.51331044085788,130.73247491628607,22.21400909808319,1.7189655172413794,0.26709065755208333
297cf41acfa6c11772f5,test,5,0.6158449053764343,15371.0,0.3437085922254547,1.7188890464243036,123.17799752781211,30.995882210247483,158.10161993364127,123.7601977750309,28.485524689350076,0.86,0.012508951822916666
297cf41acfa6c11772f5,test,6,0.6101042032241821,17809.0,0.5036642927100473,1.7591160763616145,150.81486888651804,32.490173207995774,191.892919310461,151.31641304958168,40.36043573474086,1.1280487804878048,0.014493001302083334
297cf41acfa6c11772f5,test,7,0.5161817669868469,6195.0,0.8136409324597417,1.7890606629643926,138.06489104116224,45.020045600374495,181.2861985472155,136.40145278450362,33.1998385794996,1.0888888888888888,0.00504150390625
297cf41acfa6c11772f5,test,8,0.35814332962036133,2494.0,0.6304903374211001,1.8069801073498355,134.99238171611867,11.469684865384464,174.33801122694467,133.76423416198878,38.00400962309543,0.8428571428571429,0.002029622395833333
2cb0bfd5f637473d9d0d,test,1,0.9554247260093689,62510.0,0.5097381590436341,1.824739993656945,144.6020476723724,43.595074810335305,197.70881458966565,142.34364101743722,16.907646776515758,0.675392670157068,0.05087076822916667
2cb0bfd5f637473d9d0d,test,2,0.9159263968467712,19471.0,0.7039421331471479,1.936339839424609,99.93010117610805,45.74995954761295,147.5717220481742,93.66807046376663,7.272456473730163,1.5491803278688525,0.015845540364583334
2cb0bfd5f637473d9d0d,test,3,0.8397009372711182,37031.0,0.4115884263502742,1.8397537482818136,104.74281007804272,49.075091722382346,156.37444303421458,97.30631092868137,7.6277443223245385,1.1583333333333334,0.030135904947916667
2cb0bfd5f637473d9d0d,test,4,0.8216854333877563,22755.0,0.3848944794149977,1.7769364670681225,95.15214238628873,58.102126078549546,140.11131619424302,89.35047242364315,7.157108327840035,1.5657142857142856,0.01851806640625
2cb0bfd5f637473d9d0d,test,5,0.8163283467292786,8680.0,0.6389839724602552,1.7910331265592176,156.04688940092166,37.3559412914623,213.3807603686636,154.0873271889401,15.715092165898618,0.7727272727272727,0.007063802083333333
2cb0bfd5f637473d9d0d,test,6,0.7955239415168762,5856.0,0.7424092146143363,1.7740333772200378,135.75973360655738,54.227477863104745,185.07445355191257,133.43101092896174,18.2896174863388,1.25,0.004765625
2cb0bfd5f637473d9d0d,test,7,0.7933939099311829,7422.0,0.7463467404525678,1.8087427686342599,160.4717057396928,38.97378973712164,216.48989490703315,159.18189167340338,20.126111560226356,1.0,0.0060400390625
2cb0bfd5f637473d9d0d,test,8,0.7879400253295898,6505.0,0.45782371759425816,1.8368567977494878,173.49423520368947,36.89697736031316,231.9186779400461,173.78324365872405,18.743735588009223,3.0714285714285716,0.005293782552083333
2cb0bfd5f637473d9d0d,test,9,0.7777694463729858,95729.0,0.2722551858967448,1.8736328850968007,93.08453028862728,47.09176091023527,140.6709983390613,85.83745782364801,5.628001963877195,1.1695760598503742,0.07790445963541667
2cb0bfd5f637473d9d0d,test,10,0.7719491124153137,3663.0,0.8352703101627701,1.8520149809292832,186.71334971334971,20.44263807821249,237.6778596778597,191.94731094731094,25.96123396123396,1.3559322033898304,0.00298095703125
2cb0bfd5f637473d9d0d,test,11,0.7575957179069519,7577.0,0.6167390849947629,1.8102743177227687,160.9014121684044,50.411634532620226,213.4087369671374,161.76059126303286,18.720997756367957,0.8898305084745762,0.006166178385416667
2cb0bfd5f637473d9d0d,test,12,0.7145593166351318,115423.0,0.3199746592505365,1.8259533975318936,102.0071822773624,49.99612047067652,156.33736776898886,92.89729949836688,6.473527806416399,1.7688022284122562,0.09393147786458333
2cb0bfd5f637473d9d0d,test,13,0.5726889371871948,16249.0,0.78104992574448,1.7450810839774864,128.49953843313435,47.82811131848687,188.41750261554557,121.40537879254109,7.9356883500523105,0.9354838709677419,0.013223470052083333
2cb0bfd5f637473d9d0d,test,14,0.5194370150566101,8447.0,0.5964868359952499,1.8333475780586859,130.12465964247662,35.694625342908445,184.36663904344738,125.68876524209779,10.599857937729372,1.0642201834862386,0.006874186197916667
2d426a5ea16ad4beee14,test,1,0.9404391646385193,49120.0,0.4971859659261938,1.8584501697837592,113.90010179153094,56.723120813677546,157.16903501628664,109.9799674267101,20.636604234527688,0.6880733944954128,0.03997395833333333
2d426a5ea16ad4beee14,test,2,0.9162086844444275,22982.0,0.6505189409575877,1.8155776623530382,128.98176834044034,50.96040179985594,173.6339309024454,125.80480375946392,28.1922374031851,0.9611111111111111,0.018702799479166667
2d426a5ea16ad4beee14,test,3,0.8931567072868347,23305.0,0.4610897028416464,1.8128216885881914,97.332589573053,42.20643736951392,135.65389401416004,93.73366230422656,15.338296502896375,0.9067357512953368,0.018965657552083334
2d426a5ea16ad4beee14,test,4,0.877190351486206,13072.0,0.7025477938192285,1.8537892955286421,125.50719094247246,41.92112183907157,172.07910036719707,122.03320073439413,21.18482252141983,0.759493670886076,0.010638020833333333
2d426a5ea16ad4beee14,test,5,0.7986112833023071,54055.0,0.3021511043558788,1.7434131853873107,117.89223938581075,45.77305789896824,160.1345296457312,114.89038941818518,22.548404402922948,1.1282894736842106,0.043990071614583334
2d426a5ea16ad4beee14,test,6,0.7468940615653992,15394.0,0.587737133950543,1.890163789182239,92.80869169806418,54.519005103162556,128.21417435364427,89.7978433155775,15.477523710536573,0.8089171974522293,0.012527669270833333
2d426a5ea16ad4beee14,test,7,0.7009755373001099,5516.0,0.7157580253393383,1.76300853876141,118.7070340826686,51.51749522786981,164.8477157360406,114.9120739666425,17.224437998549675,0.9772727272727273,0.004488932291666667
2d426a5ea16ad4beee14,test,8,0.5047624707221985,9596.0,0.8186821432401634,1.8198936720061207,72.26438099208004,65.07406581605561,96.4476865360567,69.61431846602751,22.4734264276782,0.8527131782945736,0.007809244791666667
2d426a5ea16ad4beee14,test,9,0.4388151466846466,13309.0,0.7424515845000864,1.823970930435668,128.11473439026224,39.31198798296068,174.4673529190773,124.94747914944774,22.77827034337666,1.1796875,0.010830891927083334
2d426a5ea16ad4beee14,test,10,0.41827070713043213,43912.0,0.31170112397690364,1.7668710572378348,98.99792767352888,46.70813195097077,139.25282382947714,94.7457642557843,15.32337402076881,1.2846715328467153,0.035735677083333334
2f58781bc4143c63684c,test,1,0.9366602301597595,14168.0,0.6967358606942865,1.8639277993177654,122.30420666290232,44.50979379889927,176.8327922077922,116.25628176171655,10.357284020327498,1.4830508474576272,0.011529947916666667
2f58781bc4143c63684c,test,2,0.8870078325271606,15361.0,0.7542036026638784,1.8900310870469528,104.94863615650023,43.201900087937,158.58023566174077,96.8031378165484,6.262352711412017,0.7151515151515152,0.012500813802083333
2f58781bc4143c63684c,test,3,0.7557480931282043,43890.0,0.28349979062812697,1.83106092984299,141.16165413533835,40.540589480118925,201.21280473912054,135.98493962178173,10.328001822738665,0.6286472148541115,0.0357177734375
2f58781bc4143c63684c,test,4,0.7525726556777954,4529.0,0.7936887990833212,1.8999832639854053,149.48377125193198,28.700711808039653,209.4462353720468,145.4404945904173,12.989843232501656,1.7454545454545454,0.0036857096354166665
2f58781bc4143c63684c,test,5,0.711355984210968,26294.0,0.3046058019009225,1.82257685326391,166.69875256712558,43.929389231703276,225.59926218909257,167.22780862554194,9.515364721989808,3.9711538461538463,0.021398111979166665
2f58781bc4143c63684c,test,6,0.6655741333961487,4617.0,0.36312131767304867,1.8061399682487713,177.55620532813515,35.38368445430011,234.4574398960364,179.732293697206,17.02122590426684,0.29239766081871343,0.00375732421875
2f58781bc4143c63684c,test,7,0.6448034644126892,91075.0,0.33216851697132926,1.823304654695386,124.99903376338183,46.55076714359988,181.89469118858085,118.71814438649464,8.104386494647269,0.4748322147651007,0.07411702473958333
2f58781bc4143c63684c,test,8,0.6389292478561401,9920.0,0.7940991389003774,1.8781964529931798,118.99737903225807,34.028590226571936,173.3070564516129,113.07530241935484,7.022983870967742,1.2277227722772277,0.008072916666666667
2f58781bc4143c63684c,test,9,0.5244662761688232,12224.0,0.40637745118144997,1.8301080012511572,126.55333769633508,34.18080106777271,181.1104384816754,121.73952879581152,8.213596204188482,2.4653465346534653,0.009947916666666667
2f58781bc4143c63684c,test,10,0.5203632712364197,25093.0,0.47622541730554363,1.8084207152873548,170.32801976646874,29.101015954944575,230.3679512214562,170.6053879568007,11.413740883911847,0.9455445544554455,0.020420735677083333
2f58781bc4143c63684c,test,11,0.42520567774772644,9445.0,0.5079513720431477,1.6611287632964598,175.90100582318686,24.43190955263223,234.33340391741663,177.28173636844892,15.453785071466385,0.8896551724137931,0.0076863606770833336
2f58781bc4143c63684c,test,12,0.3920283317565918,4839.0,0.8828150186960619,1.7387181560477794,151.75449473031617,25.542440601931645,212.6340152924158,148.08142178135978,10.89377970655094,1.0126582278481013,0.00393798828125
2f58781bc4143c63684c,test,13,0.35264015197753906,2510.0,0.6384597287645152,1.7751886252247293,156.23067729083667,13.543958795714133,212.23585657370518,155.49322709163346,13.017131474103586,1.62,0.0020426432291666668
306bb455180e544170f7,test,1,0.923961341381073,21530.0,0.732843170909694,1.8068402613016314,114.8427775197399,53.57122384490385,171.61778913144448,106.28629818857408,10.03367394333488,0.8440860215053764,0.017521158854166666
306bb455180e544170f7,test,2,0.9052496552467346,11164.0,0.6698366831577565,1.7827170817612628,135.10309924758153,50.03471952272945,188.6568434252956,131.55741669652454,12.867699749193838,0.9142857142857143,0.009085286458333333
306bb455180e544170f7,test,3,0.7378696799278259,21768.0,0.4804347523959968,1.7820127164416382,150.8987045203969,35.26945526397044,210.0535189268651,147.1237137081955,15.138919514884234,0.6339622641509434,0.01771484375
306bb455180e544170f7,test,4,0.7189163565635681,52543.0,0.3453758549365849,1.7761606912354855,156.56582227889538,33.131722829931356,213.27623089659897,154.74872009592144,17.127800087547342,0.9188405797101449,0.042759602864583336
306bb455180e544170f7,test,5,0.7103078365325928,83527.0,0.2764926361291268,1.8155609045774064,122.07658601410323,46.22758856268205,177.58589438145748,115.62430112418738,9.696146156332683,0.7995594713656388,0.06797444661458334
306bb455180e544170f7,test,6,0.6758366823196411,36273.0,0.25303339035456296,1.808743596854103,123.50387340446062,35.443193849239854,177.63829845890882,118.05227028368208,9.512474843547542,1.8222222222222222,0.02951904296875
306bb455180e544170f7,test,7,0.5477451086044312,10202.0,0.8537710548602171,1.8794511536313905,100.50911585963537,53.24397950824342,153.37865124485396,91.37051558517938,8.925798862968046,0.88,0.008302408854166667
306bb455180e544170f7,test,8,0.4212295413017273,13823.0,0.7306449356609765,1.7643820208021943,121.36772046589019,38.444097432808476,175.34869420530998,115.57136656297475,9.562974752224553,1.2790697674418605,0.011249186197916667
306bb455180e544170f7,test,9,0.3041394352912903,117630.0,0.15975827448777527,1.7895004535665897,152.71358496982063,42.258606950007845,209.05797840686898,150.75484995324322,14.987987758224943,2.0056657223796033,0.0957275390625
30ffdd71f24415febade,test,1,0.8811749815940857,15646.0,0.6559413079349659,1.8558887052408408,122.29132046529465,57.38364456902315,180.78333120286337,115.66956410584174,3.0621884187651798,1.34375,0.012732747395833334
30ffdd71f24415febade,test,2,0.8684295415878296,15184.0,0.615860910562186,1.7401486188018034,130.66181506849315,37.169001458387875,192.63619599578504,123.92999209694415,2.846417281348788,0.9171974522292994,0.012356770833333334
30ffdd71f24415febade,test,3,0.8099884390830994,6372.0,0.7240496371681638,1.8671409724817856,118.47410546139359,46.0885578806096,178.80681104833647,110.28358443188952,2.5134965473948525,1.0,0.005185546875
30ffdd71f24415febade,test,4,0.798207700252533,6304.0,0.9005430716270122,1.8037064005763122,148.0853426395939,37.44906880958368,211.93512055837564,143.53331218274113,4.118178934010152,0.967032967032967,0.005130208333333333
30ffdd71f24415febade,test,5,0.7887300848960876,6669.0,0.8568749210395603,1.8073356631500577,138.47518368571,46.58020256600562,199.9527665317139,133.35747488379067,3.6440245913930123,0.9587628865979382,0.00542724609375
30ffdd71f24415febade,test,6,0.7879896759986877,14506.0,0.5606824527703834,1.7632388403125365,135.54308561974355,36.397435426569565,197.8775679029367,129.271335998897,4.401626913001516,1.232394366197183,0.011805013020833333
30ffdd71f24415febade,test,7,0.7398268580436707,40777.0,0.4460964860164449,1.8295962655431,104.69534296294479,59.44026796427179,162.83274885352037,94.89685361846139,2.8326017117492706,1.423963133640553,0.033184407552083336
30ffdd71f24415febade,test,8,0.7308710217475891,2980.0,0.3761142189449197,1.8559036014451353,133.151677852349,36.57038557646962,193.73892617449664,127.62852348993289,2.7724832214765103,4.354838709677419,0.0024251302083333334
30ffdd71f24415febade,test,9,0.7263243794441223,22417.0,0.6749989836691491,1.795532285461557,118.45884819556586,55.69028606631049,180.0119106035598,109.52531560868984,3.122139447740554,1.314102564102564,0.018243001302083332
30ffdd71f24415febade,test,10,0.7248343825340271,27785.0,0.43500838993253566,1.8160229674221788,110.63390318517186,56.306962260766966,168.59823645852077,102.05981644772359,2.895879071441425,0.9076305220883534,0.022611490885416665
30ffdd71f24415febade,test,11,0.7172161936759949,13196.0,0.608400335820986,1.8464213652701829,144.56365565322824,33.30703465995726,211.93664746892998,137.61283722340104,3.769702940284935,1.4504504504504505,0.010738932291666666
30ffdd71f24415febade,test,12,0.6887596249580383,3753.0,0.8772391720716924,1.7251206569832598,144.99094058086862,37.75690996971147,211.33386624034105,138.4769517719158,4.64748201438849,1.1492537313432836,0.00305419921875
30ffdd71f24415febade,test,13,0.5447544455528259,2153.0,0.7809891197069391,1.8132348848118163,176.68369716674408,29.66291187346711,231.35764050162564,181.14862981885742,10.212726428239666,0.864406779661017,0.0017521158854166667
30ffdd71f24415febade,test,14,0.5043885111808777,176171.0,0.1508176664381479,1.7389621237508686,116.19089975081029,48.31856009944434,177.968082147459,106.62735637533987,3.5502778550385705,0.9396681749622926,0.14336832682291667
30ffdd71f24415febade,test,15,0.4488753080368042,4505.0,0.696792502421644,1.7279569831083432,144.8741398446171,43.35105040233735,205.09678135405105,141.11076581576026,6.304772475027747,1.1733333333333333,0.003666178385416667
30ffdd71f24415febade,test,16,0.3515540361404419,139472.0,0.2642101856024607,1.8300633382654536,111.58180853504646,49.00784869502438,172.71216444877825,101.4637418263164,3.505786107605828,0.7387543252595156,0.11350260416666667
30ffdd71f24415febade,test,17,0.32571467757225037,33736.0,0.2745634850683157,1.7873057829427952,125.86782665401944,57.92652213805027,185.2182534977472,119.34544700023713,3.9104813848707614,0.521865889212828,0.027454427083333333
30ffdd71f24415febade,test,18,0.3149547874927521,12398.0,0.6158767520252495,1.8335337697058205,105.58404581384094,67.73662135731198,159.14042587514115,98.13292466526859,3.629940312953702,0.659217877094972,0.010089518229166667
30ffdd71f24415febade,test,19,0.28467825055122375,18862.0,0.3908673705078578,1.8175188085495413,132.99734916763865,47.8654539193192,195.56786130845086,126.19987276004666,4.001325416180681,1.0411764705882354,0.015349934895833334
30ffdd71f24415febade,test,20,0.26749691367149353,37049.0,0.3185182949597349,1.8086585763551515,122.49850198385921,46.300881247305014,185.46716510567086,113.5192582795757,3.698210478015601,0.7574750830564784,0.030150553385416667
30ffdd71f24415febade,test,21,0.26381391286849976,5343.0,0.8602115535453204,1.76167264691022,102.10574583567285,69.78712753299254,150.5998502713831,96.5743964065132,3.507392850458544,1.1842105263157894,0.00434814453125
333d4405ab70431360e5,test,1,0.8939683437347412,8946.0,0.7326881075135265,1.839252669067937,155.4856919293539,46.229180386664616,196.31265369997763,156.96020567851554,40.76369327073552,0.8583333333333333,0.0072802734375
333d4405ab70431360e5,test,2,0.8925037384033203,6434.0,0.8212649937443238,1.8116240594263053,131.62029841467205,57.103722779457094,176.8049424930059,128.5208268573205,29.056574448243705,1.054945054945055,0.005236002604166666
333d4405ab70431360e5,test,3,0.841332197189331,10093.0,0.7509199055207679,1.8120270321994671,96.18547508173982,52.797667164798874,134.05340334885565,92.68384028534628,14.969979193500446,0.6413793103448275,0.008213704427083333
333d4405ab70431360e5,test,4,0.7537531852722168,4684.0,0.42362937815011664,1.8408942257071723,114.10503842869342,43.01015787983374,151.50896669513236,113.60738684884714,18.508326216908625,2.6315789473684212,0.0038118489583333333
333d4405ab70431360e5,test,5,0.7417187690734863,34554.0,0.6213474970424975,1.8568912646544755,83.61121722521271,40.62776585469061,117.7144180123864,80.00700353070556,12.749667187590438,1.084070796460177,0.0281201171875
333d4405ab70431360e5,test,6,0.6543641686439514,6406.0,0.8194824061545976,1.788135555676583,101.77864502029348,40.98156061872198,137.80440212300968,98.9717452388386,21.672494536372152,0.7476635514018691,0.005213216145833333
333d4405ab70431360e5,test,7,0.6080902218818665,2214.0,0.5918669993978518,1.8133095455604666,106.52032520325203,34.64839904198276,141.2289972899729,105.17163504968383,22.440379403794037,2.4166666666666665,0.0018017578125
333d4405ab70431360e5,test,8,0.578777551651001,17501.0,0.511445976759282,1.8629681588665858,77.9392034740872,42.210770164821014,109.65830523970058,74.93183246671619,10.321295925947089,2.7419354838709675,0.014242350260416667
333d4405ab70431360e5,test,9,0.5690193176269531,36834.0,0.4089856129595998,1.7341743306218542,101.92536786664495,49.74362676856593,145.2353532062768,97.04322093717761,13.478362382581311,0.942652329749104,0.0299755859375
333d4405ab70431360e5,test,10,0.5612303018569946,8329.0,0.8333647222348581,1.8461417569721126,100.77236162804658,49.920809419203216,136.08020170488655,98.12978748949453,21.75903469804298,0.7666666666666667,0.006778157552083333
333d4405ab70431360e5,test,11,0.5467873215675354,29256.0,0.3710958920937626,1.7454830312042273,115.8335384194695,56.405178905965364,164.69801066447909,110.6349124965819,14.501127973748975,2.5947712418300655,0.02380859375
333d4405ab70431360e5,test,12,0.4498271048069,20698.0,0.5456797884610173,1.8233149325865756,78.59570973040873,52.471442153950164,113.03140400038652,73.95071987631655,12.314764711566335,1.4322580645161291,0.016844075520833335
333d4405ab70431360e5,test,13,0.41983911395072937,25753.0,0.3253375725040616,1.7636892064813174,102.68333786354988,49.741639265560174,142.1331495359764,99.61790859317361,15.003339416766979,1.3681592039800996,0.020957845052083333
333d4405ab70431360e5,test,14,0.41633424162864685,23291.0,0.42741489865206805,1.810712276074367,108.42780473144133,55.78681481276363,152.52908848911596,104.26439397192048,14.242282426688421,1.17989417989418,0.018954264322916668
333d4405ab70431360e5,test,15,0.41457313299179077,15360.0,0.6534647554511945,1.7760762344522587,95.96399739583333,46.498555848542146,137.83365885416666,90.75169270833334,13.026692708333334,0.9810126582278481,0.0125
333d4405ab70431360e5,test,16,0.37558072805404663,69477.0,0.13458170481447818,1.8126978327601428,114.80069663341826,58.46656266830297,160.5770686702074,110.74506671272508,15.666724239676439,3.4232804232804233,0.05654052734375
333d4405ab70431360e5,test,17,0.3548198342323303,5820.0,0.8219612645308331,1.7857382197103908,119.96288659793814,60.20711957920708,162.71890034364262,117.5561855670103,20.228865979381442,1.043956043956044,0.004736328125
333d4405ab70431360e5,test,18,0.32223930954933167,5534.0,0.8887775361758705,1.770607616081234,107.02059992771956,48.619503277526626,152.79851825081315,101.96440187929166,13.052764727141309,1.323943661971831,0.004503580729166666
333d4405ab70431360e5,test,19,0.28082355856895447,47685.0,0.5038440429258491,1.7311920163008039,94.25429380308273,48.940403984318976,137.52194610464505,88.64458425081263,9.70376428646325,1.2101167315175096,0.03880615234375
3520bdf0ebb1f2a38f96,test,1,0.7645127177238464,15335.0,0.7950713481341042,1.777267047342174,96.6609716335181,65.28522077480808,151.3433974567982,87.26129768503424,1.7229866318878382,1.047945205479452,0.012479654947916667
3520bdf0ebb1f2a38f96,test,2,0.705001711845398,6544.0,0.5859951529269206,1.8758056603274655,120.19544621026895,50.64566162673943,184.2736858190709,110.64761613691931,1.2579462102689487,0.36,0.005325520833333333
3520bdf0ebb1f2a38f96,test,3,0.6698087453842163,48668.0,0.7119520723021647,1.861222272500267,85.32779238924961,52.95513183509097,140.14274266458455,73.80895043971398,0.8852428700583546,1.2966101694915255,0.039606119791666665
3520bdf0ebb1f2a38f96,test,4,0.6306057572364807,47405.0,0.3873318073032163,1.7559425552463115,133.1265056428647,45.597197805912344,200.96175508912563,124.08613015504693,1.72078894631368,0.9006211180124224,0.03857828776041667
3520bdf0ebb1f2a38f96,test,5,0.6297687292098999,6621.0,0.5765262992501446,1.7847324086914507,157.6639480441021,43.55331904827168,221.26748225343604,155.19120978704123,3.5073251774656398,0.925,0.00538818359375
3520bdf0ebb1f2a38f96,test,6,0.6209542155265808,6214.0,0.839451911851218,1.8005100145154267,151.46153846153845,56.47729877059424,211.41116832957837,149.2944962986804,5.426134534921146,0.8617021276595744,0.005056966145833334
3520bdf0ebb1f2a38f96,test,7,0.6041417121887207,14268.0,0.700980435058502,1.841651869236827,125.63225399495374,51.389165492533834,192.36620409307542,115.56917577796467,2.4274600504625736,0.5076923076923077,0.011611328125
3520bdf0ebb1f2a38f96,test,8,0.5464727282524109,14325.0,0.701807072687605,1.7230894986567238,151.4166143106457,37.66078378047178,221.752739965096,144.54184991273996,2.3270506108202444,0.8235294117647058,0.01165771484375
3520bdf0ebb1f2a38f96,test,9,0.5218126773834229,7987.0,0.6744488692151513,1.7920767710204515,165.6603230249155,30.343081150867537,231.89558031801678,163.44322023287842,3.266182546638287,0.6014492753623188,0.006499837239583334
3520bdf0ebb1f2a38f96,test,10,0.48231279850006104,8796.0,0.8211316992664847,1.8637544124173477,130.12028194633925,38.53379885408346,199.67473851750796,119.49374715779899,2.3954070031832653,1.5555555555555556,0.007158203125
3520bdf0ebb1f2a38f96,test,11,0.45808684825897217,2707.0,0.8093544127367619,1.7951897975718925,197.80531954192833,26.02184586616506,250.20354636128556,208.6058367196158,4.859253786479497,0.7384615384615385,0.0022029622395833334
3520bdf0ebb1f2a38f96,test,12,0.429808646440506,5098.0,0.7246171193637964,1.8546534350224158,172.01647704982346,26.802770536280775,236.6728128677913,171.78030600235385,3.527657905060808,0.504424778761062,0.004148763020833333
3520bdf0ebb1f2a38f96,test,13,0.423583984375,20927.0,0.4985816263475116,1.7870595185708107,114.01600802790654,51.226726000647204,174.42428441726,105.04955320877336,1.7403832369665981,1.0263157894736843,0.017030436197916665
3520bdf0ebb1f2a38f96,test,14,0.4186785817146301,12570.0,0.7054235960100403,1.8426737876931738,111.48806682577566,42.30663786923086,179.8011137629276,98.10286396181384,1.2801113762927605,0.7577639751552795,0.0102294921875
3520bdf0ebb1f2a38f96,test,15,0.415744811296463,4975.0,0.8434665639276887,1.7439484197183444,195.17829145728643,23.337389309741774,249.44281407035177,204.65909547738693,4.0908542713567835,1.0740740740740742,0.004048665364583333
3520bdf0ebb1f2a38f96,test,16,0.38493654131889343,4742.0,0.7049796707080856,1.7285996931288716,116.51265288907634,49.63168167173521,179.56474061577393,106.201602699283,4.201813580767609,0.8645833333333334,0.0038590494791666667
3520bdf0ebb1f2a38f96,test,17,0.3662017285823822,21890.0,0.6058969080363811,1.8305085021649026,128.18204659661947,47.682140769815796,196.05527638190955,118.20191868433075,1.5150296939241663,0.8232558139534883,0.017814127604166667
3520bdf0ebb1f2a38f96,test,18,0.3243519067764282,25197.0,0.5190161770735617,1.8090295174168778,129.5079969837679,46.37346631774602,196.84474342183594,119.91415644719609,2.304877564789459,0.66015625,0.02050537109375
3520bdf0ebb1f2a38f96,test,19,0.31154629588127136,4585.0,0.5868441919564521,1.8256099434872057,143.05474372955288,34.16481082419414,213.76052344601962,134.64078516902944,0.8514721919302072,2.9555555555555557,0.0037312825520833333
3520bdf0ebb1f2a38f96,test,20,0.29438233375549316,74217.0,0.3842094682722066,1.8241904733984164,99.80490992629721,57.224284679097664,156.3939663419432,90.10882951345378,1.313513076518857,0.7547169811320755,0.06039794921875
3520bdf0ebb1f2a38f96,test,21,0.2921367585659027,11455.0,0.633783898839446,1.8227926760877937,145.4388476647752,36.77161444955153,215.76438236577914,137.62933216935835,1.1388913138367525,1.2459016393442623,0.009322102864583333
3520bdf0ebb1f2a38f96,test,22,0.2734489440917969,6088.0,0.7472710772657599,1.7608066454507316,188.65834428383707,23.067394533342853,247.09986859395534,194.8245729303548,3.603975032851511,1.2592592592592593,0.004954427083333333
3581c8018fc8e00d7eda,test,1,0.837623119354248,13056.0,0.681395899309389,1.8964630704472916,93.01118259803921,30.837359427634343,144.06372549019608,84.69584865196079,1.9923406862745099,0.8639455782312925,0.010625
3581c8018fc8e00d7eda,test,2,0.7965587377548218,30077.0,0.46469089616559517,1.8311786355593125,136.17847524686638,29.067428197474257,200.6997373408252,129.36064102137846,2.2178076270904676,0.87890625,0.024476725260416665
3581c8018fc8e00d7eda,test,3,0.6644923090934753,86479.0,0.2639243185622714,1.770409078369442,151.88908289873842,34.360920505071725,217.01216480301576,147.62129534337816,3.2062003492177293,1.1922246220302375,0.07037679036458333
3581c8018fc8e00d7eda,test,4,0.6517430543899536,1587.0,0.7581794898043144,1.7174536166174879,151.17958412098298,23.965710362369403,211.28292375551354,148.9508506616257,4.896660365469439,0.5964912280701754,0.00129150390625
3581c8018fc8e00d7eda,test,5,0.5979496240615845,7507.0,0.774344817542485,1.8276368496706847,122.84827494338617,34.55825665633543,187.76888237644866,113.18529372585587,2.494738244305315,0.8518518518518519,0.006109212239583333
3581c8018fc8e00d7eda,test,6,0.5524062514305115,1308.0,0.8530386373958486,1.6926091587677576,135.86085626911316,16.293342007157893,188.21483180428135,134.74847094801223,4.239296636085627,1.048780487804878,0.001064453125
3581c8018fc8e00d7eda,test,7,0.5504642128944397,5411.0,0.6407371242941153,1.8462293230518125,111.83422657549437,40.13974918062564,170.72056921086676,103.10090556274257,2.5084087968952136,2.1129032258064515,0.004403483072916666
3581c8018fc8e00d7eda,test,8,0.5237514972686768,6888.0,0.8272824765418301,1.7867686341821634,124.59218931475029,35.10014182898409,185.02395470383274,117.227787456446,4.052555168408827,0.97,0.00560546875
3581c8018fc8e00d7eda,test,9,0.5135260224342346,204238.0,0.11158159844566466,1.7649695501671379,100.24896933969193,37.3483332590485,158.1974608055308,89.76720296908509,2.349298367590752,1.1449752883031301,0.16620930989583332
3581c8018fc8e00d7eda,test,10,0.4488978385925293,7384.0,0.7638553454904187,1.8134077030860438,130.9219934994583,33.49770991237668,189.682150595883,125.48144637053088,4.885427952329361,1.02,0.006009114583333333
3581c8018fc8e00d7eda,test,11,0.41439422965049744,2845.0,0.7681222142412816,1.8037684148118227,146.78980667838312,11.041450969219795,204.47873462214412,145.21124780316345,3.4077328646748684,0.5512820512820513,0.002315266927083333
3581c8018fc8e00d7eda,test,12,0.31877848505973816,35776.0,0.20200139040583487,1.8083853582632863,102.43668940071557,35.38927741548057,155.75584190518782,94.66902392665475,2.6334134615384617,2.565714285714286,0.029114583333333333
3581c8018fc8e00d7eda,test,13,0.3054122030735016,24744.0,0.4104431684221736,1.7656160097247062,108.37689945037181,43.28246770714244,167.05625606207565,98.850509214355,3.687964759133527,1.2936170212765958,0.02013671875
3581c8018fc8e00d7eda,test,14,0.29883426427841187,11155.0,0.43300104422707747,1.8916034680191174,96.54648139847602,38.62913651898191,148.0764679515912,88.6043030031376,2.3475571492604215,4.067796610169491,0.009077962239583333
3581c8018fc8e00d7eda,test,15,0.29235389828681946,65592.0,0.2577501222491201,1.8205697147201414,92.77146603244299,37.38514473385584,147.22592694231002,82.66367849737773,2.128308330284181,0.8705234159779615,0.05337890625
35af372d2ac91e897abd,test,1,0.910642147064209,108009.0,0.4822734938230447,1.8428567177970636,131.03396013295188,45.80899811086175,187.12059180253496,125.74628966104676,11.20277013952541,1.1766169154228856,0.08789794921875
35af372d2ac91e897abd,test,2,0.8613160848617554,14308.0,0.6848323329836921,1.8562295123474835,106.28277886497065,53.231295877772624,159.1955549343025,97.41662007268661,13.255102040816327,2.0631578947368423,0.011643880208333334
35af372d2ac91e897abd,test,3,0.36939749121665955,2236.0,0.8266330849957447,1.8143487980098443,121.11672629695886,28.008324650860228,169.19007155635063,117.68336314847943,12.604203935599285,1.2,0.0018196614583333333
35af372d2ac91e897abd,test,4,0.36095449328422546,152312.0,0.15541996338659983,1.8258861387790202,105.40123562161878,41.261796964638975,155.62723882556858,98.82165554913598,7.5631532643521195,0.7611940298507462,0.12395182291666666
35af372d2ac91e897abd,test,5,0.25466713309288025,49629.0,0.3993144731253353,1.7732270043963234,111.72800177315682,43.651449204230644,165.73320034657155,104.36744645267888,8.020451751999838,0.8672839506172839,0.04038818359375
3629d97e326e9f118cc2,test,1,0.8947755694389343,35852.0,0.45325219853556337,1.8059153705037838,148.14124735021755,44.91138109963375,203.87872364163783,145.74612294990516,14.297277697199599,0.5718475073313783,0.029176432291666665
3629d97e326e9f118cc2,test,2,0.7735399603843689,80398.0,0.34535587590749733,1.801785678683631,116.27118833801836,43.77472502957657,168.7279285554367,110.36223537898952,9.108684295629244,0.6549586776859504,0.06542805989583333
3629d97e326e9f118cc2,test,3,0.6293661594390869,310839.0,0.1614704694024895,1.8217676371344895,96.18374785660744,51.00657577087876,146.90842526195232,87.93955391697953,5.687835181557012,0.8358585858585859,0.25296142578125
3629d97e326e9f118cc2,test,4,0.47731098532676697,15220.0,0.7408206112294117,1.8950455620807807,120.82634691195796,49.23365810433262,175.5508541392904,114.54770039421814,9.640867279894875,0.75625,0.012386067708333334
3629d97e326e9f118cc2,test,5,0.3328065276145935,78367.0,0.2303524789397369,1.7833223345007305,113.69399109318974,51.6586773122535,168.71087319917822,106.25136856074623,7.793931118965891,1.4204545454545454,0.06377522786458334
3634ce7d229a4f87df47,test,1,0.9171112179756165,64451.0,0.5623201105912287,1.7905417160550476,88.91947370870894,52.59991140557016,145.19627313773253,77.15514111495554,2.0837690648709875,0.8416666666666667,0.05245035807291667
3634ce7d229a4f87df47,test,2,0.8808774352073669,9510.0,0.7535583771723037,1.7887015300823916,131.13680336487909,43.221378899655924,196.82344900105153,122.38843322818086,3.9709779179810725,0.7608695652173914,0.0077392578125
3634ce7d229a4f87df47,test,3,0.8087684512138367,9706.0,0.81370295768851,1.8281068259216449,129.89140737688027,48.265097446330024,192.28054811456832,122.32464454976304,5.295281269317948,0.7481481481481481,0.007898763020833333
3634ce7d229a4f87df47,test,4,0.7317577004432678,2788.0,0.8396650998817511,1.7734185370741378,158.3012912482066,17.631824821591152,223.36728837876615,155.00394548063127,4.461621233859398,0.7941176470588235,0.0022688802083333333
3634ce7d229a4f87df47,test,5,0.6701234579086304,19390.0,0.7073454924415524,1.7927321002475893,118.02269210933471,41.21268125477808,181.50046415678185,108.24925219185147,2.059463641052089,0.7807486631016043,0.015779622395833335
3634ce7d229a4f87df47,test,6,0.664359986782074,14838.0,0.25530503844361385,1.8172100026339582,122.53908882598733,42.50977134365754,182.4357056207036,115.25374039627982,2.9781641730691466,0.32786885245901637,0.0120751953125
3634ce7d229a4f87df47,test,7,0.6387536525726318,5158.0,0.5824910832249289,1.8594085053388048,141.99941837921676,44.05755822830569,205.20085304381544,136.72140364482357,3.5732842186894147,0.4628099173553719,0.004197591145833333
3634ce7d229a4f87df47,test,8,0.6383318901062012,7535.0,0.7056652933355936,1.8410209926613919,138.1309887193099,34.999762467928534,202.4821499668215,131.649502322495,2.8899800928998007,1.2857142857142858,0.006131998697916667
3634ce7d229a4f87df47,test,9,0.6336260437965393,14503.0,0.6525571100013731,1.7638886086420942,144.2287113011101,28.72964129275185,207.31738261049438,139.52616699993104,3.0577811487278495,0.9798657718120806,0.011802571614583333
3634ce7d229a4f87df47,test,10,0.5396710634231567,2061.0,0.8599895108286036,1.808149063926275,165.44056283357594,15.952409343900316,229.33284813197477,163.65405143134402,6.941775836972344,1.2127659574468086,0.00167724609375
3634ce7d229a4f87df47,test,11,0.506857693195343,1262.0,0.5606619397691947,1.7796238465642011,155.29397781299525,37.35389853180082,221.20522979397782,151.33676703645008,2.9350237717908083,0.323943661971831,0.0010270182291666667
3634ce7d229a4f87df47,test,12,0.48209503293037415,5062.0,0.822443643236055,1.7618337314835382,127.30284472540498,47.443640250350235,189.29573291189254,119.40458316870802,5.449427103911497,0.8064516129032258,0.004119466145833334
3634ce7d229a4f87df47,test,13,0.4684567451477051,5344.0,0.3965431898676953,1.8557162867520702,112.86470808383234,46.046211459901826,173.45209580838323,103.52357784431138,2.1448353293413174,0.2541436464088398,0.004348958333333333
3634ce7d229a4f87df47,test,14,0.45382070541381836,7374.0,0.7422190116787895,1.8230061384051401,138.17453213995117,32.2021145812031,202.1814483319772,131.92134526715486,2.7100623813398426,0.8217821782178217,0.0060009765625
3634ce7d229a4f87df47,test,15,0.4511486887931824,15257.0,0.6188217803245042,1.7269833115013067,128.99187258307663,40.01433592498591,193.3136920757685,120.57494920364422,3.736383299469096,0.8518518518518519,0.012416178385416667
3634ce7d229a4f87df47,test,16,0.42458635568618774,1517.0,0.618239028675501,1.794603710227556,165.6914963744232,26.22871890984074,232.71984179301253,162.9835201054713,3.843111404087014,2.92,0.0012345377604166667
3634ce7d229a4f87df47,test,17,0.42337968945503235,30049.0,0.3002556467921679,1.7820886476058708,108.342673633066,53.475252830632044,163.90002995107992,100.45668741056275,3.4023428400279543,1.9736842105263157,0.024453938802083332
3634ce7d229a4f87df47,test,18,0.3899843990802765,35457.0,0.3979112655460543,1.8246378714564055,130.97047127506556,42.334338781292125,195.69887469329046,122.66294384747722,4.0995290069661845,0.8165467625899281,0.02885498046875
3634ce7d229a4f87df47,test,19,0.3326469361782074,2749.0,0.5082378081775848,1.7495506075957992,152.42379046926155,34.790801731013474,215.26118588577665,149.21244088759548,4.290287377228083,0.5,0.0022371419270833335
3634ce7d229a4f87df47,test,20,0.3130771517753601,11102.0,0.6750238964234149,1.821618608020729,124.87605836786165,41.34795892312104,191.32237434696452,114.63520086470906,3.539722572509458,1.16,0.009034830729166667
3634ce7d229a4f87df47,test,21,0.3117339015007019,4199.0,0.8225392368895916,1.7515346289541782,146.942129078352,34.285018246355115,210.47368421052633,142.1690878780662,4.961181233627054,0.9135802469135802,0.0034171549479166665
3634ce7d229a4f87df47,test,22,0.30527302622795105,1575.0,0.8134619593391933,1.7303603351812582,126.89460317460318,50.10034695014666,186.67809523809524,120.45650793650793,3.316190476190476,1.4210526315789473,0.00128173828125
3634ce7d229a4f87df47,test,23,0.2932082712650299,22829.0,0.4381645234226234,1.795613366634375,103.67677077401551,57.473139492947915,158.08892198519428,95.42805203907311,3.615007227649043,1.1518324607329844,0.018578287760416666
3634ce7d229a4f87df47,test,24,0.25613272190093994,1352.0,0.8514907260025643,1.701933592707523,170.9112426035503,12.133117337508894,234.09467455621302,170.31582840236686,8.203402366863905,1.2777777777777777,0.0011002604166666667
3634ce7d229a4f87df47,test,25,0.2511792480945587,27936.0,0.36520056024450115,1.814674023625494,125.64357817869416,41.176073203209185,189.3316867124857,117.17772766323024,2.3735681557846506,1.402116402116402,0.022734375
373f6112e1b06e72a514,test,1,0.5118737816810608,31606.0,0.5127927205778549,1.9144889559133245,122.25688160475859,50.92558013128815,171.5598620515092,118.03983420869456,14.649433651838258,0.33604336043360433,0.025721028645833335
373f6112e1b06e72a514,test,2,0.47515442967414856,45138.0,0.30161263325458265,1.7215467460057081,124.1154681199876,39.13414869116986,163.17065443750278,123.1605742390004,26.531569852452478,0.9105431309904153,0.0367333984375
373f6112e1b06e72a514,test,3,0.4267382025718689,330044.0,0.1684562482804189,1.8560736608493338,115.98843487534995,50.20193683754795,162.19375295415156,111.53288652422101,17.71911320914787,1.5624036979969183,0.2685904947916667
373f6112e1b06e72a514,test,4,0.3767058551311493,2814.0,0.8306660424247125,1.8841412841773286,185.23702914001422,9.920202255006972,224.49253731343285,189.00213219616205,62.75870646766169,0.8412698412698413,0.0022900390625
3761cd7ce158edd9bea8,test,1,0.9059742093086243,56648.0,0.42313178777962024,1.7513096186329338,130.29446758932355,55.269629781382974,185.6507378901285,124.78963070187827,13.494139245869228,1.3822525597269624,0.046100260416666664
3761cd7ce158edd9bea8,test,2,0.815974771976471,7648.0,0.8091706062844891,1.8064503577196107,152.28412656903765,30.078353034299383,209.8984048117155,147.90075836820083,23.618462343096233,1.08,0.006223958333333333
3761cd7ce158edd9bea8,test,3,0.7593094110488892,55251.0,0.28298923144451316,1.7571978251660607,117.41530470036741,44.69665533102054,170.33838301569202,111.08195326781416,11.207652350183707,0.9072463768115943,0.04496337890625
3761cd7ce158edd9bea8,test,4,0.7182028889656067,9552.0,0.6568589341558758,1.8532113915949784,142.62426716917923,33.07745354285974,192.89939279731993,140.84369765494137,19.85824958123953,0.9017857142857143,0.0077734375
3761cd7ce158edd9bea8,test,5,0.6913629174232483,189907.0,0.2062862877514956,1.8419984815140886,105.28211177049819,39.78491693476295,152.09058117920878,99.79523661581722,10.763863364699564,0.549618320610687,0.15454671223958333
3761cd7ce158edd9bea8,test,6,0.6370424628257751,31172.0,0.5658886374328166,1.841937441005753,87.15622994995509,53.47837010936484,128.12004362889772,81.60624919799821,8.36702810214295,0.9339622641509434,0.025367838541666667
3761cd7ce158edd9bea8,test,7,0.33966225385665894,1903.0,0.7334397978009998,1.7254267652959383,138.2900683131897,11.173355305433569,186.8591697320021,136.09826589595374,22.028901734104046,1.6666666666666667,0.0015486653645833334
3761cd7ce158edd9bea8,test,8,0.31654542684555054,293918.0,0.1576438822710309,1.8275553017564508,104.64153947699698,40.62295142712211,152.28136419001217,98.7187514885104,10.196313257439149,0.9198473282442748,0.23919108072916667
39c2a83ee2d1844b628a,test,1,0.7171213030815125,27817.0,0.5031196574124721,1.765848057136724,145.09490599273826,49.18531582069599,210.2826329223137,139.35632886364453,3.6286803034115827,0.89272030651341,0.022637532552083332
39c2a83ee2d1844b628a,test,2,0.623139500617981,13991.0,0.7809651036004249,1.7556686315245233,118.55228361089272,47.68513421599575,185.77950110785505,106.85533557286827,2.455507111714674,1.1136363636363635,0.011385904947916666
39c2a83ee2d1844b628a,test,3,0.5536912083625793,51499.0,0.4688081197300177,1.757702871497187,115.55016602264122,54.93367383899043,177.94355230198644,105.61465271170314,3.081943338705606,1.1498371335504887,0.04190999348958333
39c2a83ee2d1844b628a,test,4,0.42166438698768616,22477.0,0.7128496890407461,1.802116046811302,91.65471370734528,57.54767342785275,147.66263291364507,80.47150420429773,2.436223695333007,1.5436241610738255,0.018291829427083333
39c2a83ee2d1844b628a,test,5,0.42105287313461304,19608.0,0.5382713043744869,1.7626805933492737,103.77728478172175,56.90230682102931,163.73317013463893,92.89657282741739,2.580171358629131,0.5795918367346938,0.01595703125
39c2a83ee2d1844b628a,test,6,0.3607017397880554,40403.0,0.3418138057826588,1.822372761859876,116.74261812241666,56.96192068856554,178.71682795831993,107.23797737791749,3.130831868920625,0.8848920863309353,0.03288004557291667
39c2a83ee2d1844b628a,test,7,0.3460135757923126,5868.0,0.6098646480556202,1.7661884138928032,132.29175187457395,40.71159081371406,201.376448534424,122.22477845944104,2.8531015678254943,1.63013698630137,0.004775390625
39c2a83ee2d1844b628a,test,8,0.3233028054237366,2533.0,0.7606193263493828,1.7646230824858402,120.8977497039084,46.12329430564278,192.88709040663244,107.37899723647848,1.6375838926174497,1.697674418604651,0.0020613606770833333
39c2a83ee2d1844b628a,test,9,0.32109928131103516,12436.0,0.8647748863710815,1.7415354501140625,75.22024766806047,46.88756606876133,130.89803795432616,61.18526857510454,1.4845609520746221,1.0153846153846153,0.010120442708333333
39c2a83ee2d1844b628a,test,10,0.28403595089912415,3363.0,0.8694517052898331,1.835347548657968,141.8111804936069,40.71056026879487,209.03627713351173,134.57032411537318,2.75973832887303,1.1,0.00273681640625
39c2a83ee2d1844b628a,test,11,0.28272175788879395,33370.0,0.44149782268481486,1.8019336278328353,122.30380581360504,46.137876917395765,189.73826790530416,111.07275996403956,3.239976026370992,0.8246268656716418,0.027156575520833334
39c2a83ee2d1844b628a,test,12,0.2646927833557129,5844.0,0.8949937829583263,1.7823882196220135,99.32546201232033,45.6085158331703,164.49880219028063,84.77600958247776,3.3023613963039016,1.0602409638554218,0.004755859375
3ae448bd405b51fb3b9c,test,1,0.8874245882034302,38192.0,0.6996328667762698,1.8538058742913468,70.36455278592375,44.37395753997813,113.93977796397151,61.024900502723085,4.283017385839966,1.3232323232323233,0.031080729166666668
3ae448bd405b51fb3b9c,test,2,0.7728679776191711,38542.0,0.6180552887433962,1.831113821310605,101.5752425924965,65.98455052123987,149.13746043277465,95.13647449535571,10.052643869025998,1.7541899441340782,0.03136555989583333
3ae448bd405b51fb3b9c,test,3,0.7320454716682434,126246.0,0.16809103005989895,1.8406066996401287,91.7689986217385,56.366740080317044,144.57295280642555,81.77453543082554,4.863061007873517,0.5013368983957219,0.1027392578125
3ae448bd405b51fb3b9c,test,4,0.7281782031059265,4033.0,0.8776053398494184,1.7446711577758616,138.89412348127945,43.09105505461013,199.24944210265312,133.06744359037938,10.542524175551698,0.9863013698630136,0.0032820638020833333
3ae448bd405b51fb3b9c,test,5,0.6976643800735474,74975.0,0.1974095954636836,1.7550540524317835,105.76729576525508,39.964366423737644,155.98184728242748,99.12750916972324,8.233597865955318,2.265682656826568,0.061014811197916664
3ae448bd405b51fb3b9c,test,6,0.6603045463562012,14899.0,0.7145205569227641,1.783927218094669,125.36814551312169,36.2923780140809,184.3834485535942,118.16027921337003,7.6802469964427145,0.8176100628930818,0.012124837239583333
3ae448bd405b51fb3b9c,test,7,0.5656468272209167,3464.0,0.7778104301061457,1.8343169805609176,148.64058891454965,45.54119500638186,204.63943418013858,146.4223441108545,13.227482678983833,0.6923076923076923,0.0028190104166666667
3ae448bd405b51fb3b9c,test,8,0.5411108136177063,20874.0,0.5419992190437304,1.7796376035604373,122.24264635431638,37.71642601860762,183.3873718501485,113.46392641563668,7.1233112963495255,1.3831168831168832,0.0169873046875
3ae448bd405b51fb3b9c,test,9,0.40306469798088074,4562.0,0.266313848035116,1.6924418048481022,123.66089434458571,25.761418445126935,174.596010521701,119.87330118369137,9.538141166155196,2.0,0.0037125651041666667
3ae448bd405b51fb3b9c,test,10,0.39654719829559326,2669.0,0.8995272907110613,1.8674957700782475,131.67478456350693,31.508137440843026,189.37467216185837,125.28475084301236,13.17047583364556,1.0892857142857142,0.0021720377604166666
3ae448bd405b51fb3b9c,test,11,0.38175252079963684,8519.0,0.707751089128742,1.8027119433163084,130.33607230895646,26.845964565896097,191.27526705012326,123.29604413663576,6.750205423171733,1.4574468085106382,0.006932779947916667
3ae448bd405b51fb3b9c,test,12,0.29767775535583496,5854.0,0.20410476236912523,1.7023516208066636,127.00153741031774,24.38394693547901,177.64861633071405,123.70925862658012,11.067646053980184,1.048,0.004763997395833333
3ae448bd405b51fb3b9c,test,13,0.2793142795562744,3310.0,0.679136136568004,1.6615815600332395,123.27341389728096,26.652579388179124,173.63413897280967,119.39788519637462,11.08761329305136,1.144927536231884,0.0026936848958333333
3ae448bd405b51fb3b9c,test,14,0.2724168598651886,6877.0,0.7545049242671706,1.806411327350586,153.9893849062091,28.159334519143428,213.870728515341,150.5737967136833,14.46750036353061,0.8017241379310345,0.005596516927083333
3c89382dffce4cda8b42,test,1,0.8371502757072449,22072.0,0.3232001191795061,1.7791970676955686,125.94540594418268,36.53178074811865,184.90938745922435,119.7734686480609,3.128262051467923,0.5227272727272727,0.017962239583333334
3c89382dffce4cda8b42,test,2,0.8238078355789185,5802.0,0.6915770634553284,1.7493581085470242,155.50534298517752,27.60572211604577,217.82540503274734,152.5789382971389,7.081006549465702,1.2738095238095237,0.0047216796875
3c89382dffce4cda8b42,test,3,0.8068320155143738,13165.0,0.6553952404368493,1.84420322972851,129.513710596278,40.76253313399439,191.97880744398026,122.23554880364603,3.298063045955184,0.6770186335403726,0.010713704427083333
3c89382dffce4cda8b42,test,4,0.7939077019691467,4082.0,0.7522215429754063,1.7050269837404732,113.62885840274376,60.81082206704984,164.3968642822146,108.91082802547771,4.775355218030377,0.9620253164556962,0.003321940104166667
3c89382dffce4cda8b42,test,5,0.7898269891738892,17151.0,0.408046263446092,1.7463813827552506,119.10034400326512,45.78440037380728,179.3529240277535,110.80858258993645,3.828639729461839,0.9152542372881356,0.01395751953125
3c89382dffce4cda8b42,test,6,0.7467032670974731,6256.0,0.4231344175291326,1.8331405022375191,127.73433503836317,29.304394154415043,184.7535166240409,123.13107416879795,1.9371803069053708,3.5294117647058822,0.005091145833333333
3c89382dffce4cda8b42,test,7,0.7184136509895325,4402.0,0.8706253531644558,1.7667128196120307,125.78100863243981,45.511622583341115,186.10790549750112,118.75897319400272,3.8284870513403,0.8292682926829268,0.0035823567708333334
3c89382dffce4cda8b42,test,8,0.6681951284408569,8709.0,0.5731837625320185,1.812773532035364,146.85715926053507,40.271207555911026,210.74888046848088,141.78918360316914,5.477781605235963,1.7191011235955056,0.00708740234375
3c89382dffce4cda8b42,test,9,0.5935071110725403,78721.0,0.29644719916422135,1.794611221593558,121.77549827873122,44.111408747232,181.73044041615324,114.18673543273079,3.7721319597057965,1.216763005780347,0.06406331380208333
3c89382dffce4cda8b42,test,10,0.4478788673877716,33355.0,0.22346440195069714,1.7474805204085726,107.48988157697497,47.590879802276575,166.66652675760756,97.84494078848748,2.1459451356618198,3.1059602649006623,0.027144368489583334
3c89382dffce4cda8b42,test,11,0.41738513112068176,10360.0,0.5044637760200414,1.7813662478436003,118.5050193050193,47.53897378846783,176.94710424710425,111.10781853281853,3.4861969111969113,1.6428571428571428,0.008430989583333333
3c89382dffce4cda8b42,test,12,0.3555471897125244,7131.0,0.6882427135422096,1.8213304524418628,101.85373720375824,57.343181127372866,156.41424765110082,93.24274295330248,3.2016547468798207,1.3875,0.00580322265625
3c89382dffce4cda8b42,test,13,0.2792861759662628,5079.0,0.8694696253067853,1.7481908579580179,136.22937586139003,43.52580977740891,199.7188422917897,129.35971647962197,5.206142941523922,0.9411764705882353,0.00413330078125
3dc39c22275578a6f4b4,test,1,0.9344297051429749,29873.0,0.4405133735120394,1.8113879807758566,147.85448398219128,42.74608926228121,200.91711579017843,145.75774110400695,19.417634653365916,1.4739583333333333,0.024310709635416667
3dc39c22275578a6f4b4,test,2,0.9227984547615051,24659.0,0.7130040439676123,1.904519031054872,83.58603349689768,50.13249173299313,130.3457155602417,74.89281803803885,5.765846141368263,2.056,0.020067545572916668
3dc39c22275578a6f4b4,test,3,0.8997290730476379,36749.0,0.4342711281830664,1.8143700428650988,111.6072546191733,41.38829947290118,161.3353288524858,106.00691175270076,9.986366975972135,2.245398773006135,0.029906412760416667
3dc39c22275578a6f4b4,test,4,0.8781263828277588,40060.0,0.575306948384464,1.8450613893641326,136.24385921118323,37.791875181572294,188.6331752371443,132.94500748876686,15.78801797304044,1.597883597883598,0.03260091145833333
3dc39c22275578a6f4b4,test,5,0.8699455857276917,85171.0,0.2806480626427174,1.810091571307221,118.05535921851335,39.074505045041484,168.29692031325217,113.00932242195114,12.235854927146564,0.8060344827586207,0.06931233723958333
3dc39c22275578a6f4b4,test,6,0.8494042754173279,5482.0,0.8048105147924116,1.7695190898200517,122.1216709230208,40.58203380339968,170.85333819773805,118.80627508208683,11.33710324699015,1.077922077922078,0.004461263020833333
3dc39c22275578a6f4b4,test,7,0.7443878650665283,73276.0,0.16272760002747422,1.7636955645335093,126.9980075331623,41.95703889059096,183.84330476554396,120.74406354058628,10.083683607183799,1.0936708860759494,0.05963216145833333
3dc39c22275578a6f4b4,test,8,0.7259889245033264,2928.0,0.8046379797046785,1.8243081439190265,149.61577868852459,42.17494931109751,208.1912568306011,146.73975409836066,10.77766393442623,1.36,0.0023828125
3dc39c22275578a6f4b4,test,9,0.7023791074752808,12298.0,0.6561714348893235,1.8387245957281388,123.66880793624979,44.364655326928286,179.14295007318262,117.2940315498455,10.947145877378436,0.7272727272727273,0.010008138020833333
3dc39c22275578a6f4b4,test,10,0.6100277900695801,5277.0,0.8156231674949848,1.7571125380487942,163.18495357210537,37.397600663698775,218.83399658897102,162.60318362706084,20.250142126208072,0.8333333333333334,0.00429443359375
3dc39c22275578a6f4b4,test,11,0.5937938690185547,6870.0,0.7211016327651937,1.8042738936995049,144.58427947598253,45.07315209322649,202.46404657933041,140.37583697234354,14.423435225618631,1.2333333333333334,0.0055908203125
3dc39c22275578a6f4b4,test,12,0.5037981867790222,9485.0,0.7137405364665241,1.7935507745804125,111.66051660516605,40.897646471691004,159.3694254085398,107.2152872957301,9.397364259356879,0.6231884057971014,0.007718912760416667
3dc39c22275578a6f4b4,test,13,0.45908626914024353,13467.0,0.530818212652104,1.7957920407044654,132.8725774114502,51.553177461687376,191.5304819187644,126.57718868344843,11.538427266651816,3.108108108108108,0.01095947265625
3dc39c22275578a6f4b4,test,14,0.413861483335495,3017.0,0.8688231862990695,1.7991398592719525,138.91083858137222,27.659580167952917,186.413324494531,137.74809413324493,20.218097447795824,1.1147540983606556,0.0024552408854166667
3dc39c22275578a6f4b4,test,15,0.4017714560031891,12644.0,0.746656167228926,1.841136657466295,149.96512179689972,47.962015395615644,205.5378835811452,148.07007276178425,13.970578930718126,1.104,0.010289713541666667
3dc39c22275578a6f4b4,test,16,0.34246596693992615,10761.0,0.40620422383444305,1.7850279887344345,116.69528854195707,40.843838100530775,164.08976860886534,113.06597899823437,11.047950933928073,0.3938053097345133,0.00875732421875
3dc39c22275578a6f4b4,test,17,0.30728617310523987,12787.0,0.4904759475542288,1.8479784113876478,154.4524908109799,42.616362664965585,211.1780714788457,152.12387581137094,17.652850551341206,1.3464566929133859,0.010406087239583334
3dc39c22275578a6f4b4,test,18,0.25524675846099854,181777.0,0.15013088614662273,1.747689485088194,133.67863921178147,46.339450549229234,190.37945944756487,128.7594910247171,10.307822221733222,1.1430499325236168,0.14793050130208332
3f9343b7ce7c40eb4fa2,test,1,0.9190211296081543,21540.0,0.527049512261952,1.7849881305421367,115.32107706592386,38.22165685194095,158.40273909006498,112.347260909935,17.551996285979573,0.8774509803921569,0.017529296875
3f9343b7ce7c40eb4fa2,test,2,0.9186928272247314,44944.0,0.6066400406639122,1.8438492684444918,116.86356354574582,47.6855100778843,157.0688412246351,114.4249065503738,23.954521181915272,1.0950413223140496,0.03657552083333333
3f9343b7ce7c40eb4fa2,test,3,0.8960291743278503,26589.0,0.5752583818787727,1.8206192893401003,131.15386061905298,50.4302909454813,178.8739704389033,127.90928579487758,22.6341720260258,0.7991266375545851,0.02163818359375
3f9343b7ce7c40eb4fa2,test,4,0.8782418966293335,6792.0,0.7937927576922905,1.8043199882257448,118.58097762073027,64.2308546478786,160.81757950530036,115.18860424028269,25.313604240282686,1.45,0.00552734375
3f9343b7ce7c40eb4fa2,test,5,0.8456512093544006,26499.0,0.48495149039132524,1.7856803072216696,119.07230461526851,40.01470420341947,159.72840484546586,116.88931657798408,23.60349447148949,1.7175141242937852,0.02156494140625
3f9343b7ce7c40eb4fa2,test,6,0.8261716365814209,5607.0,0.8419880916357265,1.7510537916855191,117.90922061708578,48.331148441039204,157.19261637239165,115.89851970750847,25.20617085785625,1.4714285714285715,0.00456298828125
3f9343b7ce7c40eb4fa2,test,7,0.8166460394859314,75340.0,0.507166650319813,1.8067222027397118,88.97613485532254,38.535955907050756,124.66720201752058,85.33882399787629,14.102322803291743,0.847769028871391,0.06131184895833333
3f9343b7ce7c40eb4fa2,test,8,0.8165081739425659,13238.0,0.5076706860075283,1.7058546315037688,156.76763861610516,44.2087554079504,204.3568514881402,157.4036863574558,28.61519867049403,1.0451612903225806,0.010773111979166666
3f9343b7ce7c40eb4fa2,test,9,0.5212843418121338,1013.0,0.7382427274920699,1.8628986914717651,176.9654491609082,29.71154163848904,217.17571569595262,183.04738400789734,40.151036525172756,0.4583333333333333,0.0008243815104166666
3f9343b7ce7c40eb4fa2,test,10,0.5093050003051758,9194.0,0.7799558149256457,1.822012785504233,104.1109419186426,49.48792690789739,141.84598651294323,101.64378942788775,17.832390689580162,1.3854166666666667,0.007482096354166667
3f9343b7ce7c40eb4fa2,test,11,0.4084318280220032,19572.0,0.27791996029574395,1.7188469855994242,108.92198038013488,44.730211697989176,147.26021867974657,106.87124463519314,18.90808297567954,2.0215827338129495,0.015927734375
3f9343b7ce7c40eb4fa2,test,12,0.36483967304229736,8366.0,0.5182189541642829,1.8408837514479053,105.62084628257232,40.1977024991114,144.45923978006215,103.11486971073393,16.663638536935213,1.393939393939394,0.006808268229166667
431b3a87ed7fe9caa401,test,1,0.8327640295028687,30140.0,0.6575886150874168,1.8248454688729292,108.97989382879894,48.975549407872165,175.95447909754478,95.64542136695421,1.9722627737226277,0.5142857142857142,0.024527994791666667
431b3a87ed7fe9caa401,test,2,0.8159704804420471,25011.0,0.7952012136426329,1.809066345080366,112.09091999520211,54.143474795560955,177.7696213665987,100.19995202111072,1.0552157050897606,1.3132530120481927,0.02035400390625
431b3a87ed7fe9caa401,test,3,0.7942497134208679,9354.0,0.838258031279164,1.862336356922344,80.96407953816549,50.316987418464116,137.68024374599102,67.69766944622621,0.4959375668163353,1.03,0.0076123046875
431b3a87ed7fe9caa401,test,4,0.6709408164024353,9732.0,0.8266379968044713,1.811898180757813,78.32624332100288,66.88273287315627,123.28267570900124,70.30795314426634,1.5897040690505548,1.425531914893617,0.007919921875
431b3a87ed7fe9caa401,test,5,0.6520707011222839,8887.0,0.6725924087060349,1.7803237032913521,136.7606616405986,47.515258370602965,203.54214020479353,128.82873860695398,2.3729042421514572,0.47096774193548385,0.007232259114583334
431b3a87ed7fe9caa401,test,6,0.6462566256523132,23366.0,0.4140828328606841,1.7899806456828748,139.61182915347086,40.02836840187364,208.94547633313363,130.7514765043225,3.3443892835744244,0.9125,0.019015299479166668
431b3a87ed7fe9caa401,test,7,0.6210319995880127,17513.0,0.7465072105796876,1.8090470187758727,104.73225603837149,53.42178422285358,166.15097356249643,93.29343915948152,2.553988465711186,0.98125,0.014252115885416666
431b3a87ed7fe9caa401,test,8,0.47969111800193787,7861.0,0.6969075717345311,1.7960965450471822,86.42144765297036,53.3154735572777,144.31738964508332,73.48632489505152,1.1295000636051393,0.7131782945736435,0.006397298177083333
431b3a87ed7fe9caa401,test,9,0.3299901783466339,6938.0,0.8285221301614063,1.7896886332870328,120.0634188526953,39.846639734629676,189.948400115307,107.55232055347362,1.2187950417987892,1.0309278350515463,0.005646158854166666
431b3a87ed7fe9caa401,test,10,0.3266235291957855,10090.0,0.7632354246264476,1.823777689946753,99.63914767096135,43.33202206727775,166.17879088206143,84.95163528245789,0.7272547076313182,1.4056603773584906,0.008211263020833333
431b3a87ed7fe9caa401,test,11,0.3183423578739166,13155.0,0.4913574203723012,1.7484201929378616,120.97552261497529,44.90827013579217,187.73158494868872,110.153553781832,1.5877613074876473,0.7602339181286549,0.01070556640625
431b3a87ed7fe9caa401,test,12,0.28831422328948975,74090.0,0.23091728199149436,1.7736169700579192,122.21927385612094,50.33694159348053,188.01623700904307,112.09334593062492,1.7500742340396815,1.3697478991596639,0.06029459635416667
441973a78e80cf8422dc,test,1,0.918742835521698,21382.0,0.7600347918387211,1.7811476857582642,120.47759797960902,41.677748716442345,180.2658778411748,113.07786923580582,1.8654475727247217,1.361842105263158,0.01740071614583333
441973a78e80cf8422dc,test,2,0.8601810932159424,23355.0,0.62119916254695,1.7986166889563568,132.3784628559195,37.568180375145765,198.68734746307,123.92858060372511,2.1840719332048812,1.4,0.01900634765625
441973a78e80cf8422dc,test,3,0.8574286103248596,10059.0,0.830179487887613,1.8547764494694432,84.1738741425589,57.16510455911773,133.0439407495775,75.34745004473606,1.5975743115617855,0.7209302325581395,0.00818603515625
441973a78e80cf8422dc,test,4,0.8164558410644531,11139.0,0.616820421350779,1.8159311627047703,127.64314570428225,43.65555804165613,189.99111230810666,120.29957805907173,2.081874495017506,1.8043478260869565,0.00906494140625
441973a78e80cf8422dc,test,5,0.800833523273468,7712.0,0.6627050942531382,1.8206716029866203,126.18529564315352,38.53634078052617,190.6581950207469,117.59076763485477,1.428682572614108,0.9017857142857143,0.006276041666666667
441973a78e80cf8422dc,test,6,0.785364031791687,11168.0,0.5641609205066609,1.8180645657362138,131.59464541547277,40.73496738716377,195.9261282234957,123.99122492836676,2.1318051575931234,0.8287671232876712,0.009088541666666667
441973a78e80cf8422dc,test,7,0.7104788422584534,106703.0,0.23564911129058913,1.8088935545034956,130.0014338865824,40.00380837851584,196.11543255578567,121.15642484278793,2.3440859207332503,1.494061757719715,0.08683512369791667
441973a78e80cf8422dc,test,8,0.666569709777832,2991.0,0.8250501639752986,1.7968696781305675,161.3386827148111,15.47091958682109,226.15814108993646,158.91741892343697,3.728184553660983,0.68,0.00243408203125
441973a78e80cf8422dc,test,9,0.6590428948402405,3292.0,0.8042791484994635,1.7046322795212288,155.58323207776428,20.01695965623429,222.18286755771567,151.48663426488457,2.0844471445929527,1.1538461538461537,0.002679036458333333
441973a78e80cf8422dc,test,10,0.48468801379203796,3013.0,0.8717167365878296,1.7997867008461255,164.17855957517423,15.09289670723019,226.9369399269831,163.10454696315963,4.880185861267839,1.0819672131147542,0.0024519856770833333
441973a78e80cf8422dc,test,11,0.4303138256072998,10611.0,0.5048093260453831,1.8161448041171158,136.50438224484026,44.60366575725141,198.40401470172463,130.86372632174158,3.3891244934501934,0.5333333333333333,0.00863525390625
441973a78e80cf8422dc,test,12,0.38763803243637085,6539.0,0.6564331358135613,1.7918036415398282,140.85196513228323,36.045579339415006,205.56614161186727,134.69735433552532,2.9870010705000767,1.3563218390804597,0.005321451822916667
441973a78e80cf8422dc,test,13,0.3491169810295105,969.0,0.6332490993957622,1.7828031880795043,147.42724458204336,12.955393852329314,204.98452012383902,146.4437564499484,1.6006191950464397,2.375,0.00078857421875
441973a78e80cf8422dc,test,14,0.3050607144832611,18799.0,0.34723260079944573,1.799460282666528,141.20144688547262,41.07730352867258,204.34693334751847,135.88669610085643,3.134049683493803,1.162162162162162,0.015298665364583333
452b121d0128385b9231,test,1,0.919824481010437,28348.0,0.49729872036080675,1.8143422547922636,103.2594539297305,57.57652704567439,147.21415972908142,98.60021871031466,12.009806688302525,1.0170212765957447,0.023069661458333335
452b121d0128385b9231,test,2,0.7921483516693115,183421.0,0.18955751896849965,1.7471314272508582,111.56652727877396,56.05838452706754,158.20150909655928,106.80241084717672,13.805763789315291,0.8753623188405797,0.14926839192708333
452b121d0128385b9231,test,3,0.7821351289749146,41810.0,0.548528648653101,1.8535860332990668,106.92461133700071,56.600998276163544,152.80026309495335,101.8511600095671,12.80578808897393,1.5044247787610618,0.03402506510416667
452b121d0128385b9231,test,4,0.42570197582244873,7550.0,0.889041143468968,1.8216593558944294,96.08741721854305,56.3870614822298,137.80344370860928,90.64092715231789,14.727682119205298,0.9805825242718447,0.006144205729166667
452b121d0128385b9231,test,5,0.2666318714618683,2118.0,0.7830093354297797,1.7614255341906422,187.68696883852692,27.672537634983133,228.1038715769594,195.61331444759207,40.739848914069874,1.4444444444444444,0.0017236328125
45f4eddfefeee3ceecf6,test,1,0.8056535124778748,37107.0,0.5009123823416625,1.8466859431608869,108.91128358530736,51.40010963801202,172.34112162125746,97.51523971218369,1.1988304093567252,0.9431818181818182,0.03019775390625
45f4eddfefeee3ceecf6,test,2,0.6973145604133606,9367.0,0.7684466819366308,1.7907571192945904,148.14871356891214,35.61864282457612,215.85566349951958,141.68623892388172,3.7888331376107613,0.6444444444444445,0.007622884114583333
45f4eddfefeee3ceecf6,test,3,0.6479548811912537,5562.0,0.8448810021439463,1.7688086429608136,158.80240920532182,41.783340094803364,223.21305285868394,156.20442286947141,3.25170801869831,0.9431818181818182,0.0045263671875
45f4eddfefeee3ceecf6,test,4,0.6181511282920837,5905.0,0.888483292160992,1.7900763364714285,104.7398814563929,48.962527719992956,166.78120237087214,93.27976291278577,1.058425063505504,0.7956989247311828,0.004805501302083333
45f4eddfefeee3ceecf6,test,5,0.5799000263214111,24282.0,0.43062413939608346,1.7990118207707975,102.82447903797052,56.81696514781492,160.25096779507453,92.8698624495511,3.3888477061197593,1.8962962962962964,0.0197607421875
45f4eddfefeee3ceecf6,test,6,0.5282962322235107,2667.0,0.6445703032508475,1.7735038138376928,123.81289838770154,38.03833262995554,188.30033745781776,114.83689538807648,0.8545181852268466,2.022727272727273,0.00217041015625
45f4eddfefeee3ceecf6,test,7,0.5269948840141296,11039.0,0.6249496365583841,1.8575687830265466,125.12990307093034,47.93374556652402,194.0664915300299,113.90841561735664,2.1067125645438898,0.6774193548387096,0.008983561197916667
45f4eddfefeee3ceecf6,test,8,0.49233755469322205,17510.0,0.859492171629087,1.806478384382688,93.40131353512278,55.14776007127445,150.64009137635637,82.16259280411194,1.117761279268989,0.9551282051282052,0.014249674479166667
45f4eddfefeee3ceecf6,test,9,0.4811069667339325,4114.0,0.43385314245413337,1.8176595856535027,129.80043753038404,45.14656399922837,193.9917355371901,122.13271754982985,0.8813806514341274,2.6538461538461537,0.0033479817708333332
45f4eddfefeee3ceecf6,test,10,0.4180813431739807,6122.0,0.8073250180530444,1.795137480164347,99.10813459653708,40.99523963188702,163.0674616138517,85.67428944789285,0.4768049656974845,1.0561797752808988,0.004982096354166667
45f4eddfefeee3ceecf6,test,11,0.3848728537559509,1561.0,0.630507956404121,1.8494265555496365,151.98718770019218,35.08868368999805,222.54324151185136,144.63933376040998,4.754644458680333,2.9166666666666665,0.0012703450520833333
45f4eddfefeee3ceecf6,test,12,0.35481634736061096,22097.0,0.5783217226677335,1.7884398628815064,139.3976557903788,35.714390772089,208.9031090193239,130.7366158302032,1.646377336289994,0.9696969696969697,0.017982584635416667
45f4eddfefeee3ceecf6,test,13,0.3392319083213806,3628.0,0.8251682420812831,1.8475823852389603,105.9622381477398,55.60129325013689,162.7422822491731,97.37954796030871,1.202590959206174,0.75,0.0029524739583333334
45f4eddfefeee3ceecf6,test,14,0.264192134141922,41067.0,0.3076664426359338,1.821787236229262,121.53712226361799,57.57865224684203,179.97150997150996,114.48267465361482,4.533274892249251,1.1583333333333334,0.03342041015625
45f4eddfefeee3ceecf6,test,15,0.25535979866981506,28157.0,0.4473684469395375,1.7861906054424492,118.7489434243705,41.45790091251759,188.7682991796001,105.91508328302021,1.1666370707106581,1.2452830188679245,0.022914225260416667
46d89e7d60c93781cd51,test,1,0.9034765362739563,10323.0,0.3775938228684853,1.8099580830648716,147.1274823210307,22.31259307807637,210.67567567567568,142.82146662791823,2.5779327714811586,0.5222222222222223,0.00840087890625
46d89e7d60c93781cd51,test,2,0.8938618302345276,25413.0,0.4476057837703265,1.8107862480674821,113.73513556053989,46.95287835140839,177.89454216345965,102.6482508952111,2.6937394247038915,0.9473684210526315,0.02068115234375
46d89e7d60c93781cd51,test,3,0.8867782950401306,11517.0,0.5876326178754491,1.7262401463400505,137.82382564904054,40.21193263339712,203.9928800903013,130.28080229226362,3.2054354432577927,1.125,0.00937255859375
46d89e7d60c93781cd51,test,4,0.8376469612121582,39864.0,0.3545258938902989,1.7506516485306873,129.81594922737307,46.92002854169456,195.92504515352198,120.78298715633153,3.085616094722055,0.9671052631578947,0.03244140625
46d89e7d60c93781cd51,test,5,0.8358359932899475,5832.0,0.6418505833185594,1.7488573481333365,145.43398491083676,31.194626067737136,210.56944444444446,139.86762688614542,3.2503429355281206,1.02,0.00474609375
46d89e7d60c93781cd51,test,6,0.8336806297302246,30789.0,0.5116970909823848,1.8381141287808795,126.13433369060378,48.71400302389541,189.0905193413232,118.02718503361591,2.9263698073987463,1.196969696969697,0.02505615234375
46d89e7d60c93781cd51,test,7,0.7858588099479675,13493.0,0.5474718776494463,1.7746665870404141,157.58119024679465,35.21287004786291,221.53939079522715,154.83080115615505,4.042021789075817,0.7909604519774012,0.010980631510416667
46d89e7d60c93781cd51,test,8,0.7660173177719116,64337.0,0.4286816657517451,1.774646865603476,82.24685639678567,65.52137335600051,130.86046909243515,73.13604924071684,1.938231499759081,1.0819672131147542,0.05235758463541667
46d89e7d60c93781cd51,test,9,0.6556158065795898,17580.0,0.45030564317295274,1.738609731114218,131.25199089874857,45.84821230017204,194.48748577929464,124.14351535836177,2.145449374288965,0.7184466019417476,0.014306640625
46d89e7d60c93781cd51,test,10,0.6102942228317261,29862.0,0.37073489744840854,1.7666313878147697,125.72835041189471,45.28203626387003,190.65069318866787,116.71381689103208,2.0978501105083383,1.3474178403755868,0.0243017578125
46d89e7d60c93781cd51,test,11,0.506425142288208,11261.0,0.654402281711574,1.8244170393557189,130.07077524198561,39.16614721263458,196.84459639463637,120.99822395879585,1.9405914217209839,2.1627906976744184,0.009164225260416667
46d89e7d60c93781cd51,test,12,0.49899542331695557,6534.0,0.401807842953733,1.7603635166792657,117.36256504438323,53.20665925841765,174.31955922865015,110.6902356902357,2.3512396694214877,1.925,0.0053173828125
46d89e7d60c93781cd51,test,13,0.49342256784439087,6706.0,0.6370497923370796,1.7163433401647514,123.0849985087981,50.62825332187941,183.86623918878615,115.69475096928124,1.9105278854756933,0.6466165413533834,0.005457356770833333
46d89e7d60c93781cd51,test,14,0.4551553726196289,17100.0,0.653597670989431,1.7435704042714386,119.35578947368421,47.94899176741086,183.1340350877193,109.66204678362573,2.192690058479532,0.6915422885572139,0.013916015625
46d89e7d60c93781cd51,test,15,0.4185825288295746,21322.0,0.4910124864580909,1.782573924592261,130.60003751993247,44.76000637736644,194.98255323140418,122.78852828064909,2.1626958071475473,0.6419753086419753,0.017351888020833334
46d89e7d60c93781cd51,test,16,0.39703384041786194,11696.0,0.725707059451715,1.824253906120757,124.1141415868673,40.35050627671314,190.1203830369357,114.21220930232558,2.228796169630643,0.756578947368421,0.009518229166666666
46d89e7d60c93781cd51,test,17,0.36961501836776733,2909.0,0.8353087037120478,1.8122075045380317,151.9838432451014,27.913387135554633,219.17978686833965,146.71467858370573,3.009969061533173,1.6170212765957446,0.002367350260416667
46d89e7d60c93781cd51,test,18,0.32913509011268616,5025.0,0.7658916976193793,1.746451120694948,109.72756218905472,56.481864359454036,164.92119402985074,102.47840796019901,2.3182089552238807,1.0886075949367089,0.00408935546875
46d89e7d60c93781cd51,test,19,0.3130984902381897,2341.0,0.8303378595391526,1.850604357306966,160.2336608287057,17.46425148998323,228.34429730884239,156.10593763348996,2.9871849636907304,1.2708333333333333,0.0019051106770833334
4a92e1cba581bf4c31d6,test,1,0.8052897453308105,12030.0,0.7334712881840552,1.8727777847645477,90.82585203657523,60.00719834903532,144.26184538653368,80.6265170407315,3.1264339152119702,1.3181818181818181,0.0097900390625
4a92e1cba581bf4c31d6,test,2,0.6769348978996277,5400.0,0.6365192425999517,1.808241763359055,112.72537037037037,51.72710752246451,174.99851851851852,102.53018518518519,1.9035185185185186,1.7462686567164178,0.00439453125
4a92e1cba581bf4c31d6,test,3,0.6768631339073181,23949.0,0.505683099659824,1.794239510876464,125.12518267986137,51.06443932566627,190.51764165518392,115.60395006054533,2.6593594722117833,0.6747967479674797,0.01948974609375
4a92e1cba581bf4c31d6,test,4,0.6044066548347473,6821.0,0.8491963258730307,1.7847391386502063,139.03474563846945,42.245404565499825,208.77364022870546,129.99105702976104,2.6513707667497433,1.0206185567010309,0.005550944010416667
4a92e1cba581bf4c31d6,test,5,0.5671414732933044,12950.0,0.8674880086645581,1.8517726847014906,75.18316602316602,49.42868153527935,132.6907335907336,60.31189189189189,0.9410810810810811,1.1166666666666667,0.010538736979166666
4a92e1cba581bf4c31d6,test,6,0.516895055770874,6984.0,0.8186534472976822,1.808568103493314,106.43656930126002,51.109132809123636,169.50630011454754,94.42611683848797,2.8608247422680413,1.3950617283950617,0.00568359375
4a92e1cba581bf4c31d6,test,7,0.4882376194000244,11015.0,0.6907541374660368,1.7263573879061196,100.15950975941898,51.764804484587074,157.71466182478437,89.50721743077621,3.9811166591012257,0.9705882352941176,0.008964029947916667
4a92e1cba581bf4c31d6,test,8,0.48033010959625244,13253.0,0.6814149188438516,1.8485861318018604,130.25511205010187,45.93033911446982,200.7677506979552,119.21655474232249,2.1546819588017807,0.6820809248554913,0.010785319010416667
4a92e1cba581bf4c31d6,test,9,0.4724276065826416,64907.0,0.3735366587451018,1.7972453316158474,118.27456206572481,52.63302823043462,180.98993945183108,108.68152895681513,3.139106721925216,0.6296296296296297,0.052821451822916664
4a92e1cba581bf4c31d6,test,10,0.4489891529083252,6715.0,0.7666480859176168,1.7998802890150767,146.91303052866715,44.11701965968268,214.16708860759493,140.62099776619507,2.89084139985108,1.2528735632183907,0.005464680989583333
4a92e1cba581bf4c31d6,test,11,0.4361015558242798,33739.0,0.37396195072262134,1.8184369780570953,132.28862740448739,48.331472328839745,200.3894009899523,122.89294288508847,2.016420166572809,0.8085106382978723,0.027456868489583335
4a92e1cba581bf4c31d6,test,12,0.4281766712665558,9004.0,0.6575510698580153,1.778227230227941,124.79075966237228,39.173907715072616,191.09784540204353,114.52565526432697,3.6685917370057752,0.5986842105263158,0.007327473958333333
4a92e1cba581bf4c31d6,test,13,0.4258315861225128,1972.0,0.6309291935040243,1.9048650035489558,151.19016227180526,29.954916167644082,218.3813387423935,145.29665314401623,5.239350912778905,2.6333333333333333,0.0016048177083333333
4a92e1cba581bf4c31d6,test,14,0.419569194316864,38337.0,0.3375297056391472,1.8114978276914429,123.47773691212144,50.683022737541876,187.9301979810627,113.96303831807393,3.4033179435010563,0.9107806691449815,0.03119873046875
4a92e1cba581bf4c31d6,test,15,0.39424455165863037,7339.0,0.8790368125500907,1.8230969759035314,110.783621746832,47.644528997454536,178.64749965935414,97.26202479901895,2.4263523640823,0.7727272727272727,0.005972493489583334
4a92e1cba581bf4c31d6,test,16,0.3928129971027374,3645.0,0.8500881712316161,1.8475575929036214,131.68203017832647,39.49218975406537,198.61179698216736,122.3127572016461,4.341563786008231,0.65,0.00296630859375
4a92e1cba581bf4c31d6,test,17,0.33765554428100586,10503.0,0.8517455832863032,1.8844827271397975,89.47786346758069,46.860744882626484,149.49195467961536,75.89593449490621,1.9665809768637532,1.0598290598290598,0.00854736328125
4a92e1cba581bf4c31d6,test,18,0.32651978731155396,9115.0,0.7612233836298606,1.8558348250829089,91.82709818979704,48.97190918104751,151.4141524958859,78.97026878771256,1.7031267142073505,0.9565217391304348,0.007417805989583333
4a92e1cba581bf4c31d6,test,19,0.26306188106536865,6555.0,0.9074949311674246,1.8143635393156947,86.64515636918382,51.64163410274345,146.0184591914569,73.05308924485126,0.9794050343249427,1.0112359550561798,0.00533447265625
4a92e1cba581bf4c31d6,test,20,0.2561100125312805,7997.0,0.819183536464401,1.8276622472482116,89.48618231836939,51.70422819362246,148.9804926847568,76.21708140552707,1.7714142803551332,1.07,0.006507975260416667
4a92e1cba581bf4c31d6,test,21,0.25153690576553345,29898.0,0.4251615377896804,1.8299755231809243,140.36290052846346,48.49601999225823,207.28409927085423,132.97314201618838,2.856946952973443,0.7911646586345381,0.0243310546875
4abaf032fe3785dfcb92,test,1,0.8032481670379639,30063.0,0.5810642458552161,1.8302452316076017,134.9872600871503,40.286150954231914,208.588164853807,123.35216046302764,1.8407011941589329,0.9377593360995851,0.02446533203125
4abaf032fe3785dfcb92,test,2,0.7640247344970703,9572.0,0.7943416153159366,1.8580180947347662,129.43376514834935,47.02921068504314,199.76264103635603,118.38748432929377,1.7804011700793982,1.268041237113402,0.007789713541666667
4abaf032fe3785dfcb92,test,3,0.7507562041282654,8135.0,0.8363133136894186,1.8437956096658863,132.17123540258143,55.02541678914574,197.77725875845113,123.89956976029502,2.6910878918254455,1.1720430107526882,0.006620279947916667
4abaf032fe3785dfcb92,test,4,0.6832827925682068,11515.0,0.7295357107421032,1.8622270566565429,136.09743812418586,40.493197698772526,207.57768128528008,125.86582718193661,1.2473295701259226,0.8913043478260869,0.009370930989583333
4abaf032fe3785dfcb92,test,5,0.6642115712165833,36762.0,0.38976259139065345,1.8004573335048266,119.66557858658398,47.62251390541494,190.16128067025733,106.7847777596431,1.0599260105543769,1.625,0.0299169921875
4abaf032fe3785dfcb92,test,6,0.5415818095207214,12288.0,0.6480160585058007,1.8410538222797355,119.705810546875,43.95614890016388,188.06819661458334,107.502197265625,3.205322265625,2.0113636363636362,0.01
4abaf032fe3785dfcb92,test,7,0.4972902834415436,8877.0,0.9060784320100267,1.8419503416958867,105.72907513799707,52.42104457947279,170.5436521347302,92.7585896136082,2.5119972963839134,1.058252427184466,0.00722412109375
4abaf032fe3785dfcb92,test,8,0.4625159800052643,11038.0,0.7976050138748189,1.8212100282496855,104.77052002174307,41.361129635001184,174.08208008697227,89.51603551368001,1.5419460047109983,0.7608695652173914,0.008982747395833334
4abaf032fe3785dfcb92,test,9,0.34530746936798096,11546.0,0.8417270037181606,1.903628427216356,129.20006928806512,40.637978975045186,200.23116230729258,117.72596570240776,1.9177204226571973,1.008695652173913,0.009396158854166666
4abaf032fe3785dfcb92,test,10,0.33382275700569153,13547.0,0.7997761544804604,1.8472543363286102,109.83501882335572,49.8628666925263,179.80453236879015,95.31940651066657,1.0589798479368127,1.5480769230769231,0.011024576822916667
4abaf032fe3785dfcb92,test,11,0.25648412108421326,6451.0,0.8125196652102971,1.7806854172926587,136.83568439001706,49.162837860367624,206.75662687955355,127.27406603627345,2.688420399937994,1.3846153846153846,0.0052498372395833335
4c5ce1fe4144a31bdbda,test,1,0.8393979072570801,54858.0,0.8261542440313323,1.8892399163577993,72.61141492580845,47.255178243935525,122.93537861387583,60.87553319479383,1.2705895220387182,0.9148148148148149,0.0446435546875
4c5ce1fe4144a31bdbda,test,2,0.756804347038269,7854.0,0.7564084272883459,1.822202762705996,134.19111280875987,42.14776312932829,197.09103641456582,127.61064425770309,3.253756047873695,1.0612244897959184,0.0063916015625
4c5ce1fe4144a31bdbda,test,3,0.7460499405860901,21156.0,0.37748689129404545,1.7829011411974158,127.81938929854415,38.93359682264165,187.46591983361694,121.48766307430516,4.063386273397618,0.976303317535545,0.017216796875
4c5ce1fe4144a31bdbda,test,4,0.7279529571533203,7674.0,0.6750365921055839,1.7392005573501637,131.5744070888715,38.75880861747371,196.14972634870992,123.84792806880375,2.1882981495960387,2.1159420289855073,0.0062451171875
4c5ce1fe4144a31bdbda,test,5,0.7211589217185974,34371.0,0.4496002456219339,1.8237439548229102,132.89430042768612,41.409807914101165,196.74874167175818,125.66535742340928,2.785429577259899,1.3333333333333333,0.02797119140625
4c5ce1fe4144a31bdbda,test,6,0.712469220161438,4555.0,0.7908162507713529,1.775950015651743,144.83205268935237,40.3222380383175,205.45993413830956,141.09154774972558,5.127113062568606,1.3823529411764706,0.0037068684895833334
4c5ce1fe4144a31bdbda,test,7,0.6474044919013977,4703.0,0.718947388657765,1.7246068847702103,136.6011056772273,25.730400571216904,199.21879651286412,130.7990644269615,2.3346799914947907,0.9047619047619048,0.0038273111979166665
4c5ce1fe4144a31bdbda,test,8,0.638051450252533,5117.0,0.7195626823135578,1.8705507576593245,154.656243892906,23.225081346644647,219.56615204221222,150.74008207934335,4.656243892906,0.5925925925925926,0.004164225260416667
4c5ce1fe4144a31bdbda,test,9,0.6192232966423035,13686.0,0.47673867137417675,1.7440703897397547,140.9595206780652,26.216537754872792,202.4595206780652,136.28006722197867,3.847508402747333,0.715,0.0111376953125
4c5ce1fe4144a31bdbda,test,10,0.5219966173171997,6901.0,0.8787184922621181,1.8080086520347718,103.56832343138676,34.686776211136646,160.4044341399797,94.17577162730039,3.1050572380814376,0.8910891089108911,0.0056160481770833335
4c5ce1fe4144a31bdbda,test,11,0.5093398690223694,20414.0,0.5208285983171604,1.8161096355561024,127.77961203095914,39.868761556656,190.1669932399334,120.1464191241305,3.5840109728617615,0.8793969849246231,0.016612955729166667
4c5ce1fe4144a31bdbda,test,12,0.49813392758369446,5588.0,0.6517144819928474,1.752433807591245,150.18539727988548,27.49029219039552,215.2625268432355,145.34251968503938,4.4835361488904795,0.7777777777777778,0.004547526041666666
4c5ce1fe4144a31bdbda,test,13,0.4743724465370178,75208.0,0.2913746561682959,1.787865804972637,120.04757472609298,38.226271285912574,184.3845069673439,110.12496011062653,2.5764014466546112,1.7087087087087087,0.06120442708333333
4c5ce1fe4144a31bdbda,test,14,0.4695200026035309,26215.0,0.37186033052576534,1.6271391118901093,144.02906732786573,32.429890547208394,207.7497997329773,139.04855998474156,2.670722868586687,0.9891696750902527,0.021333821614583335
4c5ce1fe4144a31bdbda,test,15,0.37385374307632446,4666.0,0.8126615078357978,1.9089990005665367,143.16223746249463,28.86434634594658,209.7912558936991,136.3156879554222,3.795113587655379,0.59375,0.003797200520833333
4c5ce1fe4144a31bdbda,test,16,0.35913538932800293,8803.0,0.5109374472061177,1.7536321779462665,135.47006702260592,46.891393441658636,197.00942860388503,129.5865046007043,4.421901624446211,1.2685185185185186,0.007163899739583333
4c5ce1fe4144a31bdbda,test,17,0.3104448616504669,9637.0,0.7030967121522202,1.8615978583374146,135.80159800767873,31.19455405843305,203.27124623845594,127.11642627373664,3.7080004150669295,1.0707964601769913,0.007842610677083334
4c5ce1fe4144a31bdbda,test,18,0.284536212682724,17492.0,0.7487251342629515,1.7618620416273434,114.42710953578779,43.53196810399994,176.35359021266865,104.71592728104277,2.1940887262748685,1.019736842105263,0.014235026041666666
4e973d8d8ac5cb3a8add,test,1,0.9379510879516602,175385.0,0.4417093098977979,1.870629721913289,119.61883855517861,40.07100045829283,170.59676141061095,114.89680987541693,10.231063089773926,0.7851373182552503,0.14272867838541667
4e973d8d8ac5cb3a8add,test,2,0.8702539205551147,16678.0,0.7218406307907578,1.903353518025876,106.91455810049166,38.06828053392064,155.767238277971,101.32569852500299,7.5775872406763405,1.5,0.013572591145833333
4e973d8d8ac5cb3a8add,test,3,0.8612979650497437,40742.0,0.44402622841163336,1.8358017718007762,118.21807962299347,40.67640485825376,169.680059889058,113.1442246330568,9.28378577389426,2.4658385093167703,0.03315592447916667
4e973d8d8ac5cb3a8add,test,4,0.8086220622062683,8354.0,0.7201426652833902,1.8297469962613788,146.5750538664113,33.65375145476923,205.8137419200383,142.28261910462055,13.244074694757003,1.0,0.006798502604166667
4e973d8d8ac5cb3a8add,test,5,0.7780484557151794,94326.0,0.21447580634511274,1.8015311133309022,144.68234633081016,48.0928812707247,202.32581684795284,140.96354133536883,12.638137947119564,1.1066350710900474,0.0767626953125
4e973d8d8ac5cb3a8add,test,6,0.6920627355575562,2366.0,0.7596152534118342,1.8686782090449325,158.5828402366864,37.42216076554736,218.35460693153001,156.21259509721048,14.054522400676246,0.746031746031746,0.0019254557291666667
4e973d8d8ac5cb3a8add,test,7,0.49917125701904297,3746.0,0.8181705718952461,1.7321015437665528,171.18179391350773,13.655700748494562,231.60838227442605,170.32888414308596,16.93246129204485,0.8048780487804879,0.0030485026041666666
4e973d8d8ac5cb3a8add,test,8,0.4975820779800415,3215.0,0.6434839974169654,1.782532903799371,155.47682737169518,43.77567595338177,217.51010886469675,152.13063763608088,10.037636080870918,2.3902439024390243,0.0026163736979166667
4e973d8d8ac5cb3a8add,test,9,0.47797057032585144,2198.0,0.8821046951581439,1.8104665964067004,160.2088262056415,11.966117405999455,219.0304822565969,158.4931756141947,14.612829845313922,1.0784313725490196,0.0017887369791666668
4e973d8d8ac5cb3a8add,test,10,0.47762173414230347,7254.0,0.6834039653731349,1.8186545994045615,160.43424317617865,46.45031992779391,213.67866004962778,160.37841191066997,21.021367521367523,0.6746031746031746,0.0059033203125
4e973d8d8ac5cb3a8add,test,11,0.4041009843349457,7455.0,0.6344979959963729,1.7383571588028883,176.29671361502346,23.930790185684984,233.83433936955063,178.66680080482897,13.178269617706237,1.6582278481012658,0.00606689453125
4e973d8d8ac5cb3a8add,test,12,0.39535167813301086,3380.0,0.8268147438681572,1.7088861406041367,193.5544378698225,11.408745003453804,242.246449704142,200.94023668639053,27.74881656804734,0.9285714285714286,0.002750651041666667
4e973d8d8ac5cb3a8add,test,13,0.2650599181652069,1562.0,0.896331535705153,1.753487053251619,191.61331626120358,6.467610774501864,244.7964148527529,197.51216389244559,21.558258642765686,1.0952380952380953,0.0012711588541666667
4e973d8d8ac5cb3a8add,test,14,0.2505664527416229,5632.0,0.5197944888915733,1.838010661632768,132.9884588068182,29.257557328576677,188.3467684659091,129.39186789772728,6.338423295454546,0.4097222222222222,0.004583333333333333
505fc68abf3b923c3bd8,test,1,0.5705638527870178,36415.0,0.5478849047643379,1.7175241089765072,132.17278593985995,51.19522711314994,205.2400659069065,120.54301798709324,0.39217355485376904,1.0224719101123596,0.029634602864583335
505fc68abf3b923c3bd8,test,2,0.4912054240703583,23279.0,0.42274553157426403,1.7880719212343226,107.2805532883715,46.61769456504843,177.33485115340005,92.34614888955711,0.41187336225782895,1.1283422459893049,0.018944498697916666
505fc68abf3b923c3bd8,test,3,0.44975972175598145,80257.0,0.257155743144179,1.7927333462515453,118.82521150803045,52.894176314343156,187.78480381773554,106.6034489203434,0.8894052855202661,0.5458248472505092,0.06531331380208333
505fc68abf3b923c3bd8,test,4,0.39315226674079895,57944.0,0.3706320952834314,1.890829279274556,129.1857655667541,42.056744000492365,202.71914262046113,116.7914365594367,0.11561162501725804,1.592920353982301,0.04715494791666667
505fc68abf3b923c3bd8,test,5,0.32980096340179443,38452.0,0.374346223321517,1.81516661626034,126.6718246125039,43.15941004953635,196.95487880994486,115.25241859981276,1.0919588057838343,2.2320441988950277,0.031292317708333336
505fc68abf3b923c3bd8,test,6,0.3207584321498871,4972.0,0.6883394046932778,1.7314559488298404,115.23169750603378,42.279757010544486,190.35478680611425,99.3179806918745,0.11544650040225261,0.6635514018691588,0.0040462239583333335
505fc68abf3b923c3bd8,test,7,0.3193984031677246,5072.0,0.7397026599741394,1.864069983436223,96.00236593059937,60.1427225557781,154.5891167192429,84.74014195583597,0.4242902208201893,0.5769230769230769,0.004127604166666667
505fc68abf3b923c3bd8,test,8,0.31380027532577515,23136.0,0.40169358412097944,1.7912943516790634,137.4186981327801,42.53252003683908,210.89665456431536,126.48003112033194,0.9510719225449515,0.937799043062201,0.018828125
505fc68abf3b923c3bd8,test,9,0.30676591396331787,3903.0,0.47125101949211434,1.8076857603166436,138.2147066359211,34.15498006954306,213.32410965923648,126.7235459902639,0.34537535229310784,0.35384615384615387,0.00317626953125
505fc68abf3b923c3bd8,test,10,0.2873852550983429,138870.0,0.41083453531686637,1.884907103745508,107.64405559156046,46.63974253925782,182.11808165910563,90.60326924461727,0.05261035500828112,1.1337868480725624,0.1130126953125
50f6c6ae334ad7f45442,test,1,0.8827039003372192,9664.0,0.7606680784008996,1.8640293199085924,154.9958609271523,40.99838198738223,210.2266142384106,154.00362168874173,15.282077814569536,0.84251968503937,0.007864583333333333
50f6c6ae334ad7f45442,test,2,0.8640365600585938,23498.0,0.4485152097572649,1.801574254291953,120.20588986296706,48.47285230104002,171.87743637756404,115.58800748999914,8.437696825261725,0.788546255506608,0.019122721354166667
50f6c6ae334ad7f45442,test,3,0.8459707498550415,13313.0,0.6162223807633379,1.829289572919013,137.5138586344175,57.71565732155128,185.3658078569819,135.83001577405543,20.65875460076617,0.5854922279792746,0.010834147135416666
50f6c6ae334ad7f45442,test,4,0.7444483041763306,5333.0,0.8265077779070359,1.7577975352558428,155.90586911681982,40.042689451281575,208.78698668666792,156.40802550159384,14.616538533658353,0.9404761904761905,0.004340006510416667
50f6c6ae334ad7f45442,test,5,0.7319748997688293,2182.0,0.8057909047300483,1.8264203259704075,157.9404216315307,23.349065332140277,217.3748854262145,155.01374885426213,17.04262144821265,0.7419354838709677,0.0017757161458333334
50f6c6ae334ad7f45442,test,6,0.6607967019081116,86936.0,0.18146321074139704,1.7769758260793531,125.34814116131408,57.694099794478056,178.96729778227663,120.79193889757983,8.234057237508052,1.6,0.07074869791666667
50f6c6ae334ad7f45442,test,7,0.587575376033783,5979.0,0.905167288649465,1.790377088736364,138.4159558454591,25.16024747136366,194.80448235490886,134.63973908680381,9.863355076099682,1.0843373493975903,0.00486572265625
50f6c6ae334ad7f45442,test,8,0.5764772295951843,12418.0,0.7477811104403149,1.7547673982606968,105.15622483491705,45.94821299030855,154.38959574810758,98.85625704622322,8.505636978579481,1.0451127819548873,0.010105794270833333
50f6c6ae334ad7f45442,test,9,0.39442014694213867,36408.0,0.3040733750557527,1.7146854028444678,113.26370577894969,40.45699419753597,161.93778839815425,108.33053175126346,11.004696769940672,0.9310344827586207,0.02962890625
50f6c6ae334ad7f45442,test,10,0.33114320039749146,12378.0,0.5273471332843969,1.7791542783616803,147.68645984811764,53.65725334207019,202.40256907416384,145.67813863305867,14.507432541606075,0.5472636815920398,0.0100732421875
50f6c6ae334ad7f45442,test,11,0.2993681728839874,1050.0,0.7104077551359623,1.7889970482618387,141.68952380952382,11.686735857857737,190.46666666666667,141.5857142857143,14.065714285714286,0.4339622641509434,0.0008544921875
51b72e8154398099c04f,test,1,0.9405747652053833,24633.0,0.6171883538281768,1.857918354369455,99.19546949214468,44.94096400143149,140.81922624122112,94.47513498152884,14.319002963504243,1.440251572327044,0.02004638671875
51b72e8154398099c04f,test,2,0.9262421131134033,14178.0,0.6013439697583156,1.7704162281212634,141.10741994639582,37.19175129984776,197.78988573846806,136.10495133305122,18.11581323176753,0.8741721854304636,0.0115380859375
51b72e8154398099c04f,test,3,0.8876838684082031,8059.0,0.8230563365297766,1.8465575077049663,106.81188733093435,45.38340181817425,151.92840302767092,101.58121355006824,15.352276957438889,0.775,0.006558430989583333
51b72e8154398099c04f,test,4,0.8833984732627869,14968.0,0.6508407092841921,1.7193002730388078,123.13876269374666,29.94238051850115,171.50200427578835,119.17958311063602,16.547367717797968,1.042857142857143,0.012180989583333333
51b72e8154398099c04f,test,5,0.8689981698989868,8500.0,0.6986060283082385,1.8365327473657995,117.45035294117648,32.4319850273863,163.37341176470588,113.51082352941177,17.236823529411765,1.0803571428571428,0.006917317708333333
51b72e8154398099c04f,test,6,0.8311489224433899,20251.0,0.8133855524582909,1.8381077252521423,114.98350698730927,45.66156744311991,171.18601550540714,106.03659078564021,13.676657942817638,1.2297297297297298,0.016480305989583333
51b72e8154398099c04f,test,7,0.829310953617096,6183.0,0.6986649052263953,1.7760888926718712,152.48552482613619,25.49223783092269,201.52838427947597,151.44379750929969,29.103509623160278,1.8507462686567164,0.00503173828125
51b72e8154398099c04f,test,8,0.7013902068138123,15049.0,0.7453562636393491,1.8779439947139362,119.29384012226726,72.72148254439905,163.16805103329125,116.68469665758522,17.669944846833676,0.6491228070175439,0.012246907552083333
51b72e8154398099c04f,test,9,0.6402603387832642,1981.0,0.673709718875966,1.6798335991575462,163.84452296819788,46.740296123509744,217.58505805148914,163.5047955577991,24.586572438162545,2.264705882352941,0.0016121419270833334
51b72e8154398099c04f,test,10,0.4314620792865753,17220.0,0.4484890097194617,1.7958978967339365,125.1822299651568,71.54950616803868,170.2869337979094,122.87845528455284,18.747502903600466,1.1314285714285715,0.014013671875
556306b3ce2964526e6f,test,1,0.919231116771698,21987.0,0.5558979007620081,1.7896252818983622,117.8984399872652,38.75274259634886,166.91886114522217,114.14858780188293,8.608905262200391,0.5669291338582677,0.01789306640625
556306b3ce2964526e6f,test,2,0.8996995687484741,18641.0,0.7225875768447934,1.7574026745965876,115.54562523469771,53.06698604169932,164.41494555013142,110.86336569926506,11.471219355184807,1.2597402597402598,0.015170084635416666
556306b3ce2964526e6f,test,3,0.8656660914421082,9521.0,0.490293683585137,1.7884765736959143,116.09463291671042,45.08866702045594,163.80758323705493,112.25354479571473,10.721352799075728,1.078740157480315,0.007748209635416667
556306b3ce2964526e6f,test,4,0.8273224830627441,25096.0,0.4352519164356975,1.8012639118062663,116.43504941026458,42.62271849699856,167.62276856869622,111.14141695887791,9.383726490277335,0.9728506787330317,0.020423177083333334
556306b3ce2964526e6f,test,5,0.7621721029281616,50666.0,0.2541681494221102,1.7790455265261755,117.75656258634982,39.500630818454745,175.4299727627995,110.0392965696917,6.244976907590889,0.8941504178272981,0.041232096354166664
556306b3ce2964526e6f,test,6,0.752156674861908,11367.0,0.5925597998859067,1.8255447764606312,168.3174100466262,26.996340335917058,222.0423154746195,169.2905779889153,22.31274742676168,1.2416666666666667,0.00925048828125
556306b3ce2964526e6f,test,7,0.723476231098175,32367.0,0.6733413500641223,1.8311349825669825,128.82358575091914,43.415635143788954,190.62875768529676,120.72626440510396,8.418172830351901,0.6751824817518248,0.02634033203125
556306b3ce2964526e6f,test,8,0.6490651965141296,228191.0,0.1255695690253073,1.793312554541001,131.48676766393066,47.651087329751476,191.4614467704686,124.95056334386544,7.870240281167969,1.2383177570093458,0.18570231119791666
556306b3ce2964526e6f,test,9,0.3993484377861023,2978.0,0.7679342813630122,1.7959803696885908,158.83378106111485,23.3825223429083,222.05574210879786,154.95869711215582,12.851578240429818,1.096774193548387,0.0024235026041666665
556306b3ce2964526e6f,test,10,0.3538447618484497,16667.0,0.6174843768829118,1.745558127599488,125.93646127077459,34.54569314184985,186.43319133617328,118.22793544129118,6.956740865182696,1.017751479289941,0.013563639322916666
556306b3ce2964526e6f,test,11,0.2599821090698242,12345.0,0.3389736338291097,1.7343437565734143,123.98874038072094,39.11919809210322,182.8496557310652,116.7778857837181,6.724341838801134,0.9550561797752809,0.01004638671875
561efe3de4a79e142d92,test,1,0.8169975280761719,31993.0,0.785474993883763,1.8411106251006168,77.16200418841622,68.66440784228705,123.06560810177226,68.54049323289469,1.0622636201669116,1.044776119402985,0.026035970052083333
561efe3de4a79e142d92,test,2,0.7801687717437744,12769.0,0.8341487514214849,1.8429570205163308,123.88472080820738,43.156613050409156,192.6090531756598,112.65627692066724,1.378181533401206,1.1946902654867257,0.010391438802083333
561efe3de4a79e142d92,test,3,0.7582954168319702,19971.0,0.5513956250850077,1.767900249795455,153.1566271093085,44.10586954960482,222.9649992489109,147.16889489760152,0.8652045465925592,1.4662162162162162,0.01625244140625
561efe3de4a79e142d92,test,4,0.7317572832107544,8878.0,0.8250565639497791,1.8477789710988486,113.63674250957423,61.03941009612755,174.32349628294662,104.55789592250507,1.2391304347826086,0.9904761904761905,0.007224934895833333
561efe3de4a79e142d92,test,5,0.7120925784111023,10779.0,0.739124089719059,1.8148157699203924,151.81974209110308,39.18740996087629,223.17663976250117,144.69876611930607,1.2849986084052325,0.8345323741007195,0.00877197265625
561efe3de4a79e142d92,test,6,0.5579419732093811,23610.0,0.2875461644002364,1.715101726770123,175.17141041931384,20.485543401103673,242.2989834815756,174.8093604404913,0.926853028377806,2.217948717948718,0.0192138671875
561efe3de4a79e142d92,test,7,0.45681115984916687,10157.0,0.8105020854065991,1.8756593159315935,112.40720685241705,50.18043037324872,176.78970168356798,101.24426503888944,0.988382396376883,1.2019230769230769,0.008265787760416667
561efe3de4a79e142d92,test,8,0.4098420739173889,54317.0,0.3825891313817111,1.7931770752453216,146.38151959791594,41.48982987227006,217.33628514093195,138.35661026934477,1.5405674098348583,1.2348754448398576,0.04420328776041667
561efe3de4a79e142d92,test,9,0.3987828493118286,23774.0,0.6121332902379971,1.796535544636957,132.21027172541432,41.60000526373147,204.51972743333053,120.78001177757214,1.371287961638765,0.8558951965065502,0.019347330729166667
561efe3de4a79e142d92,test,10,0.3918294608592987,17327.0,0.7534150834959378,1.7555310816339695,107.38494834651122,41.97898046477058,175.81312402608646,93.05326946384255,1.6971201015755757,1.119205298013245,0.014100748697916667
561efe3de4a79e142d92,test,11,0.37944430112838745,25254.0,0.48747752468527217,1.8082030732805234,150.32485942820938,37.764243290782,222.04193395105725,142.7008790686624,1.408806525698899,0.9141630901287554,0.0205517578125
561efe3de4a79e142d92,test,12,0.3629750609397888,25051.0,0.4638692101735352,1.8058917213180739,111.5509560496587,52.0858981776699,177.78348169733744,99.17292722845396,1.5351482974731547,0.8117154811715481,0.020386555989583333
561efe3de4a79e142d92,test,13,0.3291742503643036,6700.0,0.7959452635288475,1.8200504151598103,125.94671641791045,38.848396455047364,196.16253731343284,114.45134328358209,0.9686567164179104,1.0217391304347827,0.005452473958333333
561efe3de4a79e142d92,test,14,0.3236580789089203,8924.0,0.8725884643724788,1.8488091635696633,86.4359031824294,51.7378255498712,146.38738233975795,72.42200806813088,1.2775661138502914,0.8672566371681416,0.0072623697916666665
561efe3de4a79e142d92,test,15,0.29674002528190613,32310.0,0.48636265982425747,1.801879211543354,127.21494893221913,43.256884274411846,197.553698545342,115.72138656762613,1.9005261528938409,1.883435582822086,0.0262939453125
561efe3de4a79e142d92,test,16,0.2549619674682617,10997.0,0.653682942710266,1.854630420859953,112.86787305628808,50.037860558525274,179.92070564699463,100.33336364463035,1.4815858870601073,1.2704918032786885,0.008949381510416667
561efe3de4a79e142d92,test,17,0.25217869877815247,14423.0,0.6603683666467295,1.8696224500499103,119.00478402551481,45.12807251968755,189.03792553560285,106.14650211467794,1.508008042709561,0.5721925133689839,0.011737467447916667
56780da53f3d98eae11f,test,1,0.7382407188415527,27005.0,0.36509481273634165,1.8095901007864026,132.1470098129976,42.36246306607235,200.03240140714684,122.703943714127,2.6829846324754674,1.147982062780269,0.021976725260416666
56780da53f3d98eae11f,test,2,0.7196922898292542,18297.0,0.6045144753765667,1.7659343977274318,127.13794611138438,42.83393531208754,193.14106137618188,117.686123408209,2.668251625949609,1.1043956043956045,0.01489013671875
56780da53f3d98eae11f,test,3,0.7029655575752258,6823.0,0.5367322716276399,1.8750285051599072,168.08984317748792,37.43707784949123,233.35145830279936,167.01832038692658,2.4168254433533636,2.7454545454545456,0.005552571614583333
56780da53f3d98eae11f,test,4,0.5677387714385986,42311.0,0.481385330455545,1.8959109977243676,130.21821748481483,56.181743651956175,195.156578667486,121.86079270166151,2.9029330434166054,1.0244897959183674,0.034432779947916665
56780da53f3d98eae11f,test,5,0.4934115409851074,8020.0,0.7044121886075155,1.8123018666207817,134.13728179551123,38.86289900785396,202.86645885286782,124.7425187032419,2.1728179551122193,1.145631067961165,0.0065266927083333336
56780da53f3d98eae11f,test,6,0.47228026390075684,8220.0,0.6374944854129195,1.8310743114729837,128.53734793187348,57.51704870937492,191.61800486618006,120.60121654501216,3.9479318734793187,1.0086206896551724,0.006689453125
56780da53f3d98eae11f,test,7,0.42249825596809387,42273.0,0.3509947409446024,1.832681348155682,160.02360844983795,39.26151757391423,229.27748208076076,155.23109313273247,3.0159676389184584,0.5447154471544715,0.03440185546875
56780da53f3d98eae11f,test,8,0.420918732881546,25202.0,0.48826364162265484,1.8204208073390942,143.36540750734068,45.72104649526527,214.791603840965,134.36921672883105,2.3317197047853346,1.588235294117647,0.020509440104166665
56780da53f3d98eae11f,test,9,0.41203540563583374,18378.0,0.6237523399343481,1.7574367438943643,127.633964522799,42.780177397431025,198.14299706170422,116.12618348024812,1.9455327021438678,1.1379310344827587,0.0149560546875
56780da53f3d98eae11f,test,10,0.405619353055954,31940.0,0.3708412778343473,1.8151392987620398,117.880557294928,51.21234518650332,182.21117720726363,107.44098309329993,2.8800563556668752,1.521978021978022,0.025992838541666667
56780da53f3d98eae11f,test,11,0.3941134810447693,22033.0,0.45986385599796814,1.7862205471293333,135.0782462669632,49.3052789704575,203.18308900285936,125.96686787999819,3.3447102074161483,0.7976653696498055,0.017930501302083332
56780da53f3d98eae11f,test,12,0.3888095021247864,6572.0,0.6358538961291552,1.7932797058544823,170.58110164333536,38.63968851359031,233.82273280584297,170.711503347535,3.9669811320754715,1.2688172043010753,0.005348307291666667
56780da53f3d98eae11f,test,13,0.37082114815711975,13373.0,0.6862847673821546,1.7448541928821215,111.24549465340611,49.35187277321853,180.49368129813803,97.42428774396171,0.8029611904583863,0.9785714285714285,0.010882975260416667
56780da53f3d98eae11f,test,14,0.36323419213294983,81694.0,0.1827348467392678,1.7507135994152823,139.48116140720248,49.62664243408776,207.1951428501481,131.4601684334223,3.156767938893921,0.6794425087108014,0.06648274739583333
56780da53f3d98eae11f,test,15,0.35916173458099365,17182.0,0.566383042943789,1.7516421366771846,154.21545803748108,34.890456953172595,226.4715981841462,146.96682574787567,1.9888255150739145,0.8956043956043956,0.013982747395833333
56780da53f3d98eae11f,test,16,0.31089314818382263,9458.0,0.3631448191161865,1.7636287921933702,141.03267075491647,40.939452769393284,209.04948192006768,133.328716430535,2.2396912666525695,1.9626168224299065,0.007696940104166667
56780da53f3d98eae11f,test,17,0.2832145690917969,20427.0,0.5272150809083684,1.792116896931674,154.77123415087874,40.048465264464504,226.1258138737945,148.09027267831792,1.9686689185881432,1.1005917159763314,0.01662353515625
56780da53f3d98eae11f,test,18,0.2555100619792938,67777.0,0.1738166716160477,1.8087354357104277,134.69988344128538,49.69424318650268,205.06676306121545,124.63840240789648,1.947696121103029,0.5487804878048781,0.055157063802083336
57dbe5047372436023db,test,1,0.746735155582428,7104.0,0.5771793975421925,1.8617774331056207,81.86261261261261,52.41227643932893,137.4501689189189,69.32629504504504,0.6485078828828829,0.39751552795031053,0.00578125
57dbe5047372436023db,test,2,0.6072797775268555,3181.0,0.48993297720183726,1.8160541054548804,101.28795976108142,33.71025191549097,167.1169443571204,87.31310908519333,0.6082992769569318,3.6470588235294117,0.0025887044270833334
57dbe5047372436023db,test,3,0.5011579990386963,10194.0,0.8649760565830334,1.8778629575455397,110.95154012164018,49.89714755966462,173.15303119482047,100.37698646262507,2.2570139297626053,1.0462962962962963,0.0082958984375
57dbe5047372436023db,test,4,0.5008529424667358,575617.0,0.15636899174365676,1.888573216333523,86.591752849551,44.35861732922738,146.25827937673836,72.75696339753691,1.3292102213798411,1.0319488817891374,0.46843831380208334
57dbe5047372436023db,test,5,0.3368717432022095,15014.0,0.6756558097629263,1.8859322141450294,86.54016251498601,46.37407143292161,147.43899027574264,72.13314240042627,0.9983348874383908,0.6117021276595744,0.012218424479166667
5b10297d142b5e7e56db,test,1,0.8717311024665833,14342.0,0.7514604823177199,1.762136216855781,83.00425324222563,35.869342473823075,124.19258122995399,77.51024961651095,3.3309859154929575,0.9671052631578947,0.011671549479166666
5b10297d142b5e7e56db,test,2,0.8618592619895935,8013.0,0.8063465890361304,1.8377327320342167,106.49369774117059,38.44884402496193,151.01185573443155,103.16610507924622,6.922376138774491,0.9333333333333333,0.00652099609375
5b10297d142b5e7e56db,test,3,0.8550317883491516,8640.0,0.8298757653376544,1.8348236969449905,131.32025462962963,41.66698729798831,188.2732638888889,126.04872685185185,9.05949074074074,0.963963963963964,0.00703125
5b10297d142b5e7e56db,test,4,0.7965139150619507,5832.0,0.7575380460797134,1.7582557198583904,142.84979423868313,38.927825348681054,201.85836762688615,139.21570644718793,6.786865569272977,1.6911764705882353,0.00474609375
5b10297d142b5e7e56db,test,5,0.7525810599327087,3697.0,0.4987716485573572,1.7580411573499763,142.51176629699756,24.15184886648398,202.4922910467947,138.67108466324046,4.968623208006492,2.3333333333333335,0.0030086263020833335
5b10297d142b5e7e56db,test,6,0.7179986238479614,21744.0,0.5992327370736825,1.8282632188105157,101.3913723325975,72.50501854615761,144.01499264164826,97.91965599705667,7.587840323767476,1.196629213483146,0.0176953125
5b10297d142b5e7e56db,test,7,0.6995283365249634,12802.0,0.615361016024422,1.6885787360036524,132.1158412748008,40.10574330178781,189.08686142790188,127.7879237619122,5.015856897359788,1.0579710144927537,0.010418294270833333
5b10297d142b5e7e56db,test,8,0.6954794526100159,4229.0,0.8157522577170949,1.710299392240928,170.2113974934973,13.903894456913967,229.50626625679828,171.65216363206432,7.210688105935209,0.8192771084337349,0.0034415690104166665
5b10297d142b5e7e56db,test,9,0.6704888343811035,8449.0,0.566303852837523,1.7719022043895793,159.11906734524797,39.752492354447696,217.0129009350219,159.54574505858682,5.186767664812404,0.5202702702702703,0.0068758138020833335
5b10297d142b5e7e56db,test,10,0.6581206321716309,42430.0,0.4021763914860231,1.8406719837915586,151.78906434126796,39.65555388225668,209.96650954513316,150.18423285411265,7.500565637520622,1.7566137566137565,0.034529622395833334
5b10297d142b5e7e56db,test,11,0.546358585357666,47753.0,0.4237956825928134,1.8555813532168401,84.49397943584697,35.359989082406955,130.56241492681087,76.80160408770129,3.3419889849852367,1.220472440944882,0.03886149088541667
5b10297d142b5e7e56db,test,12,0.5038970112800598,20583.0,0.5519749446932389,1.7716597386375583,100.8517222950979,39.498958021826596,148.13953262401012,95.3315357333722,5.275664383228878,0.8963730569948186,0.01675048828125
5b10297d142b5e7e56db,test,13,0.4968035817146301,829.0,0.7212283351212513,1.79144284538235,119.9384800965018,19.619598977422736,168.3425814234017,117.57056694813028,5.059107358262968,2.0434782608695654,0.0006746419270833333
5b10297d142b5e7e56db,test,14,0.418070912361145,4986.0,0.8999088995499049,1.7410994833749203,148.23806658644205,41.174470569359436,205.4263939029282,145.8688327316486,10.471921379863618,1.2857142857142858,0.0040576171875
5b10297d142b5e7e56db,test,15,0.41275328397750854,6363.0,0.5843150226862198,1.7965707055386109,102.7955366965268,33.154060571776284,150.43878673581645,97.46707527895647,5.277542039918278,2.014925373134328,0.00517822265625
5b10297d142b5e7e56db,test,16,0.4051121175289154,7159.0,0.8071705225409886,1.7979018605526873,128.57591842436094,41.598239551461134,185.67788797318062,123.61139823997765,4.4176560972202825,1.0816326530612246,0.005826009114583333
5b10297d142b5e7e56db,test,17,0.3855137228965759,50750.0,0.3285239141213107,1.8488272056855932,111.98484729064039,37.81575957022722,164.65491625615763,105.8728275862069,5.299665024630542,1.5183673469387755,0.041300455729166664
5b10297d142b5e7e56db,test,18,0.3240247964859009,4470.0,0.8678644421554847,1.7710416570898604,128.27293064876957,38.10213820973866,184.19530201342283,123.71789709172259,5.112975391498882,1.0,0.0036376953125
5b10297d142b5e7e56db,test,19,0.26763901114463806,96920.0,0.22221610437982334,1.766771949803112,98.06040033016922,38.95762171762271,147.4536731324804,91.11953157243087,4.277651671481634,1.8826979472140764,0.07887369791666667
5f5bbf14c194e1f30f27,test,1,0.8998135328292847,41529.0,0.4977055801755174,1.8363565057124207,122.22227840785956,51.699768131962394,170.78554744877073,117.0924895855908,21.22711839919093,0.7748344370860927,0.03379638671875
5f5bbf14c194e1f30f27,test,2,0.855234682559967,27570.0,0.45847300203925506,1.8199874690857365,117.55930359085963,48.02488305080112,162.03463910047154,113.10660137830976,23.79151251360174,1.185,0.0224365234375
5f5bbf14c194e1f30f27,test,3,0.8269750475883484,8948.0,0.696614837859132,1.833257049133147,120.56135449262405,30.67586778147563,157.4149530621368,120.30420205632544,25.11198033080018,0.6985294117647058,0.007281901041666667
5f5bbf14c194e1f30f27,test,4,0.7923080921173096,5871.0,0.6889624901310142,1.7753739258325054,124.89626980071539,51.41594127228553,168.9896099471981,121.83478112757622,24.93374212229603,0.6635514018691588,0.00477783203125
5f5bbf14c194e1f30f27,test,5,0.7762458324432373,88386.0,0.19289161345475136,1.7603370929806101,106.34936528409477,43.81138293367942,146.581743715068,102.78054216731157,19.17568393184441,1.7507246376811594,0.0719287109375
5f5bbf14c194e1f30f27,test,6,0.7627369165420532,21900.0,0.4544856483285093,1.7938217378379473,101.15639269406392,50.51920894899377,142.23205479452054,96.77328767123288,15.982100456621005,1.546583850931677,0.017822265625
5f5bbf14c194e1f30f27,test,7,0.7298297882080078,63703.0,0.2601820198060713,1.7702271462389227,147.6693562312607,49.00954779035403,195.01671820793368,146.8305731284241,27.74387391488627,1.1887905604719764,0.05184163411458333
5f5bbf14c194e1f30f27,test,8,0.41501301527023315,1811.0,0.9034747643790423,1.7766341443779454,181.24958586416344,19.877082069584382,226.18995030369962,182.8487023743788,54.92159028161237,1.1333333333333333,0.0014737955729166668
5f5bbf14c194e1f30f27,test,9,0.38303473591804504,93013.0,0.21270424099130503,1.755639154278656,141.90783008826722,51.36762176346437,189.81138120477783,140.1581284336598,25.255899712943354,2.302491103202847,0.07569417317708334
5f5bbf14c194e1f30f27,test,10,0.3539123833179474,38774.0,0.339049838692928,1.8447288268250563,133.67614896580181,52.23575209509585,180.90246041161603,131.36109248465468,21.73747872285552,1.2666666666666666,0.03155436197916667
5f5bbf14c194e1f30f27,test,11,0.3226917088031769,89588.0,0.1942473270750567,1.8223962638622804,126.2022927177747,47.12996677765793,171.42228869937938,123.1120797428227,23.46392373978658,0.4904153354632588,0.07290690104166667
5f5bbf14c194e1f30f27,test,12,0.3143942654132843,12680.0,0.33070818728290713,1.7861812568599391,147.00670347003154,41.457777949859185,190.16561514195584,148.00149842271293,28.66372239747634,0.34782608695652173,0.010319010416666666
5f5bbf14c194e1f30f27,test,13,0.31354016065597534,216757.0,0.14062338193036458,1.7734941485509648,130.51385653058495,51.34959116572682,174.6785847746555,128.5906568184649,24.563917197599153,1.3467153284671534,0.17639729817708333
5f5bbf14c194e1f30f27,test,14,0.2954234182834625,2731.0,0.8009622971654333,1.7725825988724122,174.3811790552911,23.75576164076231,220.79531307213475,176.26913218601246,42.79751006957159,0.9090909090909091,0.0022224934895833334
5f5bbf14c194e1f30f27,test,15,0.2893340289592743,1141.0,0.45833906638569094,1.7951205326054298,151.07361963190183,28.040596211392813,194.57318141980718,151.4934268185802,34.73707274320771,4.052631578947368,0.0009285481770833333
5f5bbf14c194e1f30f27,test,16,0.2674703896045685,37824.0,0.3703513404331089,1.8090720940620582,113.16679885786802,43.64326739809501,157.9888959390863,108.85987732656514,17.75150697969543,1.545,0.03078125
64468e06f686244f372c,test,1,0.9214916825294495,34956.0,0.3106669885553589,1.8192675107073812,121.76893809360338,27.26763112771729,179.20748941526492,115.60530381050464,2.9106305069229887,0.7402597402597403,0.028447265625
64468e06f686244f372c,test,2,0.9168972969055176,16936.0,0.6517738378818131,1.8079104052587707,125.46303731695797,30.52425805086833,183.48464808691546,119.44721303731696,4.284364666981578,0.7068062827225131,0.013782552083333333
64468e06f686244f372c,test,3,0.9158726930618286,48400.0,0.4407296570591055,1.7333233871665197,128.77729338842974,38.163874692138236,191.81628099173554,120.96681818181818,3.730661157024793,1.1433333333333333,0.039388020833333336
64468e06f686244f372c,test,4,0.8938183188438416,18840.0,0.7743847445328047,1.7715372249078063,129.80918259023355,47.18683840042484,190.92882165605096,123.2567940552017,3.342940552016985,0.96045197740113,0.01533203125
64468e06f686244f372c,test,5,0.8544365763664246,35915.0,0.5130346297622564,1.8027917122918087,116.51780593066964,46.38435967634007,175.22795489349855,108.66752053459557,3.090909090909091,1.421276595744681,0.029227701822916667
64468e06f686244f372c,test,6,0.8450525999069214,13366.0,0.8474126923377014,1.8550655980174346,116.97321562172677,38.02709604685506,175.16145443663027,109.47329043842586,3.063968277719587,1.1951219512195121,0.010877278645833334
64468e06f686244f372c,test,7,0.8337339758872986,5863.0,0.7890905404154854,1.7664850042895208,112.49087497867986,37.76735896251966,165.9655466484735,106.52294047415998,3.0025584171925637,0.7314814814814815,0.004771321614583333
64468e06f686244f372c,test,8,0.8254460692405701,30227.0,0.5164350586688505,1.8479235076845875,133.00850233235187,46.569256277376404,193.915704502597,127.05117940913753,4.042643993780395,0.8055555555555556,0.024598795572916665
64468e06f686244f372c,test,9,0.7248619794845581,23314.0,0.4059245401127119,1.8188108933979124,149.68177918847044,32.254849497563306,213.82323925538304,145.37612593291584,3.715235480826971,0.9629629629629629,0.018972981770833335
64468e06f686244f372c,test,10,0.6602641344070435,72388.0,0.3344937258638273,1.790979705056842,115.70203624910206,39.89967356574271,172.0709648007957,108.72770348676576,3.831173675194784,1.6481481481481481,0.05890950520833333
64468e06f686244f372c,test,11,0.5507470369338989,4765.0,0.45672614656965943,1.717145474275275,109.03546694648479,36.65389871335642,161.0289611752361,103.31290661070304,2.320461699895068,0.5819672131147541,0.0038777669270833332
64468e06f686244f372c,test,12,0.4903678894042969,18888.0,0.39126331261357966,1.7535961233690192,104.72463998305803,36.95169590119183,154.02477763659465,99.23972892842016,3.7041507835662855,1.7,0.01537109375
64468e06f686244f372c,test,13,0.4808836281299591,30204.0,0.6794148341238082,1.8484208993168112,109.87408952456629,40.109309721596205,164.52310952191763,102.80343663090981,3.0329426566017745,0.6509803921568628,0.024580078125
64468e06f686244f372c,test,14,0.27746111154556274,11914.0,0.5433900667878117,1.8168279177731095,94.0169548430418,36.215200630164084,142.44132952828605,87.07587711935538,2.8411112976330366,1.5740740740740742,0.009695638020833333
681a876951ba9566e7cf,test,1,0.7805514335632324,13452.0,0.7182158638940821,1.706010156331254,147.26152245019327,35.13698604018876,218.96922390722568,138.8414362176628,2.4860987213797205,1.25,0.010947265625
681a876951ba9566e7cf,test,2,0.6990864276885986,24463.0,0.6143953899704058,1.809658045035531,145.83358541470793,39.91345311770697,218.0875199280546,136.91664963414135,2.1886113722764993,0.6244725738396625,0.019908040364583334
681a876951ba9566e7cf,test,3,0.6103537678718567,20766.0,0.7681103903824431,1.7836024064898837,108.76779350861986,46.93948385914411,177.23654049889242,94.52581142251758,2.5200809014735626,0.8730964467005076,0.0168994140625
681a876951ba9566e7cf,test,4,0.40722692012786865,17457.0,0.5732704426630966,1.7921121911705082,161.9958182963854,34.991286646663305,230.459070859827,158.05814286532623,2.660136334994558,0.6103286384976526,0.01420654296875
681a876951ba9566e7cf,test,5,0.3960283696651459,66982.0,0.35284206053000217,1.7567137595664057,125.79431787644442,47.83788289194586,194.29651249589443,114.80675405332777,2.6888119196201963,1.065040650406504,0.054510091145833335
681a876951ba9566e7cf,test,6,0.3560950756072998,12378.0,0.3314779813460652,1.7380326443191116,147.57117466472775,39.12893844884078,216.03037647439004,141.09290677007593,1.3515915333656487,0.26334519572953735,0.0100732421875
681a876951ba9566e7cf,test,7,0.3055798411369324,5231.0,0.8516418980621662,1.7562931049409076,146.5297266297075,32.968918029167575,220.36436627795834,136.87191741540815,2.636016058115083,0.9285714285714286,0.004256998697916667
681a876951ba9566e7cf,test,8,0.2661944329738617,1659.0,0.31452179272945885,1.921322620086641,190.19590114526824,14.37631105487729,251.82941531042798,195.54189270644966,0.8505123568414708,7.5,0.00135009765625
695b6e81de4267b2d653,test,1,0.7125413417816162,10582.0,0.6158526111684095,1.7107926327802683,125.06048006048006,49.37012183066669,192.7052542052542,114.60810810810811,1.4663579663579664,1.0692307692307692,0.008611653645833333
695b6e81de4267b2d653,test,2,0.6865410208702087,4906.0,0.7517784241908907,1.7375481116889864,122.17142274765592,60.401390148008254,180.986139421117,115.73379535262943,1.1082348145128413,1.476923076923077,0.003992513020833333
695b6e81de4267b2d653,test,3,0.6723138689994812,18799.0,0.6526964588716289,1.7765315871842513,130.13373051758072,43.3834412501472,194.34198627586574,122.53508165327943,0.8753657109420714,0.8882978723404256,0.015298665364583333
695b6e81de4267b2d653,test,4,0.6217560172080994,17447.0,0.5373073650610012,1.8019320573152626,87.4048260445922,43.96683105119737,146.53665386599414,74.19791368143521,0.29431994039089815,0.9772727272727273,0.014198404947916667
695b6e81de4267b2d653,test,5,0.601787269115448,5170.0,0.7621444730216221,1.7393910622415047,124.01083172147003,56.9179010934068,186.35918762088974,115.51353965183752,4.192069632495165,0.6132075471698113,0.0042073567708333336
695b6e81de4267b2d653,test,6,0.5923264026641846,5072.0,0.8660761073647292,1.7457786592911522,101.99447949526814,54.6548242316753,163.5195189274448,90.27405362776025,0.9361198738170347,0.7446808510638298,0.004127604166666667
695b6e81de4267b2d653,test,7,0.5545748472213745,29851.0,0.33625763726778807,1.7996599021479553,140.2160061639476,44.80443182013468,205.1708820475026,134.19419784931827,0.7965897289873036,1.4835164835164836,0.024292805989583333
695b6e81de4267b2d653,test,8,0.49791157245635986,8575.0,0.8855283593298592,1.8540210111393516,88.87895043731778,51.975204169498944,148.25516034985424,75.64431486880467,1.3193002915451895,1.2555555555555555,0.006978352864583333
695b6e81de4267b2d653,test,9,0.4968135952949524,9553.0,0.8778118322010475,1.8594545204400215,48.684182979168845,47.11915555780137,90.94389197110856,36.480372657803834,0.5730137129697477,1.0754716981132075,0.007774251302083333
695b6e81de4267b2d653,test,10,0.49255046248435974,17092.0,0.8036891358292644,1.7962708235315759,56.76456821904985,36.51293464453121,104.87415164989469,43.242511116311725,0.14995319447694827,0.7572254335260116,0.013909505208333334
695b6e81de4267b2d653,test,11,0.4906657934188843,12548.0,0.7125048205651101,1.849474038992364,83.14775262990118,34.790499715688746,143.13356710232708,68.69525023908193,0.22856232068855595,0.7232704402515723,0.010211588541666667
695b6e81de4267b2d653,test,12,0.46213072538375854,5661.0,0.837068056903603,1.7741502042738941,108.51863628334216,46.09085151262477,175.51881293057764,95.27027027027027,0.9904610492845787,1.0833333333333333,0.00460693359375
695b6e81de4267b2d653,test,13,0.4539983868598938,6747.0,0.787484877736293,1.7942565493535252,101.0326070846302,41.674806662614444,169.70742552245443,85.4204831777086,1.3053208833555654,1.2625,0.00549072265625
695b6e81de4267b2d653,test,14,0.4339718520641327,15964.0,0.7953199839118825,1.8849002559809567,82.04535204209472,49.37364454407955,141.59552743673265,67.48690804309697,0.7572037083437735,1.543103448275862,0.012991536458333333
695b6e81de4267b2d653,test,15,0.4199475944042206,11447.0,0.7861892206776914,1.907997884273437,100.57674499868962,37.61420201693864,171.71066655018782,83.54643137940072,1.7329431292041584,1.0078740157480315,0.009315592447916667
695b6e81de4267b2d653,test,16,0.41302943229675293,8859.0,0.5205512716960133,1.8211957969760002,113.86262557850773,52.19205701629268,174.37532452872784,105.04763517327012,0.5029913082740716,0.3489583333333333,0.00720947265625
695b6e81de4267b2d653,test,17,0.3916943669319153,10818.0,0.6831421553550895,1.8142368032320528,120.65002773155851,34.9502498872834,189.4727306341283,108.80033277870216,1.1464226289517472,1.3303571428571428,0.0088037109375
695b6e81de4267b2d653,test,18,0.38355764746665955,4785.0,0.84913570221664,1.78967391844481,113.20020898641589,47.736831246193844,179.01462904911182,101.62842215256008,0.18369905956112853,0.9285714285714286,0.00389404296875
695b6e81de4267b2d653,test,19,0.3768587112426758,2309.0,0.8147809230041377,1.8364289125378987,157.82676483326117,45.141050804185596,222.6617583369424,155.0147249891728,2.2174101342572543,0.7903225806451613,0.0018790690104166666
695b6e81de4267b2d653,test,20,0.37532860040664673,3123.0,0.7999158334950013,1.800997019675025,126.34550112071726,40.51502492174305,198.70893371757924,113.74895933397374,1.3474223503041947,1.1964285714285714,0.00254150390625
695b6e81de4267b2d653,test,21,0.3711848258972168,5407.0,0.7360780493749838,1.8110347516518823,100.81801368596264,43.97104425249939,166.35842426484186,86.81412983169965,1.0292213796929905,1.6923076923076923,0.004400227864583333
695b6e81de4267b2d653,test,22,0.3607926070690155,2779.0,0.3101788131359029,1.8860334778283818,99.9201151493343,49.86367982323315,162.15761065131343,87.55019791291832,0.3695573947463116,5.033333333333333,0.0022615559895833334
695b6e81de4267b2d653,test,23,0.34219276905059814,2091.0,0.6687215363528483,1.7624105688092904,159.44045911047345,40.050824580450396,226.89670014347203,155.7900526064084,1.2740315638450501,0.6285714285714286,0.00170166015625
695b6e81de4267b2d653,test,24,0.33326256275177,2324.0,0.8041620375640879,1.780721333780785,116.10283993115318,36.465061327449504,182.64414802065406,104.64802065404476,0.5120481927710844,0.6515151515151515,0.0018912760416666668
695b6e81de4267b2d653,test,25,0.3050393760204315,8913.0,0.616701653664916,1.8120632043351699,118.60742735330416,44.84477058370545,186.6039492875575,106.90631661617861,0.5141927521597667,2.4925373134328357,0.00725341796875
695b6e81de4267b2d653,test,26,0.3016553819179535,15800.0,0.6155676244270133,1.7786351770324904,131.26018987341772,41.151514852402364,198.62278481012657,122.34221518987341,0.4579113924050633,0.8081395348837209,0.012858072916666666
695b6e81de4267b2d653,test,27,0.2934701144695282,43270.0,0.2918031714327612,1.7190741365398716,92.91021492951236,47.463699577251,153.2821354287035,80.12329558585625,0.3812803327940837,1.0030487804878048,0.03521321614583333
695b6e81de4267b2d653,test,28,0.289775550365448,3332.0,0.8220986602457898,1.8338037030942178,98.46368547418967,52.810240961416504,159.49609843937574,86.06272509003601,2.2106842737094836,1.375,0.002711588541666667
695b6e81de4267b2d653,test,29,0.27901941537857056,4191.0,0.7630835263045411,1.883682822026861,102.61250298258172,42.87480931043077,169.19136244333095,88.54879503698402,0.406346933905989,1.6428571428571428,0.00341064453125
695b6e81de4267b2d653,test,30,0.27034586668014526,46148.0,0.19269476892272078,1.7050614949974436,96.95900147351998,48.491071253437674,161.66236890006067,82.61343936898673,1.0836439282309092,1.1414790996784565,0.037555338541666664
695b6e81de4267b2d653,test,31,0.2702977955341339,4683.0,0.8518551496309033,1.7257814308782333,83.39034806747812,40.95272203106548,147.8340807174888,66.5505018150758,1.0420670510356609,0.7912087912087912,0.00381103515625
695b6e81de4267b2d653,test,32,0.2687320411205292,13288.0,0.4553809446865792,1.7072911278345115,88.76316977724262,36.82517815140444,147.34685430463577,76.09060806742926,0.4014148103552077,1.0980392156862746,0.010813802083333334
695b6e81de4267b2d653,test,33,0.2604392468929291,6986.0,0.6924324243764495,1.8085394415136407,96.37818494131119,40.52818827153176,155.59175493844833,84.87789865445176,0.29072430575436586,1.3928571428571428,0.005685221354166666
695b6e81de4267b2d653,test,34,0.25330203771591187,1704.0,0.8895117007387177,1.7816197004807253,163.5381455399061,29.85091595605465,229.04988262910797,161.45363849765258,2.296361502347418,1.0222222222222221,0.00138671875
695b6e81de4267b2d653,test,35,0.25132349133491516,12414.0,0.5774803312006953,1.8473790545980506,117.74987916868052,38.92233075065283,187.83099726115677,104.72208796520059,0.9895279523119059,1.208695652173913,0.0101025390625
695bcaf62ffc42aeaafd,test,1,0.9009235501289368,23056.0,0.48393559803211816,1.7882013122589748,138.06696738376127,48.988054511637436,182.55204718945177,136.1720159611381,31.062413254684248,0.8484848484848485,0.018763020833333335
695bcaf62ffc42aeaafd,test,2,0.8192366361618042,31585.0,0.42135423844657116,1.7896451779815519,102.42418869716637,35.79864127459785,138.06123159727719,100.40484407155296,19.313503245211333,0.6236162361623616,0.025703938802083333
695bcaf62ffc42aeaafd,test,3,0.710875391960144,20363.0,0.5719683075807137,1.7806793792767592,121.01409419044346,45.09155018839497,166.65226145459903,117.35137258753622,20.107891764474783,1.148936170212766,0.016571451822916666
695bcaf62ffc42aeaafd,test,4,0.6163616180419922,59455.0,0.3418045590244993,1.7652557576334844,107.71750063072912,47.91790577711335,151.33305861575982,103.16035657219746,16.776671432175593,1.1312056737588652,0.048384602864583334
695bcaf62ffc42aeaafd,test,5,0.607073187828064,10156.0,0.8538586925773417,1.877764734536408,139.54135486411974,36.33882773071474,180.99950768018905,139.19249704608114,32.52973611658133,1.0388349514563107,0.008264973958333333
695bcaf62ffc42aeaafd,test,6,0.5844287276268005,66892.0,0.5043636195642927,1.8225629486786903,97.14396340369551,54.847409682383045,140.08165400944807,91.5013305029002,13.626263230281648,1.3357142857142856,0.05443684895833333
695bcaf62ffc42aeaafd,test,7,0.5752072930335999,4844.0,0.7001699209138699,1.8844007291720668,171.17650701899257,39.114502154549506,211.7456647398844,174.83464079273327,45.83443435177539,1.6290322580645162,0.003942057291666667
695bcaf62ffc42aeaafd,test,8,0.48645517230033875,10570.0,0.773750040221914,1.8238983945542893,124.45383159886471,47.819344254604964,169.57653736991486,121.75922421948913,19.977767265846737,1.528735632183908,0.008601888020833334
695bcaf62ffc42aeaafd,test,9,0.4600837826728821,15587.0,0.45701738097167816,1.719725977528979,132.8143324565343,38.791669899164454,174.73317508179895,131.273946237249,30.711490344517866,0.6428571428571429,0.012684733072916666
695bcaf62ffc42aeaafd,test,10,0.4531458020210266,15168.0,0.37557806362978235,1.8278558593688674,138.50224156118142,49.99531091131311,182.33939873417722,137.69237869198312,27.663304324894515,2.8202247191011236,0.01234375
695bcaf62ffc42aeaafd,test,11,0.4340746998786926,2522.0,0.7491444823079074,1.8473867068395058,148.0257731958763,20.24390652234874,185.0765265662173,150.558287073751,37.67168913560666,0.9838709677419355,0.0020524088541666666
695bcaf62ffc42aeaafd,test,12,0.4260420501232147,111208.0,0.1703340864372863,1.8336337609890616,115.85434501115027,56.01283713805672,160.62379505071578,112.00817387238328,18.236889432414934,0.9436008676789588,0.09050130208333333
695bcaf62ffc42aeaafd,test,13,0.3909226059913635,74698.0,0.23066580257399577,1.7859781024442103,112.49175346060136,47.0817379763457,155.779204262497,108.51581032959383,19.403397681330155,1.1671309192200556,0.060789388020833335
695bcaf62ffc42aeaafd,test,14,0.3668965995311737,6761.0,0.4850760283088443,1.85351394185918,110.0161218754622,58.60409088055237,159.71098949859487,103.76719420204113,11.940097618695459,3.7916666666666665,0.005502115885416666
695bcaf62ffc42aeaafd,test,15,0.34923055768013,12417.0,0.7905410466145644,1.8048534715876667,124.61294998791979,54.76582979562186,172.01812031891762,121.07103165015704,18.526938874124184,0.9343065693430657,0.01010498046875
695bcaf62ffc42aeaafd,test,16,0.34880900382995605,9094.0,0.8510877944352004,1.8551819998323757,127.34484275346382,54.996565633547156,173.80327688585882,124.23499010336485,21.50527820541016,1.21,0.007400716145833333
695bcaf62ffc42aeaafd,test,17,0.31989219784736633,19879.0,0.4243811587157317,1.7780685930613427,129.18632728004428,56.37501622203443,176.69108104029377,126.10312389959253,20.478645807133155,1.25625,0.016177571614583334
695bcaf62ffc42aeaafd,test,18,0.2873825132846832,1394.0,0.8852695957978601,1.7148381245466242,143.948350071736,11.328038157476735,179.53371592539455,145.64275466284076,41.818507890961264,1.1025641025641026,0.0011344401041666666
695bcaf62ffc42aeaafd,test,19,0.2656268775463104,25962.0,0.25621780518424914,1.8513448982084961,140.05292350358215,45.309331197150655,182.73264771589245,139.5821970572375,30.488598721207918,1.2146341463414634,0.0211279296875
6d25dd181653f3021e31,test,1,0.8291696310043335,13682.0,0.7366831097949544,1.860954342834791,99.79995614676217,59.438140293579615,159.24850168104078,88.30777664084198,2.977415582517176,0.711764705882353,0.011134440104166667
6d25dd181653f3021e31,test,2,0.7502577304840088,15647.0,0.6236404666054938,1.7935633764014072,102.97763149485525,51.49759644401527,165.77714577874352,90.62197226305362,1.875311561321659,0.8023255813953488,0.012733561197916667
6d25dd181653f3021e31,test,3,0.7026286721229553,16665.0,0.7325908879161097,1.7935583618350204,64.53219321932193,38.73210394863541,113.64998499849985,51.97233723372337,0.40252025202520253,0.797752808988764,0.01356201171875
6d25dd181653f3021e31,test,4,0.6932979822158813,6187.0,0.6846099398134166,1.7772472409616697,118.0287700016163,57.12464697106997,180.670114756748,108.61483756263132,2.212219169225796,1.3,0.005034993489583334
6d25dd181653f3021e31,test,5,0.610598087310791,19017.0,0.5639104161477306,1.7532332688369785,109.16827049482042,41.21060300444965,175.86480517431772,96.18688541830993,1.0893411158437187,0.8627450980392157,0.01547607421875
6d25dd181653f3021e31,test,6,0.5994908213615417,11781.0,0.7459120226638046,1.8246982496752624,81.92360580595874,45.01565737399544,140.62592309651134,67.74509803921569,0.841100076394194,1.3644859813084111,0.00958740234375
6d25dd181653f3021e31,test,7,0.5935424566268921,29384.0,0.31751914732312864,1.811633486042807,109.77426490607134,45.625850170210434,175.36295262728015,97.47784508576096,1.0458072420364823,1.4107883817427387,0.023912760416666668
6d25dd181653f3021e31,test,8,0.589326024055481,8250.0,0.8446151351773796,1.8439098758013228,69.52133333333333,51.83772669133218,116.78315151515152,58.81490909090909,0.6555151515151515,1.3295454545454546,0.0067138671875
6d25dd181653f3021e31,test,9,0.5813562273979187,14526.0,0.8788358837112082,1.776295938658685,81.56305934186975,38.07222978890146,140.0572077653862,67.54736334847858,0.3643122676579926,1.007462686567164,0.0118212890625
6d25dd181653f3021e31,test,10,0.5714706182479858,20327.0,0.9014558126518663,1.79180883590582,28.697741919614305,49.03545519223897,49.182761843853,23.783440743838245,0.9491316967580066,1.064516129032258,0.016542154947916665
6d25dd181653f3021e31,test,11,0.5346967577934265,13311.0,0.5940974893604141,1.8436967423692683,92.76493125986026,46.121453260913874,152.90158515513485,79.98287130944331,0.8286379685974007,1.3779527559055118,0.01083251953125
6d25dd181653f3021e31,test,12,0.5234096646308899,5999.0,0.8666284464120007,1.7910422400502526,56.04967494582431,54.513602170601665,95.97232872145358,46.16469411568595,2.1623603933988997,0.84375,0.0048819986979166665
6d25dd181653f3021e31,test,13,0.5061914324760437,10259.0,0.5668359238454739,1.7773013724337339,89.26406082464177,54.71517015361181,147.83858075835852,76.48484257724924,1.395652597719076,1.28125,0.008348795572916666
6d25dd181653f3021e31,test,14,0.4150400757789612,4640.0,0.9064685714271875,1.7782710876609227,102.56400862068965,49.37747590789153,163.42456896551724,91.28081896551724,1.1189655172413793,1.2,0.0037760416666666667
6d25dd181653f3021e31,test,15,0.40969353914260864,10118.0,0.5584768796555675,1.7907116268583918,91.69460367661593,42.31524534573528,152.5709626408381,78.4047242538051,0.4808262502470844,0.6098901098901099,0.008234049479166667
6d25dd181653f3021e31,test,16,0.38332459330558777,64966.0,0.335823805385292,1.77994174291349,84.17687713573254,48.10729596197931,139.20249053350983,72.34698149801434,0.7764215127913062,1.0277777777777777,0.052869466145833335
6d25dd181653f3021e31,test,17,0.35755547881126404,3700.0,0.5664127619862819,1.8165332995752546,120.4927027027027,32.56830163017065,188.91378378378377,108.76783783783783,1.3808108108108108,2.5652173913043477,0.0030110677083333335
6d25dd181653f3021e31,test,18,0.35665252804756165,23794.0,0.5406490840585593,1.8510109478830643,88.4053963183996,53.580867573117004,144.60464823064638,76.6548289484744,1.4148104564175843,1.5890410958904109,0.019363606770833333
6d25dd181653f3021e31,test,19,0.3455860912799835,3607.0,0.5122002573738212,1.8456868454869217,115.90462988633213,49.71714055597554,178.28195176046577,106.25672303853618,1.9683947879123926,1.9827586206896552,0.0029353841145833334
6d25dd181653f3021e31,test,20,0.34172365069389343,2254.0,0.5355169619075602,1.8392829859976532,83.65394853593611,49.850468861609365,141.3136645962733,70.4427684117125,0.5789707187222716,0.32989690721649484,0.0018343098958333334
6d25dd181653f3021e31,test,21,0.3006141483783722,11974.0,0.7828704060393286,1.8311667175120048,108.63829964924003,44.09481796181675,176.67446133288792,94.89452146317021,0.9868882578920996,1.3495145631067962,0.009744466145833333
6d25dd181653f3021e31,test,22,0.293107271194458,70902.0,0.17345148950023467,1.8478693106102424,123.26529576034527,46.465472827807034,191.35984880539337,112.22854080279824,1.4688443203294688,2.2186234817813766,0.0577001953125
6d25dd181653f3021e31,test,23,0.28532838821411133,6609.0,0.468272491910908,1.865559789994653,112.56846724164019,44.074956560611774,181.3743380239068,98.99878952942957,1.919503707066122,3.0,0.00537841796875
6d25dd181653f3021e31,test,24,0.2608436346054077,13503.0,0.6368665691364229,1.7003934434523433,96.60260682811227,48.388415564943884,158.5877953047471,83.41546323039324,1.9223135599496408,1.1851851851851851,0.01098876953125
6d25dd181653f3021e31,test,25,0.2532775402069092,7700.0,0.8253793211138905,1.824877518798054,118.40532467532468,43.404676840725735,187.037012987013,106.14324675324676,1.5301298701298702,1.4523809523809523,0.006266276041666667
711f8dbf36d85bf43593,test,1,0.8298884630203247,17965.0,0.5583080990891216,1.806735146446138,115.99543556916225,34.56730719524852,169.68616754801002,110.6256053437239,2.831728360701364,1.0823529411764705,0.014619954427083333
711f8dbf36d85bf43593,test,2,0.8070113062858582,16089.0,0.38807756435075685,1.7982571158299365,79.9819131083349,41.303848965705924,126.1180931070918,71.76033314687054,1.4800795574616197,1.2191780821917808,0.01309326171875
711f8dbf36d85bf43593,test,3,0.747737467288971,11405.0,0.4964387197155425,1.8505603637169366,149.2685664182376,32.71955734416311,210.84796142042964,146.02779482683033,4.45839544059623,0.6170212765957447,0.009281412760416666
711f8dbf36d85bf43593,test,4,0.7201417088508606,2992.0,0.8837142135138296,1.8963229676884872,149.32152406417111,26.14162562256979,213.51069518716577,144.84725935828877,3.9137700534759357,0.9523809523809523,0.002434895833333333
711f8dbf36d85bf43593,test,5,0.6897671818733215,3578.0,0.8282418913083154,1.707287779266329,158.55729457797653,35.04036941460512,221.46338736724428,156.72163219675795,3.102571268865288,0.9855072463768116,0.0029117838541666665
711f8dbf36d85bf43593,test,6,0.687456488609314,2659.0,0.8769736814657606,1.8284105080916835,163.89056036103798,23.80320116093071,223.84956750658142,163.834148176006,6.965400526513727,1.3673469387755102,0.0021638997395833333
711f8dbf36d85bf43593,test,7,0.6121382713317871,8840.0,0.4284011601311713,1.7656371658173315,147.81696832579186,34.54504871626253,210.1173076923077,144.28257918552038,2.76131221719457,0.38219895287958117,0.007194010416666666
711f8dbf36d85bf43593,test,8,0.5367372632026672,11212.0,0.8140301125212626,1.8202138160564603,115.69211559043882,37.76480671715493,177.36657153050302,106.41625044595077,1.8455226542989653,1.015748031496063,0.009124348958333334
711f8dbf36d85bf43593,test,9,0.49278736114501953,59115.0,0.27577499204287415,1.7502900678802193,135.37760297724773,37.020738944648485,199.77760297724774,128.39215089232852,2.61317770447433,1.4481605351170568,0.04810791015625
711f8dbf36d85bf43593,test,10,0.47689202427864075,3660.0,0.7560009907277531,1.7325517536767017,149.15191256830602,26.79233811349775,214.1707650273224,144.4172131147541,3.1636612021857924,1.0277777777777777,0.002978515625
711f8dbf36d85bf43593,test,11,0.46614378690719604,9596.0,0.6333793517509149,1.783192111507798,122.71759066277616,29.298372126872763,183.83211754897874,115.11233847436432,1.773551479783243,0.8076923076923077,0.007809244791666667
711f8dbf36d85bf43593,test,12,0.44287121295928955,133726.0,0.21015714855556616,1.8339062468233172,141.70130715044195,38.4597539346676,206.0847479173833,135.99427186934477,2.423567593437327,0.8957169459962756,0.10882649739583333
711f8dbf36d85bf43593,test,13,0.41812217235565186,7813.0,0.899433093021275,1.8313098122267892,117.29258927428644,32.94065567778903,177.48035325739153,109.0654038141559,1.9185972097785742,0.8348623853211009,0.006358235677083333
711f8dbf36d85bf43593,test,14,0.305584192276001,18865.0,0.5223610607682834,1.86044287856334,122.96867214418235,31.547827783548595,183.6644579909886,115.58314338722502,1.951073416379539,0.5022222222222222,0.015352376302083333
711f8dbf36d85bf43593,test,15,0.29818642139434814,2064.0,0.6400991751180758,1.753632366047463,118.48982558139535,28.67069265663874,172.39292635658916,113.21560077519379,4.247577519379845,0.5,0.0016796875
711f8dbf36d85bf43593,test,16,0.27528876066207886,4601.0,0.7431093637340674,1.7526674094627306,161.51162790697674,35.85739834790843,222.38035209737015,161.2001738752445,3.511627906976744,1.3472222222222223,0.0037443033854166665
7289329fcf8bdaade761,test,1,0.9089876413345337,11521.0,0.6504360905934984,1.8332847107846486,122.39718774411944,42.76690644072943,185.16830136272893,113.5982987587883,3.124468362121344,1.3,0.009375813802083334
7289329fcf8bdaade761,test,2,0.8962253928184509,19274.0,0.40402060624584274,1.7437200183014214,135.3969077513749,40.70592943891642,198.03341288782815,128.95984227456677,4.3739753035176925,0.8625,0.015685221354166667
7289329fcf8bdaade761,test,3,0.892837643623352,16414.0,0.5813957975174738,1.786122464905169,132.26696722310223,37.94385441771681,198.04252467405874,123.87809187279152,3.0422200560497137,1.1717791411042944,0.013357747395833333
7289329fcf8bdaade761,test,4,0.8485600352287292,16414.0,0.3913403222635927,1.738091162712844,136.05154136712562,38.31307481737726,200.84695991227002,128.75271110028024,3.7602656269038626,1.295774647887324,0.013357747395833333
7289329fcf8bdaade761,test,5,0.8434945940971375,10274.0,0.6482049866133583,1.8015852647912034,133.75442865485692,46.31831976143251,192.3146778275258,128.920478878723,5.1303289857893715,0.5308641975308642,0.008361002604166667
7289329fcf8bdaade761,test,6,0.8339775204658508,8773.0,0.7300114394612234,1.8115773599336837,142.21759945286675,28.414326370343794,205.00763706827766,137.32543029750371,2.726547361221931,0.5514705882352942,0.007139485677083333
7289329fcf8bdaade761,test,7,0.8333283066749573,6370.0,0.777163202046938,1.7843524554154426,135.9331240188383,33.07895390808753,196.30753532182104,130.7905808477237,4.0113029827315545,0.9,0.0051839192708333336
7289329fcf8bdaade761,test,8,0.8265193104743958,15453.0,0.40391785522775553,1.7369029203112043,142.87801721348606,33.71666314470296,206.00200608296123,137.53898919303694,4.839901637222546,1.0239520958083832,0.01257568359375
7289329fcf8bdaade761,test,9,0.8192349076271057,6421.0,0.7420790257767148,1.7781330075302615,138.15480454757827,37.46085144244143,200.65971032549447,132.49353683226911,3.491200747547111,0.8990825688073395,0.005225423177083333
7289329fcf8bdaade761,test,10,0.8094250559806824,3625.0,0.7965701351988349,1.7290289451615595,154.4976551724138,23.809984750354804,217.52965517241378,151.28137931034482,5.639448275862069,1.0714285714285714,0.0029500325520833335
7289329fcf8bdaade761,test,11,0.798066258430481,3729.0,0.8433324448587141,1.7366275736069314,144.2933762402789,36.26976873374342,207.5400911772593,139.07374631268436,5.1292571735049615,1.1343283582089552,0.00303466796875
7289329fcf8bdaade761,test,12,0.7756639122962952,10051.0,0.6628005869846543,1.823889833629953,126.8825987463934,38.87257968862713,190.59048850860611,118.63864292110237,2.391304347826087,1.4757281553398058,0.008179524739583333
7289329fcf8bdaade761,test,13,0.7397276759147644,4573.0,0.6890249085618343,1.833877990261056,145.85348786354692,28.062049881134612,211.1919965012027,140.28055980756614,3.1073693417887602,1.7049180327868851,0.0037215169270833335
7289329fcf8bdaade761,test,14,0.7036535143852234,5144.0,0.7502913250700941,1.8066742620685705,137.62538880248835,35.85426351676175,202.77293934681182,130.41407465007777,3.8575038880248833,0.9021739130434783,0.004186197916666667
7289329fcf8bdaade761,test,15,0.7027784585952759,7322.0,0.6254103544350302,1.7681183829191063,123.28407538923791,55.35408744021064,178.8135755258126,118.2488391149959,3.520076481835564,0.6142857142857143,0.005958658854166667
7289329fcf8bdaade761,test,16,0.6992678642272949,8163.0,0.7402710385703372,1.8399821626216057,135.15631508024012,39.99563026168119,197.8299644738454,128.81967413940953,3.480215607007228,1.4941176470588236,0.00664306640625
7289329fcf8bdaade761,test,17,0.5023312568664551,10290.0,0.800759565521207,1.886694475076826,92.01671525753159,50.593983137674066,147.71350826044704,81.1617103984451,1.9912536443148687,0.9126984126984127,0.0083740234375
7289329fcf8bdaade761,test,18,0.4333159327507019,3222.0,0.7817437396530027,1.8164018250508753,141.86002482929857,35.80793076121205,205.83612662942272,136.1064556176288,3.6523898199875853,1.4727272727272727,0.0026220703125
7289329fcf8bdaade761,test,19,0.26995888352394104,1785.0,0.8975865083801932,1.7967261231579348,161.46778711484595,8.07105690284176,229.72436974789915,157.72549019607843,1.800560224089636,1.1162790697674418,0.00145263671875
729a14fe4dcbc02413af,test,1,0.9151586890220642,35918.0,0.6238266065122149,1.8381781978687932,109.77276017595635,30.681724320274615,162.90539562336434,103.14488557269335,4.549028342335319,0.8653846153846154,0.02923014322916667
729a14fe4dcbc02413af,test,2,0.9053866863250732,17385.0,0.7807970135076457,1.815816294454816,107.98153580672994,38.11309108420294,162.74696577509346,100.37043428242738,3.6329594477998275,0.7166666666666667,0.01414794921875
729a14fe4dcbc02413af,test,3,0.9031744003295898,14974.0,0.5630144467794355,1.7716949080618607,132.1470548951516,30.686530625371827,192.79978629624682,126.15039401629491,3.9713503405903565,1.1688311688311688,0.012185872395833333
729a14fe4dcbc02413af,test,4,0.8620594143867493,10751.0,0.6936650873745438,1.8138431447179022,128.32648125755745,29.45194372516691,187.36098967537905,122.49734908380616,3.603013673146684,1.191304347826087,0.008749186197916667
729a14fe4dcbc02413af,test,5,0.8110031485557556,8496.0,0.778640681465844,1.8349884799518086,149.0883945386064,31.731780764889415,211.20468455743878,144.77707156308853,8.376412429378531,1.0654205607476634,0.0069140625
729a14fe4dcbc02413af,test,6,0.8047438263893127,75416.0,0.38217443622712083,1.7962783140509622,127.56478731303702,31.602037679957686,190.95561949718893,119.43744033096425,3.3492229765566988,0.6862745098039216,0.061373697916666664
729a14fe4dcbc02413af,test,7,0.7571614384651184,5127.0,0.4714312402618868,1.8412793327320955,111.60561732007022,35.76799457574584,160.2572654573825,107.52447825238932,5.079968792666277,3.5,0.00417236328125
729a14fe4dcbc02413af,test,8,0.7478152513504028,4043.0,0.8815607327646436,1.7428321399921436,125.34454612911205,33.71234415925247,182.59485530546624,119.56146425921345,4.966114271580509,1.0571428571428572,0.0032902018229166666
729a14fe4dcbc02413af,test,9,0.7021723985671997,3534.0,0.824496422564554,1.8459571045364995,148.75155631013016,30.563310979886992,205.61516694963214,146.8786078098472,9.241086587436333,1.098360655737705,0.0028759765625
729a14fe4dcbc02413af,test,10,0.4613748788833618,4858.0,0.8340040033276959,1.79213792939031,145.3046521202141,31.66161763167448,206.9956772334294,141.41663235899546,3.593042404281597,1.0789473684210527,0.003953450520833333
729a14fe4dcbc02413af,test,11,0.4366024136543274,4939.0,0.835511410446817,1.8765337668633362,122.88357967199838,25.43945429539357,178.97995545657017,117.04616319092933,5.761895120469731,0.6530612244897959,0.004019368489583334
729a14fe4dcbc02413af,test,12,0.4330483078956604,15332.0,0.44777520776559215,1.727409914071146,114.1235324810853,34.73848859656914,168.70858335507435,107.20264805635273,6.541938429428646,1.183673469387755,0.012477213541666667
72a381b2c378c4e76264,test,1,0.9190142750740051,28351.0,0.5867714100886169,1.7711551191995505,98.8712567457938,39.15715219550411,150.66417410320625,90.894677436422,4.162322316673134,1.5116279069767442,0.023072102864583333
72a381b2c378c4e76264,test,2,0.8939728736877441,6601.0,0.849135478717652,1.80347366141257,125.5779427359491,41.960413292333506,183.2479927283745,119.29586426299046,6.63793364641721,0.8571428571428571,0.0053719075520833335
72a381b2c378c4e76264,test,3,0.8761378526687622,28050.0,0.4745148887573785,1.8061175475333004,108.54545454545455,39.096960025818014,162.22848484848484,101.38345811051694,4.630445632798574,2.1666666666666665,0.0228271484375
72a381b2c378c4e76264,test,4,0.8471003770828247,9589.0,0.7456807118767881,1.8534991647417878,145.384607362603,25.03710369594623,207.9906142454896,140.30430701845864,7.234226718114506,1.158878504672897,0.007803548177083334
72a381b2c378c4e76264,test,5,0.8325600624084473,9532.0,0.7773904902845242,1.8510308771311736,166.55098615190937,30.465992372187994,227.2798992866135,165.80707091900965,11.064204783885858,0.8974358974358975,0.007757161458333333
72a381b2c378c4e76264,test,6,0.7895373106002808,4063.0,0.7534934244426366,1.7472602049118684,149.57912872261875,36.73619061953045,211.49470834358848,145.16711789318236,9.67314792025597,1.0394736842105263,0.0033064778645833333
72a381b2c378c4e76264,test,7,0.7637758851051331,3869.0,0.5397648067469198,1.8840487642079695,120.6691651589558,36.64733654912184,173.29128973895064,115.99224605841303,6.665288188162316,2.6444444444444444,0.0031486002604166666
72a381b2c378c4e76264,test,8,0.7449908256530762,79117.0,0.29573459449305173,1.8007291603992572,104.3369566591251,44.238391446613925,155.0897657899061,97.445176131552,6.712198389726607,1.1318051575931232,0.06438557942708334
72a381b2c378c4e76264,test,9,0.7297011613845825,4550.0,0.705948560158964,1.7190958543293702,155.84131868131868,36.04685422280259,218.37274725274725,152.1487912087912,10.737582417582418,1.337837837837838,0.0037027994791666665
72a381b2c378c4e76264,test,10,0.7289603352546692,3717.0,0.7910572903916925,1.8638090096719633,142.48237826203928,16.90949889914605,193.61985472154964,140.7758945386064,16.9924670433145,0.775,0.00302490234375
72a381b2c378c4e76264,test,11,0.698772668838501,4354.0,0.5936765229352658,1.8021467771193185,131.2220946256316,33.59181822077152,191.17478180983005,124.56040422599908,8.290307762976573,2.411764705882353,0.0035432942708333334
72a381b2c378c4e76264,test,12,0.6777599453926086,2569.0,0.8597026101123681,1.8536457440725223,153.52938886726352,40.533307532417396,213.88672635266641,149.96302063059557,13.434021019852082,1.0535714285714286,0.002090657552083333
72a381b2c378c4e76264,test,13,0.6546550393104553,16456.0,0.7662232471229324,1.7394938429968803,94.35318424890617,37.67666641110586,144.1302260573651,86.33325230918814,5.143716577540107,0.7751479289940828,0.013391927083333333
72a381b2c378c4e76264,test,14,0.6122981309890747,10934.0,0.7450275584647312,1.7251323525605988,132.50210353027254,31.211383971997865,193.15401499908543,126.14011340771904,6.144869215291751,0.9626865671641791,0.008898111979166666
72a381b2c378c4e76264,test,15,0.6054083108901978,9599.0,0.6303086014574086,1.7906421593296535,131.37347640379207,34.60428914876964,185.0565683925409,127.32722158558182,11.384310865715179,1.9759036144578312,0.0078116861979166665
72a381b2c378c4e76264,test,16,0.5889657735824585,7155.0,0.7110227440703037,1.7901406939652869,129.33850454227812,60.22354598945648,186.06736547868624,123.68036338225018,9.695737246680643,1.101010101010101,0.00582275390625
72a381b2c378c4e76264,test,17,0.5475261211395264,4488.0,0.7630554467286305,1.7249159986120344,137.9159982174688,24.122077609370844,195.37811942959001,133.81951871657753,8.196301247771837,0.8372093023255814,0.00365234375
72a381b2c378c4e76264,test,18,0.4144567549228668,29073.0,0.3678210971651291,1.756511665330862,106.43167199807381,35.938292215946504,157.09472706635023,99.95105424276821,6.925222715234066,0.3693181818181818,0.02365966796875
72a381b2c378c4e76264,test,19,0.3954722285270691,16272.0,0.4675624682779829,1.7304522813089576,135.26874385447394,29.12678455664,194.94893067846607,129.7837389380531,6.9197394296951815,0.6244343891402715,0.0132421875
72a381b2c378c4e76264,test,20,0.3762085437774658,29995.0,0.4227012339987175,1.7940222741308718,129.24710785130856,55.06226284869284,186.8754792465411,123.45397566261043,7.982830471745291,1.182648401826484,0.024409993489583334
72a381b2c378c4e76264,test,21,0.3389999568462372,52837.0,0.19328332462630085,1.809273351339194,138.65562011469237,49.964905385973935,196.44743267028787,134.15691655468706,10.254556466112762,2.2772727272727273,0.042998860677083334
72a381b2c378c4e76264,test,22,0.31033095717430115,6997.0,0.8390251424168106,1.8335591464212475,120.51779334000285,26.43421305156346,173.05402315277976,115.63398599399743,7.843790195798199,0.9270833333333334,0.0056941731770833335
72a381b2c378c4e76264,test,23,0.284614235162735,25306.0,0.478708962792529,1.8312703242703985,79.38718090571406,48.72175478301662,124.57180115387655,70.91713427645618,4.5946415869754205,2.167883211678832,0.020594075520833335
740fa53fbfa43e9b9fb3,test,1,0.8370721340179443,53934.0,0.45553591921645553,1.8753951859560523,94.446230578114,38.71954932581219,138.91341268958357,88.52106278043534,8.31798123632588,1.4577777777777778,0.0438916015625
740fa53fbfa43e9b9fb3,test,2,0.8006035685539246,9211.0,0.6137459739662033,1.805814114361023,131.9802410161763,34.22070118392652,185.77787428075126,127.90750189990229,11.772880251872762,0.9338235294117647,0.007495930989583333
740fa53fbfa43e9b9fb3,test,3,0.7988200187683105,13308.0,0.579056166595147,1.8355982709340124,101.67455665764953,29.08236841724825,149.53659452960625,95.77464682897505,6.495341148181545,1.9902912621359223,0.010830078125
740fa53fbfa43e9b9fb3,test,4,0.7588244080543518,8815.0,0.5420777679273272,1.7751986079412583,144.03970504821328,50.4798754184405,200.39103800340328,140.5543959160522,14.229835507657402,2.1333333333333333,0.007173665364583333
740fa53fbfa43e9b9fb3,test,5,0.6235232949256897,1669.0,0.8502941225955475,1.7728475324734436,189.85680047932894,12.802242335481424,235.19952067106053,196.19233073696824,38.09766327142001,0.9583333333333334,0.0013582356770833334
740fa53fbfa43e9b9fb3,test,6,0.45679953694343567,2467.0,0.8948909235099948,1.8402047448609808,162.89096068098905,6.923160065104927,213.42926631536278,163.85407377381435,25.14349412241589,0.864406779661017,0.002007649739583333
740fa53fbfa43e9b9fb3,test,7,0.39192765951156616,1347.0,0.6234814518277509,1.788556421558703,117.00965107646623,19.59646488990164,164.91239792130662,113.23236822568671,10.64142538975501,2.7916666666666665,0.00109619140625
740fa53fbfa43e9b9fb3,test,8,0.38353464007377625,14526.0,0.3892959076497382,1.8039423303227957,102.93370508054522,28.78153785405069,150.81082197439073,97.21905548671347,6.7502409472669695,3.8529411764705883,0.0118212890625
740fa53fbfa43e9b9fb3,test,9,0.36739063262939453,29571.0,0.379795983189257,1.768149985868011,111.9167089378107,37.49219113362044,163.82929221196443,105.46041730073382,8.97243921409489,1.1926605504587156,0.02406494140625
740fa53fbfa43e9b9fb3,test,10,0.32534468173980713,6242.0,0.7631778476174457,1.801654478986197,112.49503364306312,34.15504620636619,163.4801345722525,106.60333226529958,9.066004485741749,0.9263157894736842,0.005079752604166667
7797c812f8c009b27b71,test,1,0.9110898375511169,22774.0,0.6661906673699718,1.8041082056923732,141.43422323702467,33.32191080141824,193.9222358830245,138.42408009133223,19.16154386581189,1.239766081871345,0.018533528645833332
7797c812f8c009b27b71,test,2,0.8907673358917236,32167.0,0.5091423328111637,1.8455359054248317,102.06783349395343,39.092409682335294,150.602325364504,95.5182018839183,8.483880996051854,0.9665271966527197,0.026177571614583332
7797c812f8c009b27b71,test,3,0.8800238370895386,12737.0,0.6434831966697196,1.8390229117049488,98.04820601397503,48.76707613391246,141.8631545889927,92.93090994739735,9.533249587815027,0.6829268292682927,0.010365397135416666
7797c812f8c009b27b71,test,4,0.8797779679298401,17815.0,0.8235225968467447,1.7645319347309771,93.26045467302835,48.41271343146552,142.23727196182992,84.62997474038731,9.269884928431097,1.0728476821192052,0.014497884114583333
7797c812f8c009b27b71,test,5,0.8349542021751404,9862.0,0.580286838625162,1.820034608973786,120.98894747515718,38.686625838740916,166.86848509430135,117.82772257148652,16.897992293652404,1.638095238095238,0.008025716145833334
7797c812f8c009b27b71,test,6,0.7917916178703308,60185.0,0.41797586560189953,1.8030970673756752,92.48279471629144,34.81735594571677,137.50082246406913,85.99081166403589,7.825571155603556,1.0618892508143323,0.04897867838541667
7aedae26af8aede617ef,test,1,0.7955368757247925,21736.0,0.5180238548090831,1.7767858720440555,127.87412587412588,35.80851957281493,195.0949116672801,118.28077843209422,0.94423997055576,1.2848837209302326,0.017688802083333333
7aedae26af8aede617ef,test,2,0.7134741544723511,8477.0,0.681779726481703,1.7635836020778393,162.3469387755102,32.85872012345602,232.87318626872715,157.6792497345759,1.3232275569187213,1.7901234567901234,0.006898600260416667
7aedae26af8aede617ef,test,3,0.5997722744941711,16853.0,0.667128465020713,1.7956714272998648,121.88411558772918,45.299418358409504,187.52441701774165,111.82899187088353,1.4527977214739216,1.124223602484472,0.013715006510416667
7aedae26af8aede617ef,test,4,0.5099204778671265,48868.0,0.47805773707614735,1.8364278438015822,118.72386838012605,39.20856502830697,187.0711303920766,106.82503888024884,0.7112016043218466,1.7894736842105263,0.039768880208333336
7aedae26af8aede617ef,test,5,0.3722997009754181,4177.0,0.2964390354704701,1.7008116695188435,151.24251855398612,38.78097379317408,224.70600909743834,143.0761311946373,0.5597318649748624,0.20441988950276244,0.0033992513020833334
7aedae26af8aede617ef,test,6,0.35577282309532166,3209.0,0.5981879875008567,1.7526375189399435,96.33779993767529,41.910527444156756,161.79526332190713,81.64973511997508,0.19227173574322218,2.6923076923076925,0.002611490885416667
7b6edc61b1de779e406e,test,1,0.7731545567512512,30640.0,0.7603837574249851,1.8401786837596077,81.06119451697128,51.12094215202285,137.98227806788512,67.68433420365535,0.5838446475195822,1.0232558139534884,0.024934895833333335
7b6edc61b1de779e406e,test,2,0.7041493058204651,9174.0,0.6697201486132294,1.8293423882516968,147.61848702855897,34.518353876902125,220.30499236974057,138.9882275997384,1.408327883148027,1.7951807228915662,0.0074658203125
7b6edc61b1de779e406e,test,3,0.6456184387207031,7986.0,0.835694102155912,1.834654470449826,99.72376659153518,40.780441468291215,165.8365890308039,85.2076133233158,1.046831955922865,0.773109243697479,0.0064990234375
7b6edc61b1de779e406e,test,4,0.5680772662162781,12793.0,0.8910378852062545,1.8546630054953193,94.70100836394903,51.06839563901051,155.49792855467834,81.97029625576486,0.7805831313999844,0.9057971014492754,0.010410970052083333
7b6edc61b1de779e406e,test,5,0.5012435913085938,48094.0,0.369023787433556,1.8323747113947653,113.14166008233876,54.55275115655195,178.4056639081798,101.63756393728947,1.18655133696511,1.85,0.03913899739583333
7b6edc61b1de779e406e,test,6,0.48298943042755127,29882.0,0.29644632629358675,1.8669495328134147,131.51224817615957,46.52032265102895,201.67097249180108,121.05812863931463,1.2880329295227897,0.30288461538461536,0.024318033854166667
7b6edc61b1de779e406e,test,7,0.32931777834892273,17133.0,0.5804253109891142,1.7759878455953815,94.48637133018153,53.600360647230694,156.60754100274323,81.01342438568844,0.9267495476565691,1.4125874125874125,0.01394287109375
7b6edc61b1de779e406e,test,8,0.31878361105918884,6084.0,0.6797827307278941,1.7533210797638579,144.08053911900066,36.33336168826067,217.23323471400394,134.50394477317553,1.5258053911900065,1.0,0.004951171875
7ccd918097d1aab1113e,test,1,0.8084887266159058,25245.0,0.6664930208850429,1.8292390116014259,107.04551396316103,57.31765759546001,170.8790651614181,94.95068330362449,1.9273519508813626,1.0662983425414365,0.02054443359375
7ccd918097d1aab1113e,test,2,0.6800833344459534,10595.0,0.7815703887383405,1.823837741847212,111.22501179801793,58.73341407107953,172.46672958942898,100.92487022180273,3.6619159981123173,0.5686274509803921,0.008622233072916667
7ccd918097d1aab1113e,test,3,0.6137118935585022,105746.0,0.2647910386170025,1.7856027945310082,125.89458702929662,49.763603590694395,193.9685567302782,115.2182683032928,2.310962116770374,1.360613810741688,0.08605631510416667
7ccd918097d1aab1113e,test,4,0.5017081499099731,7066.0,0.4518009974449088,1.7306776809668112,183.10104726861024,34.70925262780085,241.09340503821116,187.47254457967733,8.448061137843192,0.6551724137931034,0.005750325520833334
7ccd918097d1aab1113e,test,5,0.48017585277557373,8675.0,0.7770639078934694,1.8584900418311963,127.43158501440922,48.78793981663019,199.43170028818443,115.28207492795389,1.1054755043227666,0.775,0.007059733072916667
7ccd918097d1aab1113e,test,6,0.47376397252082825,21813.0,0.5656424947641302,1.8681718815708086,93.92142300463027,50.034870396383624,159.9776738642094,78.44996103241186,0.32200981066336587,2.3482142857142856,0.01775146484375
7ccd918097d1aab1113e,test,7,0.4585728943347931,5455.0,0.8033758466246933,1.744068301080118,148.88157653528873,35.44875207317883,222.81943171402384,139.93565536205315,0.9983501374885426,0.7326732673267327,0.004439290364583333
7ccd918097d1aab1113e,test,8,0.45503804087638855,1855.0,0.7254575908887662,1.7832572138908822,154.73261455525608,48.36766967700127,215.54501347708896,152.73638814016172,5.359029649595687,1.3488372093023255,0.0015096028645833334
7ccd918097d1aab1113e,test,9,0.43220651149749756,9275.0,0.6898629799526217,1.8232022012522942,123.39805929919137,53.05161435801075,187.85530997304582,113.793423180593,3.793854447439353,1.6477272727272727,0.007548014322916667
7ccd918097d1aab1113e,test,10,0.4038631319999695,12870.0,0.7867749875325386,1.8131865315282603,152.93752913752914,40.750461810823474,222.7882672882673,146.6017871017871,2.3544677544677546,1.203125,0.0104736328125
7ccd918097d1aab1113e,test,11,0.3706683814525604,11073.0,0.39729787809672845,1.7787401715846602,135.8577621240856,55.77106039983504,198.83410096631445,129.3168066467985,4.358349137541769,3.707865168539326,0.00901123046875
7ccd918097d1aab1113e,test,12,0.30210748314857483,7846.0,0.8143832202303106,1.8311579040183912,113.89650777466225,45.22925425279765,179.22954371654347,102.16925822074943,2.888605658934489,1.12,0.006385091145833333
7ccd918097d1aab1113e,test,13,0.2965971529483795,11824.0,0.6312952999318783,1.713372164013552,122.90646143437077,48.292394055466524,189.20001691474965,112.75372124492557,1.322479702300406,1.176923076923077,0.009622395833333333
7ccd918097d1aab1113e,test,14,0.273921936750412,13606.0,0.6168570502864429,1.8331694286047129,87.55144789063648,52.000478778704576,147.80479200352787,73.62972218139056,1.2123327943554314,2.218390804597701,0.011072591145833333
7ccd918097d1aab1113e,test,15,0.2681863605976105,6687.0,0.557177959175925,1.8641168432161235,138.73859727830117,42.40074762123787,210.93150889786153,128.68281740690892,1.1845371616569462,0.7295081967213115,0.00544189453125
7ccd918097d1aab1113e,test,16,0.2620508372783661,16010.0,0.4632872459880089,1.7685041089413644,136.03760149906307,42.84618522110337,207.3578388507183,125.741973766396,1.9529668956901935,0.8059701492537313,0.013028971354166667
7ccd918097d1aab1113e,test,17,0.25743624567985535,3497.0,0.600275882735915,1.7770466706068442,152.32513583071204,37.49766295476364,223.29024878467257,144.91278238490133,4.305690591935945,0.3611111111111111,0.0028458658854166666
7cfe9ee642724198f8e9,test,1,0.9113418459892273,62842.0,0.45158213035864303,1.8187608875674093,112.46141115814264,54.01032251165718,168.084322586805,105.20795009706885,4.040784825435218,1.4329501915708813,0.05114095052083333
7cfe9ee642724198f8e9,test,2,0.8393386602401733,14817.0,0.5875807759434531,1.8266393367260538,145.49314976041035,46.858863530407135,202.9296753728825,143.59404737801174,4.742323007356415,1.5078125,0.01205810546875
7cfe9ee642724198f8e9,test,3,0.8239015340805054,13280.0,0.45941453508891766,1.7981497490366665,123.98900602409638,31.01995616272391,176.9702560240964,120.27025602409638,4.142093373493976,2.926829268292683,0.010807291666666666
7cfe9ee642724198f8e9,test,4,0.699657142162323,6207.0,0.7602462018924796,1.7781477149263527,107.3939101014983,30.433212510072522,158.33172224907364,101.532946673111,3.9858224585145803,0.75,0.00505126953125
7cfe9ee642724198f8e9,test,5,0.6701794266700745,8172.0,0.47227098820437213,1.8439213564214838,85.61649534997552,34.17279966521239,131.425599608419,78.59092021536955,1.794664708761625,2.4305555555555554,0.006650390625
7cfe9ee642724198f8e9,test,6,0.6045103073120117,16225.0,0.5319481750209041,1.750357269331508,126.80252696456087,35.87694539494366,186.56468412942988,120.5188906009245,2.4657627118644068,0.8797814207650273,0.013203938802083334
7cfe9ee642724198f8e9,test,7,0.4801294207572937,62076.0,0.4082942166394864,1.810297889616642,108.2355338617179,33.366197454940796,163.29214189058573,100.59528642309427,3.2180230684966813,0.7209302325581395,0.050517578125
7cfe9ee642724198f8e9,test,8,0.43299806118011475,8998.0,0.37083212786412995,1.771872600115829,100.76116914869971,32.419870190409256,152.7278284063125,93.26472549455434,3.1762613914203155,2.838235294117647,0.007322591145833333
7cfe9ee642724198f8e9,test,9,0.40325239300727844,1357.0,0.5118419788142491,1.7848294546536219,182.05232129697862,16.037844089128782,243.09211495946943,185.7855563743552,2.7943994104642593,0.28205128205128205,0.0011043294270833334
7cfe9ee642724198f8e9,test,10,0.32177501916885376,3881.0,0.7669704905196979,1.6861879402618691,154.56454522030404,9.203671581512657,215.4083998969338,152.9353259469209,3.3553207936098945,0.8846153846153846,0.003158365885416667
7cfe9ee642724198f8e9,test,11,0.30076608061790466,14183.0,0.2882165621155757,1.7549649497847768,94.00831981950222,34.19333922645602,141.95684974970035,87.3416061482056,2.6717196643869423,0.7837837837837838,0.011542154947916666
7e4b7311fd9eee4e50fe,test,1,0.8634340763092041,21240.0,0.6492269097803007,1.8266566387130914,120.43182674199623,34.77185346059164,181.89420903954803,111.70532015065913,4.171798493408663,1.2980132450331126,0.01728515625
7e4b7311fd9eee4e50fe,test,2,0.7194047570228577,7178.0,0.6926190543854686,1.7724659108195027,142.1801337419894,29.222363274290103,206.82961827807188,135.75633881303983,5.632906101978267,0.5769230769230769,0.0058414713541666665
7e4b7311fd9eee4e50fe,test,3,0.7029802799224854,42862.0,0.30254784992296807,1.6976368008350569,125.44748261863656,39.87631924150762,188.78974382903272,116.81214129065373,3.863188838598292,0.9195804195804196,0.034881184895833334
7e4b7311fd9eee4e50fe,test,4,0.6545433402061462,7454.0,0.6950903229496539,1.8278659714759942,100.83391467668366,56.11560519630993,151.82465790179768,93.54373490743225,4.700697612020392,1.5185185185185186,0.006066080729166667
7e4b7311fd9eee4e50fe,test,5,0.6164159774780273,8128.0,0.5022077599041576,1.769589931509117,184.76636318897638,21.724466084021728,245.091781496063,188.88447342519686,5.30511811023622,0.5454545454545454,0.006614583333333333
7e4b7311fd9eee4e50fe,test,6,0.5736798048019409,10291.0,0.8682565476304421,1.8709611166460842,146.4463123117287,41.33790250149881,211.85667087746575,140.7284034593334,4.462248566708775,1.025,0.008374837239583334
7e4b7311fd9eee4e50fe,test,7,0.517327070236206,28217.0,0.2979958172826354,1.7052889173148449,109.15689123577985,38.56368535744647,167.75550200233903,99.91519296877769,3.170145656873516,0.30424528301886794,0.022963053385416668
7e4b7311fd9eee4e50fe,test,8,0.470449835062027,5125.0,0.7714365352425181,1.7502285883292503,124.72741463414634,31.144773505847134,185.77404878048782,116.84351219512195,5.211121951219512,0.7291666666666666,0.004170735677083333
7e4b7311fd9eee4e50fe,test,9,0.45695000886917114,10138.0,0.8944352419803006,1.8773504962715393,81.03205760505031,45.295006992397575,132.7714539356875,69.69826395738805,3.832215427105938,1.09009009009009,0.008250325520833334
7e4b7311fd9eee4e50fe,test,10,0.38091376423835754,9918.0,0.7966966430660188,1.8699899220200176,77.5589836660617,38.05536000276497,130.62704174228676,64.97691066747328,3.279290179471668,1.0,0.0080712890625
7e4b7311fd9eee4e50fe,test,11,0.34418874979019165,3580.0,0.5244095938129253,1.818243124176155,103.00949720670391,69.13929280260542,151.75083798882682,97.14916201117319,5.4391061452513965,0.5688073394495413,0.0029134114583333334
7e4b7311fd9eee4e50fe,test,12,0.3206871747970581,14911.0,0.7729799782298039,1.7710650563395065,89.95922473341828,36.172422959026484,145.2091744349809,78.67339547984709,3.2553819328012876,1.0909090909090908,0.012134602864583333
7e4b7311fd9eee4e50fe,test,13,0.30254629254341125,6373.0,0.7586984862171036,1.7871821829369412,39.75788482661227,36.86064659742174,75.36921387101836,29.032166954338617,1.7629060097285423,1.6338028169014085,0.005186360677083333
7e4b7311fd9eee4e50fe,test,14,0.2934027910232544,13566.0,0.3110276754939577,1.7482361954263899,179.53700427539437,30.108706341221716,238.6453634085213,182.77900633937784,7.782470883090078,0.7433155080213903,0.0110400390625
7e4b7311fd9eee4e50fe,test,15,0.2832547426223755,6430.0,0.8370601985675777,1.7983467021793085,108.98149300155521,38.04664158468643,168.16671850699845,99.20793157076206,4.095178849144634,0.8969072164948454,0.005232747395833333
7e4b7311fd9eee4e50fe,test,16,0.2567095160484314,17314.0,0.4980201756299341,1.7470620232857432,104.63018366639713,57.18263869456359,158.69256093334874,96.50825921219823,4.719129028531824,0.7511961722488039,0.014090169270833333
7eccb58a3abcb772d535,test,1,0.896905779838562,32673.0,0.5860208654235237,1.8475429372229333,105.56722676215836,42.868866813564516,157.1321274446791,98.21684571358614,8.143849661800264,1.0086580086580086,0.02658935546875
7eccb58a3abcb772d535,test,2,0.8909207582473755,26651.0,0.5029960421638653,1.8152255036281828,109.72590146711192,42.268016518996504,161.45585531499756,102.92139131739897,9.039285580278413,1.185929648241206,0.021688639322916668
7eccb58a3abcb772d535,test,3,0.8581090569496155,10945.0,0.7318771381772615,1.8127072154230537,161.94472361809045,30.066178807201304,218.94837825491092,160.96336226587482,17.417450890817726,1.1592920353982301,0.008907063802083334
7eccb58a3abcb772d535,test,4,0.842622697353363,33934.0,0.5065682562469757,1.8051065470716288,102.15043908764072,39.0563383602762,149.6291035539577,96.22549655213061,8.126952319207874,2.0193548387096776,0.027615559895833332
7eccb58a3abcb772d535,test,5,0.8399391174316406,7813.0,0.721546075462865,1.794943912051324,121.43965186228081,28.752715486988848,166.81402790221426,118.88263151158326,15.527582234736977,1.5113636363636365,0.006358235677083333
7eccb58a3abcb772d535,test,6,0.8127947449684143,12589.0,0.48291028283988413,1.7762528420537624,125.69981730081817,33.259975344724324,173.60536976725712,122.81857176900469,14.786003653983636,1.9636363636363636,0.010244954427083333
7eccb58a3abcb772d535,test,7,0.7810658812522888,11151.0,0.5353698585965593,1.7813497397305191,108.70119271814187,35.3548246249535,155.41906555465877,104.10232266164469,9.852120886019192,0.8421052631578947,0.00907470703125
7eccb58a3abcb772d535,test,8,0.7494876384735107,2436.0,0.7856085294774032,1.7980743899402472,124.15147783251231,19.925076252342414,172.23809523809524,121.66009852216749,10.818965517241379,1.511111111111111,0.001982421875
7eccb58a3abcb772d535,test,9,0.7025288939476013,2222.0,0.7708291507852,1.8345498759239027,137.4032403240324,27.064202567365825,187.1129612961296,136.7047704770477,10.62016201620162,0.7419354838709677,0.0018082682291666666
7eccb58a3abcb772d535,test,10,0.6068807244300842,2162.0,0.5818664352193763,1.7047515856392876,164.64199814986125,32.368919510990324,221.30434782608697,163.15402405180387,23.64199814986124,2.1578947368421053,0.0017594401041666667
7eccb58a3abcb772d535,test,11,0.5790578126907349,5208.0,0.9051429791564105,1.7547740860614633,95.28513824884793,53.43023353807532,142.9231950844854,87.78878648233487,8.97004608294931,1.12,0.00423828125
7eccb58a3abcb772d535,test,12,0.4571123719215393,13144.0,0.5640927298257608,1.8507925973301393,147.82326536822885,41.51711770458333,204.81565733414484,144.70906877662813,14.400715155203896,1.2913385826771653,0.010696614583333333
7eccb58a3abcb772d535,test,13,0.42504629492759705,86371.0,0.1725395049395264,1.74321823410385,131.67446249319795,36.6038678310996,187.51878524041635,126.3936043347883,12.36634981648933,1.4143222506393862,0.07028889973958333
7eccb58a3abcb772d535,test,14,0.38801586627960205,65801.0,0.20911559194310628,1.7530230584993967,130.40453792495555,34.43670788300677,187.8348961261987,124.40976580903026,10.62295405844896,1.5407407407407407,0.05354899088541667
7eccb58a3abcb772d535,test,15,0.32263362407684326,18474.0,0.5433442850248466,1.8170272023444216,130.49783479484682,42.825715628541055,180.04498213705747,127.13554184258959,17.775522355743206,1.13125,0.0150341796875
7eccb58a3abcb772d535,test,16,0.2808212637901306,5585.0,0.2961414582475707,1.7526146456864389,175.33625783348253,22.382003368901106,225.46750223813788,178.5310653536258,27.264995523724263,1.1214953271028036,0.004545084635416667
7eccb58a3abcb772d535,test,17,0.2717236280441284,2459.0,0.8461896058534597,1.8380463142601973,132.83001220008134,22.06521946789983,180.32899552663685,131.7742984953233,13.53436356242375,0.9661016949152542,0.002001139322916667
7eccb58a3abcb772d535,test,18,0.25311964750289917,16872.0,0.18139404315627633,1.795003443906132,153.03728070175438,42.25395795010149,209.43942626837364,151.050320056899,15.333036984352773,2.880952380952381,0.01373046875
7eebb3d452d0d6d566d2,test,1,0.8100956082344055,7756.0,0.8387022775168805,1.8349546597193904,150.78390923156266,48.46490815337019,207.20513151108818,148.8895048994327,12.626611655492521,1.3780487804878048,0.006311848958333333
7eebb3d452d0d6d566d2,test,2,0.765956461429596,95344.0,0.44829306500347343,1.8258553053956343,117.48316621916429,44.014089180365154,170.58710563852995,111.44967695922135,9.23965849974828,1.1457142857142857,0.07759114583333333
7eebb3d452d0d6d566d2,test,3,0.5256772041320801,93782.0,0.3347819840752655,1.8309162409351565,130.7141029195368,50.21631722219245,186.10722739971422,125.61878612100404,11.678051225181804,0.6873786407766991,0.07631998697916667
7eebb3d452d0d6d566d2,test,4,0.47217005491256714,57019.0,0.2742736265376909,1.7714032772923793,123.73012504603729,56.046116191489325,179.27224258580472,116.97732334835756,12.871200827794244,0.7270408163265306,0.04640218098958333
7eebb3d452d0d6d566d2,test,5,0.4068470299243927,4794.0,0.8022864725885664,1.7297803588842429,178.44513975803088,27.356589584437536,229.4601585314977,182.1741760534001,25.328118481435126,1.2,0.0039013671875
7eebb3d452d0d6d566d2,test,6,0.4042626917362213,199368.0,0.18663260033395287,1.851012939463716,105.96495425544721,51.11214255149278,155.89935195216884,99.14645780666908,10.107028209140886,1.58300395256917,0.16224609375
7eebb3d452d0d6d566d2,test,7,0.3885597884654999,4980.0,0.840073588310274,1.7427952952564112,136.0487951807229,36.31831367487985,196.33995983935742,129.25441767068273,12.83995983935743,1.1842105263157894,0.004052734375
7eebb3d452d0d6d566d2,test,8,0.30913621187210083,131363.0,0.17146009579897534,1.8384524043038912,124.51699489201678,48.394155762990046,175.12154107320936,120.39455554455974,13.015613224423925,0.6643478260869565,0.10690348307291667
7eebb3d452d0d6d566d2,test,9,0.26069995760917664,12541.0,0.7096059308509638,1.7418118774999352,127.41041384259628,52.69323216852891,183.69962522924806,120.73168008930708,14.145442947133402,1.0833333333333333,0.010205891927083334
7eebb3d452d0d6d566d2,test,10,0.2531374990940094,3456.0,0.7482864117307563,1.8537639100851042,132.03819444444446,29.97739772758381,182.22193287037038,129.0960648148148,15.486400462962964,1.7708333333333333,0.0028125
7f8eb05fafee02c4c9a6,test,1,0.8114116191864014,28376.0,0.5853759880337809,1.8012355184297113,125.31857908091345,41.06594401695331,193.59825204398084,114.60815477868621,1.349520721736679,0.5886524822695035,0.023092447916666668
7f8eb05fafee02c4c9a6,test,2,0.7362738251686096,20761.0,0.7192330942803958,1.7869666200416874,120.08992823081739,34.22030664712712,188.41264871634314,108.37907615240114,1.1838543422763836,1.308724832214765,0.016895345052083333
7f8eb05fafee02c4c9a6,test,3,0.6005091667175293,22075.0,0.7788906274863127,1.80794028088364,127.86409966024915,39.90564880184062,199.69032842582106,115.93644394110986,0.8923669309173273,1.0561797752808988,0.017964680989583332
7f8eb05fafee02c4c9a6,test,4,0.48856601119041443,6551.0,0.6606637596658521,1.8040662056088361,134.2964432911006,28.979931120409084,200.6182262250038,126.34788581895894,1.302243932224088,1.1630434782608696,0.0053312174479166665
7f8eb05fafee02c4c9a6,test,5,0.35566651821136475,13271.0,0.8532795621168532,1.8639306235194315,130.59400195915907,33.49946773044145,202.82782005877476,119.0366212041293,0.6378569813879889,0.8985507246376812,0.010799967447916666
819a8b1a6d20c8e1eecd,test,1,0.8935137987136841,23812.0,0.6646788889368146,1.8636581384982118,63.7773391567277,54.55354642635341,93.60683688896354,59.22425667730556,9.157147656643708,1.6549295774647887,0.019378255208333334
819a8b1a6d20c8e1eecd,test,2,0.8901169300079346,43790.0,0.6115977509019541,1.8439002760825107,108.71269696277689,57.031038539921106,154.5119433660653,103.4389358300982,15.793171957067823,1.1611570247933884,0.03563639322916667
819a8b1a6d20c8e1eecd,test,3,0.7677122950553894,19039.0,0.6219348723782641,1.7715262173448119,93.64641000052524,49.678763032191235,135.0220074583749,88.28089710594044,12.829035138400126,0.8950276243093923,0.015493977864583333
819a8b1a6d20c8e1eecd,test,4,0.46662068367004395,104555.0,0.31454669346293396,1.8394136087363528,100.0186313423557,46.59198167093275,142.16625699392665,95.2749079431878,13.889359667160825,0.782051282051282,0.08508707682291666
819a8b1a6d20c8e1eecd,test,5,0.3646998107433319,157617.0,0.16669392774072916,1.826800862966004,83.0353768946243,46.46720176232175,117.95783449754785,78.92689240373818,12.65428221575084,0.5942446043165468,0.12826904296875
819a8b1a6d20c8e1eecd,test,6,0.330436110496521,266434.0,0.12943231687021695,1.8214092044188825,90.01700608781161,47.04678938713049,127.70856197031911,85.7198780936367,13.316344760803801,1.1169757489300998,0.21682454427083334
819a8b1a6d20c8e1eecd,test,7,0.3129661977291107,74342.0,0.4514457838325679,1.8063077699210548,75.67174679185386,45.32181233623767,108.80827795862366,71.16687740442818,12.044846789163595,0.9907120743034056,0.06049967447916667
819a8b1a6d20c8e1eecd,test,8,0.2743583917617798,17938.0,0.4061335842135349,1.8040695330369714,83.97803545545769,38.92793567383388,120.7897201471736,79.72639090199576,9.366038577321886,0.4108527131782946,0.014597981770833334
81e53f434ba3aff38d15,test,1,0.9557715654373169,28798.0,0.730216778235857,1.8255767476815723,116.18765192027224,39.28449495883239,172.50072921730677,108.77619973609278,6.6286547676922005,1.103448275862069,0.023435872395833335
81e53f434ba3aff38d15,test,2,0.9046187996864319,10724.0,0.6065360957299583,1.8086784687598847,139.83000745990302,35.365704268134486,199.83970533383066,134.32963446475196,10.755128683327117,0.7552447552447552,0.008727213541666667
81e53f434ba3aff38d15,test,3,0.8848327398300171,15309.0,0.6429927894124629,1.775210439954457,141.49271670259324,40.760511827551234,199.94356261022926,137.30818472793783,9.714938924815469,0.9011627906976745,0.01245849609375
81e53f434ba3aff38d15,test,4,0.8593765497207642,7428.0,0.7783919198576946,1.8015983958307111,117.73855681206247,66.98842146447979,165.09598815293484,113.94547657512116,13.031367797522886,1.101010101010101,0.006044921875
81e53f434ba3aff38d15,test,5,0.7646921873092651,8125.0,0.36134574635401395,1.770449357558684,119.99852307692308,33.77070552512713,168.20283076923076,116.7172923076923,10.391138461538462,2.8472222222222223,0.006612141927083333
81e53f434ba3aff38d15,test,6,0.682654857635498,41759.0,0.4962435528187357,1.8328557675459278,149.25754927081587,43.53440922918755,207.36543020666204,146.16784405756843,12.74422280227017,1.1832669322709164,0.033983561197916665
81e53f434ba3aff38d15,test,7,0.4941321015357971,10333.0,0.46836385049577195,1.846544925836455,123.55075970192587,25.250976021633917,174.77189586760863,119.77915416626342,8.561308429304171,1.6875,0.008409016927083334
81e53f434ba3aff38d15,test,8,0.4564908742904663,8450.0,0.31957152738254896,1.8519174725362149,104.15230769230769,48.07804919296522,151.1905325443787,98.84745562130178,8.044497041420119,4.0701754385964914,0.006876627604166667
81e53f434ba3aff38d15,test,9,0.41861242055892944,7432.0,0.5369913236747467,1.7371818048166823,147.65662002152854,37.25491077052489,203.80718514531753,144.56445102260494,16.307185145317547,1.8428571428571427,0.006048177083333333
81e53f434ba3aff38d15,test,10,0.41058778762817383,7331.0,0.4948641560045311,1.8034387830023888,137.58600463783932,23.21383379365076,189.22370754330925,135.87395989633066,10.822398035738644,0.8879310344827587,0.005965983072916667
81e53f434ba3aff38d15,test,11,0.28142836689949036,28064.0,0.3206133149253357,1.7883780280579555,146.79696408209807,42.734250760328074,202.5646379703535,144.14573831242873,14.153185575826681,1.2857142857142858,0.022838541666666667
81e53f434ba3aff38d15,test,12,0.26750290393829346,18281.0,0.4927938652325544,1.7546559465117693,141.61790930474262,44.625460950324275,197.79891690826543,138.12986160494503,12.200207866090476,0.6727272727272727,0.014877115885416667
81e53f434ba3aff38d15,test,13,0.26210182905197144,16120.0,0.21839633691018082,1.807077181598577,112.98294044665012,39.81848572894043,161.76333746898263,108.52059553349876,7.976116625310174,3.8454545454545452,0.013118489583333334
830b246bb34ac389689d,test,1,0.7323736548423767,65967.0,0.4143027441958118,1.8174190235529242,119.70929404095988,54.081359909410956,185.04462837479346,108.92003577546349,3.8890505858990103,1.2766666666666666,0.05368408203125
830b246bb34ac389689d,test,2,0.6480532288551331,11758.0,0.5202609051640176,1.819092000402105,164.99217554005784,52.549191495236165,224.2953733628168,165.55944888586495,6.527555706752849,0.9477611940298507,0.009568684895833334
830b246bb34ac389689d,test,3,0.6391047835350037,17313.0,0.7012864358079665,1.8000896873296015,155.86195344538785,38.32214262260283,224.5446774100387,150.3514699936464,4.077571766880379,1.0479041916167664,0.01408935546875
830b246bb34ac389689d,test,4,0.46981707215309143,23812.0,0.5341594889310253,1.7302320877474289,143.3071560557702,50.953992985514084,211.5047875020998,135.62691080127667,3.9320090710566102,1.9407407407407407,0.019378255208333334
830b246bb34ac389689d,test,5,0.42567238211631775,10757.0,0.8134541240354812,1.890475414879752,147.78599981407456,55.88609061520918,209.87552291531097,143.89123361532026,4.971181556195965,1.0495867768595042,0.008754069010416667
830b246bb34ac389689d,test,6,0.39863958954811096,10450.0,0.7898489825417236,1.8350615937326105,175.24114832535886,39.94801682739851,236.54287081339712,176.48354066985647,8.02755980861244,0.8244274809160306,0.008504231770833334
830b246bb34ac389689d,test,7,0.3853238523006439,37620.0,0.20887398326366485,1.7920903883080934,153.16079213184477,46.325475900360225,220.11446039340777,148.1343168527379,3.3987772461456673,0.5635910224438903,0.030615234375
830b246bb34ac389689d,test,8,0.3731502294540405,5020.0,0.804154089393591,1.9349661181307725,160.29940239043825,40.0156567919044,226.31533864541834,156.9820717131474,4.158964143426295,0.7078651685393258,0.0040852864583333336
830b246bb34ac389689d,test,9,0.3012072741985321,4970.0,0.8774337603450052,1.7970191825448796,140.34346076458752,46.306668936807675,206.12334004024146,133.18269617706238,4.67102615694165,1.0512820512820513,0.004044596354166667
830b246bb34ac389689d,test,10,0.2885853350162506,19756.0,0.4617453434582085,1.7365870475338434,151.2750556792873,47.57698088908422,218.7080886819194,145.45894917999595,4.343693055274347,1.6666666666666667,0.016077473958333335
830b246bb34ac389689d,test,11,0.2755086421966553,92624.0,0.19480540682179878,1.8063660569582913,162.6301606495077,51.569569137605555,224.09918595612368,161.3588162895146,7.9420452582484025,1.1559405940594059,0.07537760416666667
830b246bb34ac389689d,test,12,0.26960495114326477,3605.0,0.8576828732827503,1.861123809635666,172.19140083217752,33.9865190432684,237.93370319001386,171.26407766990292,4.514840499306518,0.84,0.002933756510416667
830b246bb34ac389689d,test,13,0.2568756937980652,1408.0,0.6525121096187411,1.8245769826274763,113.34446022727273,73.15747111612302,170.86079545454547,105.6590909090909,2.0838068181818183,2.2413793103448274,0.0011458333333333333
830b246bb34ac389689d,test,14,0.2560572326183319,5053.0,0.7562559562473414,1.7437785345134083,169.27468830397783,36.96061182082109,234.72986344745695,167.845834157926,4.908964971304176,1.1341463414634145,0.004112141927083333
830b246bb34ac389689d,test,15,0.25425708293914795,13471.0,0.37891982025245907,1.7354164192071904,136.91463143048028,53.08940739453737,205.39046841362926,128.31816494692302,1.5335906762675378,0.2185430463576159,0.010962727864583334
839e9bc4501d64810313,test,1,0.5397824048995972,19380.0,0.6715217435974873,1.8290436646239476,127.7828689370485,46.06202257006251,199.3673374613003,116.02306501547987,0.576780185758514,0.8138297872340425,0.015771484375
839e9bc4501d64810313,test,2,0.4456016421318054,9600.0,0.5046344992434965,1.798426414032526,150.88635416666668,38.39755175083301,222.81489583333334,143.35041666666666,0.986875,0.5207100591715976,0.0078125
839e9bc4501d64810313,test,3,0.4221714735031128,5914.0,0.7321817928645089,1.7640405610137064,174.99932363882314,33.43212729027203,238.37876225904634,176.27138992221848,2.123774095366926,1.5,0.004812825520833334
839e9bc4501d64810313,test,4,0.39341291785240173,202764.0,0.18496950634096798,1.8030018343230894,143.82413544810717,45.62079026430543,213.76465743425854,135.75506500167683,1.8961896589138112,0.9156626506024096,0.165009765625
839e9bc4501d64810313,test,5,0.39093658328056335,41729.0,0.33636295787727444,1.8511365344872475,152.01761364997964,50.67784435439451,218.9103501162261,147.05243355939515,2.121953557478013,1.984375,0.033959147135416666
839e9bc4501d64810313,test,6,0.3905584514141083,14714.0,0.7081010956983421,1.86322100119943,127.7641701780617,65.49397916567429,188.40104662226452,121.3244529019981,1.9305423406279734,0.7294117647058823,0.011974283854166667
839e9bc4501d64810313,test,7,0.37497246265411377,103593.0,0.23792711302070046,1.7915553395900947,157.23511241107025,44.37968970271528,224.13133126755667,153.15231724151246,2.769781742009595,1.9755351681957187,0.08430419921875
839e9bc4501d64810313,test,8,0.37215739488601685,19402.0,0.5679426444218665,1.7722450367398115,178.815895268529,27.842596933375155,243.8397072466756,179.99474281001957,2.1866817853829503,1.1111111111111112,0.015789388020833333
839e9bc4501d64810313,test,9,0.3204962909221649,28459.0,0.5816251817655247,1.822591493178407,140.91724937629573,41.410847511944425,215.46540637408202,130.20742120243156,0.5108050177448259,1.0046511627906978,0.023159993489583332
839e9bc4501d64810313,test,10,0.2827853560447693,5553.0,0.7787777962837098,1.8923504373509579,157.18656582027734,48.79401851741308,222.80857194309382,153.86205654601116,2.1651359625427697,0.5596330275229358,0.00451904296875
839e9bc4501d64810313,test,11,0.2806939482688904,2441.0,0.6336304082468183,1.797714496313041,138.49201147070872,32.75210788894451,209.87423187218354,128.65505940188447,1.826300696435887,2.0714285714285716,0.0019864908854166667
839e9bc4501d64810313,test,12,0.27982398867607117,5291.0,0.7362591967385762,1.8017255061508057,155.74938574938574,29.439884532161432,230.2054432054432,147.87696087696088,0.9217539217539218,0.7070707070707071,0.004305826822916667
839e9bc4501d64810313,test,13,0.27821266651153564,3222.0,0.7044561800565281,1.837460914043728,189.43234016139044,22.126580927397708,250.66356300434512,194.83612662942272,0.999689633767846,1.891304347826087,0.0026220703125
839e9bc4501d64810313,test,14,0.2708497643470764,54727.0,0.36555326448382697,1.7861587461772506,134.83282474829608,39.38647643294618,208.0986898605807,123.27487346282456,2.154494125386007,0.9088397790055248,0.044536946614583336
839e9bc4501d64810313,test,15,0.2690337598323822,14724.0,0.808676663517728,1.8791838427600138,101.19485194240696,42.77897712166907,172.53382233088834,84.37061939690301,0.7274517794077696,0.863013698630137,0.011982421875
839e9bc4501d64810313,test,16,0.2520068883895874,4450.0,0.7273362490935946,1.7553065441705968,198.49820224719102,22.867878878648416,251.2732584269663,209.32494382022472,4.340224719101124,0.7216494845360825,0.0036214192708333335
844dd84c90f640ac3204,test,1,0.7819915413856506,9726.0,0.8311841142867316,1.872162956489394,148.1207073822743,45.699476404992204,215.7652683528686,141.9365617931318,2.5501747892247586,1.2352941176470589,0.0079150390625
844dd84c90f640ac3204,test,2,0.7676856517791748,17649.0,0.7406178331559214,1.7721192219533417,135.06396963000736,36.02734934389737,209.6847413451187,123.19077568134172,0.43452886849113265,1.2466666666666666,0.01436279296875
844dd84c90f640ac3204,test,3,0.6323121190071106,9187.0,0.6788335418866167,1.8649094975829776,150.27854577119842,49.03267637721494,215.94470447371285,145.0763034722978,4.758354196146729,0.928,0.007476399739583334
844dd84c90f640ac3204,test,4,0.6128732562065125,6055.0,0.8470991084029815,1.7972890256877445,115.3643270024773,42.29742179037302,184.52947976878613,102.33443435177539,1.0158546655656482,1.010752688172043,0.004927571614583333
844dd84c90f640ac3204,test,5,0.5858235359191895,18506.0,0.6234570785094761,1.8009277144065434,124.03561007240894,42.79729461164561,194.64265643575058,112.04965956986923,0.5285853236788068,1.591549295774648,0.015060221354166667
844dd84c90f640ac3204,test,6,0.5695776343345642,11944.0,0.7389196240303664,1.8695972037469093,104.50611185532485,52.5417685040008,165.25418620227728,93.2896014735432,2.9052243804420628,0.8382352941176471,0.009720052083333333
844dd84c90f640ac3204,test,7,0.5445488095283508,14847.0,0.5462656969276329,1.847873222527741,131.5572169461844,40.42652899098298,199.47922139152692,122.07725466424193,2.214790866841786,1.875,0.01208251953125
844dd84c90f640ac3204,test,8,0.49244433641433716,17894.0,0.43046900483202316,1.7829287461514047,133.2486308259752,40.486074283366136,203.04979322677994,123.16463619090197,2.0538728065273277,1.116504854368932,0.014562174479166667
844dd84c90f640ac3204,test,9,0.4756733477115631,11463.0,0.7549296160280613,1.8237191609745034,115.04405478496031,39.704687989029296,186.31937538166275,100.97086277588764,0.5941725551775277,0.8636363636363636,0.00932861328125
844dd84c90f640ac3204,test,10,0.4623189866542816,3512.0,0.7579882231602514,1.8378221566406228,106.69191343963554,37.33342903107107,174.1121867881549,92.96697038724373,0.6110478359908884,1.74,0.0028580729166666667
844dd84c90f640ac3204,test,11,0.4528590440750122,31868.0,0.6606543151287567,1.8518294346841233,84.99855654575123,48.01977410487792,145.15614409438936,70.7616103928706,0.5543178109702523,0.8125,0.02593424479166667
844dd84c90f640ac3204,test,12,0.44533517956733704,16340.0,0.8577005737405231,1.7860326759464002,124.65985312117503,44.474766588890844,196.73084455324357,112.01015911872705,0.7431456548347614,1.181159420289855,0.013297526041666667
844dd84c90f640ac3204,test,13,0.4355880916118622,6287.0,0.6725004061748873,1.7832971352400293,132.30173373628122,52.23332387135893,201.524415460474,122.41991410847781,1.5872435183712423,1.0769230769230769,0.005116373697916667
844dd84c90f640ac3204,test,14,0.43105900287628174,11214.0,0.7717867261068624,1.8249703992343578,101.06144105582308,42.05343941087739,169.51426787943643,85.68129124308899,0.7046548956661316,0.8823529411764706,0.0091259765625
844dd84c90f640ac3204,test,15,0.4301499128341675,12464.0,0.6987581394180142,1.8299086961058042,155.23347240051348,33.964980685619814,226.58705070603338,148.64112644415917,1.9377406931964056,0.6826347305389222,0.010143229166666667
844dd84c90f640ac3204,test,16,0.4172879457473755,21654.0,0.43910312552610836,1.7870611478959857,148.82086450540316,32.75344452799064,222.20185646993627,140.09540962408792,1.221714232936178,0.863013698630137,0.0176220703125
844dd84c90f640ac3204,test,17,0.39481911063194275,13134.0,0.3218411670384419,1.8039577024614535,155.1531901933912,40.513791162409994,223.43573930257347,150.12867367138725,1.9030759859905588,0.35968379446640314,0.0106884765625
844dd84c90f640ac3204,test,18,0.38602396845817566,10368.0,0.8395111485474315,1.8822398232048394,120.22800925925925,33.47704406560239,190.30246913580248,107.70273919753086,0.9167631172839507,1.1666666666666667,0.0084375
844dd84c90f640ac3204,test,19,0.37150564789772034,4477.0,0.7839874000573627,1.7141248288852333,136.89144516417244,44.61275376119704,205.36609336609337,128.34867098503463,1.2901496537860173,0.875,0.0036433919270833334
844dd84c90f640ac3204,test,20,0.3714445233345032,3096.0,0.6279430212837975,1.8155119521889904,101.33236434108527,49.271373846431366,166.81169250645993,87.36692506459949,1.4534883720930232,0.4673913043478261,0.00251953125
844dd84c90f640ac3204,test,21,0.3596755266189575,20759.0,0.713346455477379,1.7832817246618167,110.4227563948167,45.41037669699036,177.24505033961174,97.61843056023893,1.0379112674020907,0.9333333333333333,0.016893717447916668
844dd84c90f640ac3204,test,22,0.34119322896003723,7758.0,0.26765393352609734,1.8441810538506382,123.77764887857695,40.53883882782118,191.97434905903583,112.92691415313224,0.7647589584944573,4.69811320754717,0.0063134765625
844dd84c90f640ac3204,test,23,0.31560248136520386,10907.0,0.5667621371568587,1.8252576066042256,165.1629228935546,28.270107876693267,237.07875676171267,160.3819565416705,1.1019528743009077,0.4371584699453552,0.008876139322916667
844dd84c90f640ac3204,test,24,0.3097771406173706,1764.0,0.43687803311474593,1.7654999565140914,172.35884353741497,33.45928459556064,242.76757369614512,169.79308390022675,0.8820861678004536,4.166666666666667,0.001435546875
844dd84c90f640ac3204,test,25,0.2638276219367981,40863.0,0.27809876890415147,1.7436367297888162,127.24288476127548,47.448892611901826,195.1264224359445,117.1303869025769,1.2248488852996597,0.9212328767123288,0.03325439453125
85205bb276773c10fbea,test,1,0.8861199021339417,6446.0,0.831333922512286,1.8003852548070984,146.95004654049023,37.79206445460383,201.85215637604716,144.0193918709277,17.91560657772262,1.043010752688172,0.005245768229166667
85205bb276773c10fbea,test,2,0.8825042247772217,16155.0,0.6224647897948136,1.7541471190751543,129.0222222222222,28.20340082597408,178.08177034973693,126.56453110492107,12.91203961621789,1.2101910828025477,0.01314697265625
85205bb276773c10fbea,test,3,0.8750801682472229,10632.0,0.5737530481746059,1.8026608253886691,152.3780097817908,30.484039938919626,212.43039879608727,149.0175884123401,12.156508653122648,0.7317073170731707,0.00865234375
85205bb276773c10fbea,test,4,0.763607382774353,7981.0,0.7283435416354592,1.8264024263004133,118.79125422879338,22.29632150896466,167.24107254729984,114.77283548427515,12.259240696654555,0.9035087719298246,0.006494954427083333
85205bb276773c10fbea,test,5,0.7499533891677856,2894.0,0.7778484484564125,1.8182678651121265,185.27125086385627,18.461058101603452,240.28714581893573,190.57774706288873,13.402557014512785,1.5416666666666667,0.0023551432291666666
85205bb276773c10fbea,test,6,0.7312363982200623,12640.0,0.5475153779715912,1.744557116431646,139.0509493670886,32.985688290682894,199.25237341772151,133.73322784810128,8.467642405063291,1.2076923076923076,0.010286458333333333
85205bb276773c10fbea,test,7,0.5584618449211121,5373.0,0.44334454459746125,1.751910100795702,127.42546063651591,28.76562651409417,183.27619579378373,122.14349525404802,8.072212916434022,0.47183098591549294,0.00437255859375
85205bb276773c10fbea,test,8,0.5554971694946289,21057.0,0.42999077477702097,1.778000827810003,124.14588972788147,33.67123539776297,177.05014959395925,119.69668043880894,8.244384290259772,1.1912568306010929,0.01713623046875
85205bb276773c10fbea,test,9,0.5368180274963379,10790.0,0.28108924064796337,1.7965950465127554,165.490546802595,27.12883916322619,226.95078776645042,164.54114921223356,9.161167747914735,2.89247311827957,0.008780924479166667
85205bb276773c10fbea,test,10,0.5247486233711243,7913.0,0.8639341903380989,1.8285902982961522,105.5905472008088,38.65051322744536,157.92177429546317,98.30115000631872,5.859471755339315,0.9626168224299065,0.006439615885416666
85205bb276773c10fbea,test,11,0.5088338851928711,2150.0,0.7531860656042078,1.7646874343599526,159.7325581395349,27.648266028562347,221.83116279069768,156.8688372093023,11.550232558139536,0.6268656716417911,0.0017496744791666667
85205bb276773c10fbea,test,12,0.4840700030326843,34049.0,0.3638565891865075,1.7908890521440104,139.30647008722724,31.86428651771858,197.76539692795677,134.97888337396105,8.235396046873623,0.6573208722741433,0.027709147135416667
85205bb276773c10fbea,test,13,0.46749579906463623,3092.0,0.6300939501920437,1.770825684596231,114.95924967658473,15.94213405560393,160.127425614489,112.15200517464424,10.832794307891332,2.4871794871794872,0.0025162760416666667
85205bb276773c10fbea,test,14,0.4065088629722595,8565.0,0.3301605409078459,1.6649751973483842,125.92901342673672,28.591677886855337,176.61471103327494,122.90764740221833,8.470519556333917,1.0283687943262412,0.00697021484375
85205bb276773c10fbea,test,15,0.3927463889122009,15819.0,0.5088246008840286,1.7808276527461677,135.75529426638852,32.21062092528273,193.06163474303054,131.37221063278335,7.987356975788608,1.0650887573964498,0.01287353515625
85205bb276773c10fbea,test,16,0.35713672637939453,1214.0,0.8297019617081991,1.6709802248957295,154.834431630972,7.916456321494879,211.91186161449752,153.6490939044481,11.101317957166392,1.0526315789473684,0.0009879557291666667
85205bb276773c10fbea,test,17,0.336748868227005,1317.0,0.9014325624918033,1.6974785402319894,148.51860288534547,24.51396630155854,207.7015945330296,145.42444950645407,9.09415337889142,0.9512195121951219,0.00107177734375
85205bb276773c10fbea,test,18,0.3144078254699707,8521.0,0.7006921531554925,1.842638761607117,130.19305245863163,25.053800644505074,183.39549348667995,126.62023236709307,8.990611430583265,0.9262295081967213,0.006934407552083333
85205bb276773c10fbea,test,19,0.2668950855731964,15169.0,0.612229351409967,1.7829085695475237,137.844419539851,32.396021318240585,197.310831300679,132.801964532929,7.836574592919771,1.0728476821192052,0.012344563802083333
85205bb276773c10fbea,test,20,0.2503088414669037,1943.0,0.8241292168516193,1.7883013753691215,125.32321152856407,9.1507369766417,176.15594441585176,121.8816263510036,9.564590838908904,1.3409090909090908,0.0015812174479166666
8591427161c524499780,test,1,0.9182752370834351,35783.0,0.43720526349298083,1.8003135276618103,116.8397842550932,45.9039817856962,163.89070228879635,111.5735405080625,20.518179023558673,0.9291044776119403,0.029120279947916668
8591427161c524499780,test,2,0.8958602547645569,104149.0,0.4588043523092065,1.7981482777809101,112.77083793411363,49.783878379986035,161.64352994267827,107.28492832384373,12.869264227212936,2.0736842105263156,0.08475667317708334
8591427161c524499780,test,3,0.8838901519775391,5887.0,0.7549422403392639,1.7661524996740656,177.564294207576,32.031880179353074,221.84372345846782,181.3951078647868,41.648377781552576,1.2911392405063291,0.004790852864583334
8591427161c524499780,test,4,0.8089949488639832,6715.0,0.7069838346795203,1.8017381669230437,96.27148175725986,48.40382699151637,134.96381236038718,92.36962025316456,14.843335815338794,1.4936708860759493,0.005464680989583333
8591427161c524499780,test,5,0.7802598476409912,3987.0,0.8641019871555055,1.7424674857765878,109.7055430147981,59.111399823039385,149.87985954351643,106.22473037371458,22.21720591923752,1.1304347826086956,0.00324462890625
8591427161c524499780,test,6,0.7542039155960083,38716.0,0.5084587619559492,1.817257668662661,94.98597479078417,49.62336225013523,135.85434962289492,90.04520095051141,13.255889038123772,0.7432432432432432,0.031507161458333335
8591427161c524499780,test,7,0.7466546297073364,37717.0,0.2739314915943276,1.78994663707338,98.8045973963995,51.05859203224028,135.46488320916296,95.40135747806029,20.177214518652068,1.8153846153846154,0.030694173177083332
8591427161c524499780,test,8,0.6874070763587952,20513.0,0.4332916125763402,1.7734444068349708,124.33627455759762,47.69954756098457,166.45039730902354,121.46009847413835,28.633451957295375,0.6265060240963856,0.016693522135416666
8591427161c524499780,test,9,0.5533539652824402,1830.0,0.38618419794278647,1.8123810491774435,131.73934426229508,17.46691904063776,167.65027322404373,132.09890710382513,35.64153005464481,4.3,0.0014892578125
8591427161c524499780,test,10,0.542282223701477,11170.0,0.774540730147171,1.8246710329041147,71.88880931065354,56.26271976042477,107.74288272157565,65.69131602506714,9.89892569382274,0.8796992481203008,0.009090169270833334
8591427161c524499780,test,11,0.5149072408676147,9252.0,0.3621090459557484,1.7807268919315062,157.95038910505838,31.286678826714233,201.10408560311285,159.49762213575443,36.70471249459576,0.49714285714285716,0.007529296875
8591427161c524499780,test,12,0.3695094883441925,1609.0,0.37336472951354105,1.737799238906021,118.58669981354879,30.439541147051056,161.1727781230578,115.68241143567433,21.75264139216905,2.051282051282051,0.0013094075520833333
8591427161c524499780,test,13,0.36923134326934814,17366.0,0.6169530949170215,1.903631924274482,87.21035356443626,56.073321236667326,122.28619140849936,83.30277553840838,15.355982955199815,1.5241935483870968,0.014132486979166666
8591427161c524499780,test,14,0.3522825241088867,4830.0,0.809252246113861,1.7355194556668823,125.71097308488613,39.56071549977766,166.84202898550726,123.52670807453416,28.97784679089027,0.9411764705882353,0.0039306640625
8591427161c524499780,test,15,0.3216959238052368,17311.0,0.5623276571205534,1.757140953081078,101.23522615677892,43.17680251185987,138.76904858182658,97.50938709491075,21.974178268153196,1.1025641025641026,0.014087727864583333
8591427161c524499780,test,16,0.27731430530548096,761.0,0.7506492073271946,1.8150700788411296,112.89750328515112,36.110831097391525,158.3442838370565,107.43101182654402,21.734559789750328,0.7297297297297297,0.0006193033854166667
8591427161c524499780,test,17,0.26760631799697876,1513.0,0.653508017587218,1.85017037653967,130.81692002643754,18.50003638458263,166.62062128222075,131.2293456708526,34.74091209517515,2.413793103448276,0.0012312825520833333
86765cf66e373d4f19c7,test,1,0.4515100121498108,4257.0,0.6396303705079631,1.823832983718025,149.92905802208128,37.241797880897394,206.33074935400518,146.89875499177825,17.489781536293165,0.4298245614035088,0.00346435546875
86765cf66e373d4f19c7,test,2,0.4033045172691345,759876.0,0.08373089369294914,1.8878746740951688,137.45216982770873,50.055092807556704,193.0937126583811,133.5954379398744,11.388223868104797,1.2791666666666666,0.618388671875
86765cf66e373d4f19c7,test,3,0.2673971652984619,2051.0,0.858215047428217,1.8064246326055748,192.93174061433447,14.517771749831589,244.65090199902485,199.55875182837642,23.062896148220382,1.1458333333333333,0.0016691080729166667
888b29ac72f00aa9b0a4,test,1,0.8296504616737366,20065.0,0.7001729587564494,1.7895639187954004,147.76521305756293,35.13934733754961,210.52015948168452,143.0056316969848,7.67979068028906,1.0621468926553672,0.016328938802083335
888b29ac72f00aa9b0a4,test,2,0.6863709092140198,9842.0,0.7516180900034302,1.8260068385673518,152.14224751066857,37.971821943160684,214.39118065433854,148.17821580979475,9.273216825848404,0.7323943661971831,0.008009440104166666
888b29ac72f00aa9b0a4,test,3,0.683285117149353,6093.0,0.7299834198616577,1.7834144622933992,157.92056458230758,27.268364240877897,220.826029870343,154.93205317577548,8.316756934186772,1.8059701492537314,0.00495849609375
888b29ac72f00aa9b0a4,test,4,0.6435315012931824,14657.0,0.8236193316287184,1.8861149711705458,82.26929112369517,41.32784116807973,135.2986286416047,70.6728525619158,3.024698096472675,0.7333333333333333,0.011927897135416667
888b29ac72f00aa9b0a4,test,5,0.4762093722820282,19239.0,0.30742553282178314,1.8528045763797858,116.30848796715006,45.11789462279767,175.2889963095795,107.75201413794896,5.714902021934612,0.4148148148148148,0.01565673828125
888b29ac72f00aa9b0a4,test,6,0.43506863713264465,3852.0,0.4463977630216678,1.7209140046190925,158.84371754932502,39.2419139237888,224.8416407061267,154.8927829698858,6.17601246105919,4.171428571428572,0.003134765625
888b29ac72f00aa9b0a4,test,7,0.42311999201774597,5221.0,0.6776600209972021,1.8717811161349358,125.9015514269297,54.393339620090586,180.97261061099405,120.52691055353381,9.208580731660602,1.564516129032258,0.004248860677083333
888b29ac72f00aa9b0a4,test,8,0.4024116098880768,11447.0,0.7631736819154414,1.8293438966711666,108.28618852100988,53.08779528029959,164.41041320870096,99.76675111382895,5.043766925832096,0.7074829931972789,0.009315592447916667
888b29ac72f00aa9b0a4,test,9,0.3785204291343689,21932.0,0.36787509172318344,1.7835416225513456,135.8815885464162,38.80704515742944,194.23987780412182,131.09196607696518,7.411909538573774,1.0960698689956332,0.017848307291666667
888b29ac72f00aa9b0a4,test,10,0.36977624893188477,5276.0,0.5116734335561093,1.8512433055218445,129.45526914329037,36.93401910375478,185.4895754359363,124.85841546626231,6.105193328278999,2.2698412698412698,0.0042936197916666665
888b29ac72f00aa9b0a4,test,11,0.3444675803184509,15309.0,0.30933144752556224,1.831481969463109,125.2702985172121,55.48290811827733,182.14063622705598,119.29107061205826,6.946828662878046,0.3612040133779264,0.01245849609375
888b29ac72f00aa9b0a4,test,12,0.33498474955558777,80007.0,0.1450296574587346,1.723606422583273,144.14334995687878,42.043224705376005,207.73357331233518,138.46974639719025,6.625745247290862,2.1768953068592056,0.06510986328125
888b29ac72f00aa9b0a4,test,13,0.3158612549304962,301435.0,0.06745707547696732,1.7956847245623118,118.94576940302221,46.668330110357545,174.11669182410802,112.42864630849105,7.848985685139416,0.6927899686520376,0.24530843098958333
888b29ac72f00aa9b0a4,test,14,0.3031655550003052,5939.0,0.6604109584442948,1.7755911787444152,112.40562384239772,46.44462137191068,172.46607172924735,102.64404781949823,5.235898299376999,0.9090909090909091,0.004833170572916667
888b29ac72f00aa9b0a4,test,15,0.3010643720626831,14875.0,0.5467638597546758,1.7202283438919603,134.704,40.00418105207328,193.525243697479,129.4740168067227,7.294453781512605,0.7663043478260869,0.012105305989583334
888b29ac72f00aa9b0a4,test,16,0.2507598400115967,14092.0,0.6527405069269971,1.8640297707353233,132.3193301163781,47.50352558324726,192.57096224808402,125.74191030371843,8.215796196423502,0.727810650887574,0.011468098958333334
891f3ff8586e46d69518,test,1,0.7141312956809998,13744.0,0.6685392925911114,1.8596530761657766,132.7561845168801,38.17913742872944,204.48923166472642,121.79976717112922,0.9703870779976718,1.7184466019417475,0.011184895833333333
891f3ff8586e46d69518,test,2,0.6840906143188477,10410.0,0.8746483836883291,1.8764573098028432,116.7579250720461,41.27357704945626,185.73294908741596,104.11969260326609,0.9365033621517771,0.9912280701754386,0.0084716796875
891f3ff8586e46d69518,test,3,0.6527277827262878,30805.0,0.6288202092736931,1.7775734733658162,130.24840123356597,44.094034631398976,197.79227398149652,120.79526050965752,1.7347508521343937,1.2046511627906977,0.025069173177083334
891f3ff8586e46d69518,test,4,0.5997961759567261,59961.0,0.27578442244697504,1.7352063200263612,140.35508080252163,47.0104641437157,208.68224345824785,132.43369857073765,1.8954653858341255,0.9182242990654206,0.04879638671875
891f3ff8586e46d69518,test,5,0.5747126936912537,7818.0,0.7809068584268292,1.8400685227834934,135.76656433870556,36.06416955794331,203.63187515988744,127.17293425428498,2.0067792274238934,1.423529411764706,0.0063623046875
891f3ff8586e46d69518,test,6,0.2982042729854584,22682.0,0.6153287896402422,1.7980448212015867,125.58350233665462,52.117255167125734,194.00789172030684,114.87501102195574,1.254298562736972,0.7129629629629629,0.018458658854166667
89ac9fe45664f4c42ad6,test,1,0.6141957640647888,42485.0,0.5403954538607686,1.8792059087898898,166.68647758032247,41.89548743336814,233.04695774979405,164.61026244556902,3.289231493468283,0.9163498098859315,0.03457438151041667
89ac9fe45664f4c42ad6,test,2,0.4693886637687683,21729.0,0.48982978050357934,1.783598570051968,148.6910120115974,60.96757057424934,207.5917437525887,146.89051497998068,3.5044410695384047,0.6584362139917695,0.01768310546875
89ac9fe45664f4c42ad6,test,3,0.4551912844181061,10976.0,0.7294639642186884,1.817912889121814,156.76047740524783,39.48081112945532,224.65269679300292,151.75072886297377,4.449617346938775,0.5123456790123457,0.008932291666666667
89ac9fe45664f4c42ad6,test,4,0.4210645854473114,18744.0,0.6881696237344893,1.873061986818179,108.7534677763551,57.28488206423435,170.7083866837388,97.71014724711908,3.0847204438753733,0.5871559633027523,0.01525390625
89ac9fe45664f4c42ad6,test,5,0.370927095413208,12662.0,0.7068328916793093,1.7355613246337198,125.98080871900174,61.428044914222916,187.2769704628021,118.73132206602432,2.57123677144211,0.9090909090909091,0.010304361979166666
89ac9fe45664f4c42ad6,test,6,0.3412245213985443,13919.0,0.7521507304223164,1.865939408210118,150.4029743516057,40.353824068513006,223.20260076154895,142.15884761836338,1.905884043393922,1.2868852459016393,0.011327311197916667
89ac9fe45664f4c42ad6,test,7,0.3042023181915283,1443.0,0.557026680889091,1.7950079382089446,195.42827442827442,33.575530293857454,248.55717255717255,204.27234927234926,10.431739431739432,0.32894736842105265,0.00117431640625
89ac9fe45664f4c42ad6,test,8,0.2527052164077759,108068.0,0.21859733978333465,1.7938814036806472,157.32976459266388,49.01940487266001,221.09337639264166,154.39426102083874,5.174519746826072,0.5399673735725938,0.08794596354166667
8c10a746f7fb065fd8e2,test,1,0.9260746240615845,26852.0,0.4554860844816659,1.7795638468639603,126.15756740652465,37.360064311296625,190.31137345449127,117.61526143304037,2.041970802919708,1.3398058252427185,0.021852213541666665
8c10a746f7fb065fd8e2,test,2,0.893734872341156,10073.0,0.774425541009868,1.8899965848423605,115.0170753499454,49.77405622002334,171.3442867070386,108.27002878983421,2.0621463317780204,0.7777777777777778,0.008197428385416667
8c10a746f7fb065fd8e2,test,3,0.8480353355407715,18568.0,0.4836452363545374,1.809469533600506,124.79211546747092,40.64303758295427,190.2308810857389,115.2941081430418,2.224903059026282,0.4398496240601504,0.015110677083333333
8c10a746f7fb065fd8e2,test,4,0.83831387758255,12548.0,0.8366440264471184,1.8438982754296953,114.87878546381893,50.81133152747243,174.40707682499203,106.58025183296142,1.6203379024545745,1.2307692307692308,0.010211588541666667
8c10a746f7fb065fd8e2,test,5,0.8214309215545654,11262.0,0.6635994241977371,1.8268671477214398,129.67945302788138,36.669056151574125,193.67599005505238,122.02992363700942,1.403569525839105,1.4077669902912622,0.0091650390625
8c10a746f7fb065fd8e2,test,6,0.7705772519111633,5425.0,0.855741077537053,1.766666320970724,130.64350230414746,38.11279532463301,197.4221198156682,121.70875576036866,1.7188940092165899,1.2179487179487178,0.004414876302083333
8c10a746f7fb065fd8e2,test,7,0.6410542130470276,14634.0,0.6904788438755531,1.865378052557992,119.060065600656,42.123597240353,185.8679786797868,107.8483668170015,1.7967746344130109,1.5423728813559323,0.0119091796875
8c10a746f7fb065fd8e2,test,8,0.5479965806007385,17688.0,0.6561774658356379,1.7588560223476746,119.91468792401628,41.7980598566926,180.37726142017186,111.7637381275441,3.341304839439168,0.9176470588235294,0.01439453125
8c10a746f7fb065fd8e2,test,9,0.5181127190589905,16165.0,0.7200466728601894,1.7702772776753333,102.67924528301887,47.380184659283636,164.95966594494277,90.43674605629447,2.55069594803588,0.98125,0.013155110677083333
8c10a746f7fb065fd8e2,test,10,0.29392051696777344,21441.0,0.49386419264337333,1.8365055672815775,125.1202369292477,41.568952367177125,192.0760692131897,115.02000839513083,1.7448346625623805,1.052910052910053,0.01744873046875
8c10a746f7fb065fd8e2,test,11,0.28377074003219604,4390.0,0.8193431732326264,1.782335343083513,101.6993166287016,53.7746735188739,158.84783599088837,91.5879271070615,3.997722095671982,0.7303370786516854,0.0035725911458333332
8cec87b4f6890f4f800c,test,1,0.9340234994888306,36996.0,0.3989060685243257,1.7989531448920484,121.19356146610444,43.61113750371035,177.47224024218835,114.78048978267921,6.6144448048437665,1.61,0.030107421875
8cec87b4f6890f4f800c,test,2,0.926381528377533,61706.0,0.3895992712525846,1.8092173749390443,137.738874663728,41.89141596621248,197.08974816063267,132.68273749716397,8.106326775354098,0.8434782608695652,0.05021647135416667
8cec87b4f6890f4f800c,test,3,0.8156420588493347,4140.0,0.8374967390775547,1.746804429105464,151.99492753623187,26.86826375965736,212.34033816425122,148.6729468599034,10.742028985507247,0.8048780487804879,0.003369140625
8cec87b4f6890f4f800c,test,4,0.7555150985717773,7667.0,0.6440428116703739,1.8152276765796358,172.5680187817921,48.10638464828983,221.23542454675885,176.97756619277422,22.184035476718403,0.8536585365853658,0.006239420572916667
8cec87b4f6890f4f800c,test,5,0.7324352264404297,86678.0,0.3801589068107689,1.8007055264944742,143.2979071967512,49.32897792790065,201.65399524677542,139.64215833314105,9.06479152726182,0.9848866498740554,0.07053873697916667
8cec87b4f6890f4f800c,test,6,0.6901373267173767,17728.0,0.6280778472577534,1.7676513447985356,64.58201714801444,61.14415297362882,99.94488944043322,57.923003158844764,6.25095893501805,1.0434782608695652,0.014427083333333333
8cec87b4f6890f4f800c,test,7,0.6811784505844116,2717.0,0.7976306843756422,1.7723514480035014,154.50055207949944,31.11010312489529,213.93117408906883,151.3997055576003,14.403386087596614,1.064516129032258,0.0022111002604166667
8cec87b4f6890f4f800c,test,8,0.5728212594985962,88378.0,0.48835879350508915,1.7520371130746322,122.25740568919866,43.56540358767913,174.2498811921519,117.64397248183937,9.661148702165697,0.5144508670520231,0.07192220052083333
8cec87b4f6890f4f800c,test,9,0.5394819974899292,61629.0,0.28162492878060685,1.7424223673260162,116.69163867659705,46.231217222086286,169.6477794544776,110.83115091921012,7.983952360090218,1.0259067357512954,0.05015380859375
8cec87b4f6890f4f800c,test,10,0.5250922441482544,4730.0,0.3776000848119829,1.6210442826888236,174.04862579281183,44.51428926118758,228.77188160676533,177.1215644820296,14.50507399577167,2.292307692307692,0.003849283854166667
8cec87b4f6890f4f800c,test,11,0.4463792145252228,4223.0,0.6997012252927203,1.8509433142813296,169.7241297655695,45.18030709791303,225.71560502012787,171.56642197489936,13.241060857210513,1.375,0.0034366861979166666
8cec87b4f6890f4f800c,test,12,0.4272596836090088,163849.0,0.16237327843719018,1.7410585313082656,129.01378708444972,46.973988504665535,185.8250767474931,123.34506771478617,9.217004681139342,1.3,0.13334065755208332
8cec87b4f6890f4f800c,test,13,0.3627552390098572,18480.0,0.43115179924470437,1.8304241771539456,152.44177489177488,39.03006066880755,213.81872294372295,149.18901515151515,8.253950216450216,0.9510869565217391,0.0150390625
8cec87b4f6890f4f800c,test,14,0.36159753799438477,21450.0,0.4983516359743963,1.7934697076562114,110.19692307692307,40.62720975344881,163.04433566433568,103.55902097902099,5.787972027972028,2.0364963503649633,0.0174560546875
8cec87b4f6890f4f800c,test,15,0.2707691788673401,2004.0,0.8524040840167167,1.809912386658675,197.00998003992015,13.1107253027311,242.9011976047904,206.02644710578844,30.09680638722555,0.7586206896551724,0.001630859375
8f37ecdb69402da4e8f8,test,1,0.9274470210075378,21437.0,0.6017737226955572,1.7995074458322975,123.17110603162756,36.35021941363382,173.3073191211457,119.10290619023185,12.531790828940617,1.0809248554913296,0.017445475260416666
8f37ecdb69402da4e8f8,test,2,0.8969048857688904,33602.0,0.6670011933526149,1.8116988271608792,98.07445985358014,64.44150223980931,143.9214630081543,91.19992857568002,13.297214451520743,0.6013986013986014,0.027345377604166665
8f37ecdb69402da4e8f8,test,3,0.8878996968269348,13556.0,0.8272441717627516,1.7622499893019254,84.05687518442018,62.97835246424999,119.79735910298022,79.86706993213338,11.9024048391856,1.0763358778625953,0.011031901041666667
8f37ecdb69402da4e8f8,test,4,0.8848848938941956,10219.0,0.6784502853688014,1.8427760483773443,121.93893727370585,36.048743106026556,168.62980722184167,118.89627165084646,15.087092670515705,1.0932203389830508,0.008316243489583333
8f37ecdb69402da4e8f8,test,5,0.8394786715507507,5562.0,0.7932479770965453,1.772024521089057,140.5801869830996,32.08729535100121,196.61201006832076,136.48597626752968,14.56616325062927,0.8526315789473684,0.0045263671875
8f37ecdb69402da4e8f8,test,6,0.7947145700454712,3127.0,0.4267721756774414,1.7350199346567203,121.93604093380236,59.939270001587744,167.82954908858332,119.7000319795331,13.003197953309881,0.3387096774193548,0.0025447591145833334
8f37ecdb69402da4e8f8,test,7,0.751972496509552,47593.0,0.34254867251951043,1.7694101957619126,123.69749753114954,45.45262550313679,179.39453280944676,117.21309856491501,10.977790851595824,0.9530201342281879,0.038731282552083336
8f37ecdb69402da4e8f8,test,8,0.6557239890098572,15117.0,0.5089197100352134,1.8257052704437584,127.99503869815439,49.0120646896528,179.83958457365878,123.06899517099954,17.37877885823907,2.055045871559633,0.01230224609375
8f37ecdb69402da4e8f8,test,9,0.5952529311180115,3170.0,0.30808907390279255,1.7773526655240601,122.38895899053628,34.88111134366702,170.84574132492114,119.00567823343849,12.579179810725552,4.676470588235294,0.0025797526041666666
8f37ecdb69402da4e8f8,test,10,0.5400027632713318,2574.0,0.6113228784092233,1.817657542137386,154.66860916860918,22.112503921752502,211.67482517482517,152.02680652680652,18.627816627816628,0.8405797101449275,0.0020947265625
8f37ecdb69402da4e8f8,test,11,0.3517971932888031,32103.0,0.5126261941860156,1.7909533963326199,119.54262841478989,47.73477529193232,174.26782543687506,112.85393888421643,10.423823318692957,0.5719063545150501,0.02612548828125
8f37ecdb69402da4e8f8,test,12,0.25030517578125,1097.0,0.5129094138115546,1.8411804801308478,154.64721969006382,22.994004093811725,212.09115770282588,151.49134001823154,20.17866909753874,0.38095238095238093,0.0008927408854166667
91559ca0f839f90cc9f9,test,1,0.9119503498077393,27588.0,0.6943089406472289,1.8301238722190356,103.7984993475424,59.867021595199155,147.49336668116572,97.84819486733362,19.838951718138322,1.125,0.022451171875
91559ca0f839f90cc9f9,test,2,0.8753742575645447,9898.0,0.7335134367640455,1.7980802694985847,137.3455243483532,45.92517470543201,176.44655485956758,136.42806627601536,39.422105475853705,0.8201438848920863,0.008055013020833333
91559ca0f839f90cc9f9,test,3,0.8367114663124084,10373.0,0.7394262857528197,1.8784903995218185,102.72418779523764,30.444915593561777,139.01041164561843,100.40682541212765,19.396124554130918,0.9833333333333333,0.008441569010416667
91559ca0f839f90cc9f9,test,4,0.829383134841919,12892.0,0.3212032621829635,1.7616991935311248,152.817328575861,47.02863580023189,200.31639776605647,152.1260471610301,31.75744647843624,2.81,0.010491536458333334
91559ca0f839f90cc9f9,test,5,0.7664002776145935,2616.0,0.5063031604219491,1.8142526617769135,149.68960244648318,37.20258181532221,199.72744648318042,145.86085626911316,38.04587155963303,0.30275229357798167,0.00212890625
91559ca0f839f90cc9f9,test,6,0.5421135425567627,32346.0,0.5135963826475743,1.781037605462508,101.44073455759599,51.4180442558121,141.17179867680701,96.798800469919,21.128176590613986,0.6351791530944625,0.0263232421875
91559ca0f839f90cc9f9,test,7,0.506270706653595,65549.0,0.2919238606189603,1.7387669627141829,98.68181055393676,51.39809009774828,140.08462371660895,93.1496132664114,18.589482677081268,0.6897880539499036,0.05334391276041667
91559ca0f839f90cc9f9,test,8,0.4373604357242584,2359.0,0.794221669859466,1.8259135056290474,165.91776176345908,11.174633012687886,203.27893175074183,168.31920305214075,55.48622297583722,1.169811320754717,0.0019197591145833333
91559ca0f839f90cc9f9,test,9,0.3804514706134796,3950.0,0.8598419204353722,1.735911405467251,161.58683544303798,8.74212434633854,205.05037974683543,162.83620253164557,40.9693670886076,0.9444444444444444,0.0032145182291666665
91d0c6d931cb18e728ee,test,1,0.8646252751350403,10305.0,0.8522372873288317,1.8792337767579708,130.4798641436196,41.46044931065295,177.56632702571568,127.43017952450266,22.62979136341582,0.9658119658119658,0.00838623046875
91d0c6d931cb18e728ee,test,2,0.8399712443351746,18113.0,0.6782872410244974,1.7672565791199046,114.7004361508309,36.830242571518674,160.35074256059184,110.6817755203445,15.61121846187821,1.2567567567567568,0.014740397135416666
91d0c6d931cb18e728ee,test,3,0.8155144453048706,6149.0,0.8897611600684211,1.8004218547911,157.6287201170922,26.795944938614277,214.83672141811678,153.87119856887298,26.843714425109773,1.2,0.0050040690104166665
91d0c6d931cb18e728ee,test,4,0.7942376732826233,5760.0,0.8152679202035056,1.7808865289073996,115.64652777777778,41.325319137697676,158.81979166666667,112.46753472222223,18.737673611111113,1.3333333333333333,0.0046875
91d0c6d931cb18e728ee,test,5,0.7938480973243713,22887.0,0.5785725730771801,1.806869238410947,140.45169747017957,54.62338408458317,194.62065801546728,136.379079826976,19.334644121116792,0.6877828054298643,0.01862548828125
91d0c6d931cb18e728ee,test,6,0.7104862928390503,4351.0,0.6836892612546854,1.7566738241362942,179.9889680533211,16.449217524690077,234.2174212824638,180.23144104803492,36.40588370489542,1.024390243902439,0.0035408528645833335
91d0c6d931cb18e728ee,test,7,0.6341484785079956,28836.0,0.6906527187104039,1.840245872309847,130.91597308919407,51.51489440980516,179.65289915383548,126.80989041475932,24.188757109169096,0.7489539748953975,0.023466796875
91d0c6d931cb18e728ee,test,8,0.6012152433395386,15069.0,0.1801873753538761,1.7597236353899905,128.73448802176654,32.04605970633379,177.50381578074192,126.14765412436127,14.11732696263853,0.272,0.01226318359375
91d0c6d931cb18e728ee,test,9,0.5864261388778687,19071.0,0.39604055578277564,1.798907957014798,154.03806827119712,33.21001442440312,212.93356405012847,150.4770069739395,17.882124691940643,1.7,0.01552001953125
91d0c6d931cb18e728ee,test,10,0.5718242526054382,48951.0,0.36207140549349376,1.7603040461823405,114.07485036056465,51.18132683857798,167.27623541909256,106.7896467896468,12.054830340544626,0.77088948787062,0.03983642578125
91d0c6d931cb18e728ee,test,11,0.5300652384757996,29392.0,0.4222151256948732,1.9025287675183231,120.14755715841045,45.41183164186397,177.13690800217745,112.26456178551987,11.314541371801852,0.2849740932642487,0.023919270833333332
91d0c6d931cb18e728ee,test,12,0.4653307795524597,16193.0,0.2280960684011803,1.8447962833586455,113.20953498425246,38.55843674722115,163.06231087506947,107.16148953251405,13.560797875625271,0.2112676056338028,0.013177897135416667
91d0c6d931cb18e728ee,test,13,0.4603806138038635,12908.0,0.48298003332056655,1.8982185470766886,106.56282925317632,37.63747658991054,155.2618531143477,100.06058258444375,12.293848775952897,0.3901345291479821,0.010504557291666666
91d0c6d931cb18e728ee,test,14,0.4138805568218231,58261.0,0.436880670749346,1.796306027676463,109.21362489486964,39.21925986760262,159.09467739997598,102.99280822505621,10.394826727999863,1.1348684210526316,0.04741292317708334
91d0c6d931cb18e728ee,test,15,0.3883455991744995,2864.0,0.28731820523418955,1.8341785997366773,144.54364525139664,25.661857226652184,199.74511173184356,140.54643854748602,20.21508379888268,0.18354430379746836,0.0023307291666666667
91d0c6d931cb18e728ee,test,16,0.35487374663352966,12183.0,0.6835850215309377,1.8341469353955755,120.94919149634737,32.94331819508156,171.64713124846097,116.14856767627022,12.62661085118608,1.6237623762376239,0.00991455078125
91d0c6d931cb18e728ee,test,17,0.30583545565605164,84601.0,0.2342312105141502,1.80499328437438,110.52690866538221,38.400147203027245,160.06268247420243,104.65217905225707,10.820782260256971,1.939799331103679,0.06884847005208333
91d0c6d931cb18e728ee,test,18,0.2810969650745392,19765.0,0.782236922893136,1.7856372333042816,115.78517581583607,52.92438312530178,164.06081457121175,110.12436124462434,18.318745256767013,1.186206896551724,0.016084798177083335
91d0c6d931cb18e728ee,test,19,0.2657310962677002,6078.0,0.7688768829813879,1.8380882434809622,157.53817045080618,31.10195804263963,207.15301085883513,156.31194471865746,33.613524185587366,1.0777777777777777,0.0049462890625
9334dc57e45d5490d766,test,1,0.7721864581108093,46579.0,0.40671988643066154,1.818874719050608,122.56497563279589,45.57529857795665,187.4868932351489,112.76581721376586,2.7097619098735484,1.2421875,0.03790608723958333
9334dc57e45d5490d766,test,2,0.7706546187400818,17097.0,0.6385965652683567,1.7518424575967964,131.86325086272444,47.06413776051495,198.76270690764463,122.76440311165702,3.187284318886354,1.0789473684210527,0.01391357421875
9334dc57e45d5490d766,test,3,0.7270108461380005,27721.0,0.7843244442609859,1.8330014395249452,107.51300458136431,50.12102792515796,171.11265827351104,95.48566069045128,2.6579127737094623,0.7589285714285714,0.022559407552083334
9334dc57e45d5490d766,test,4,0.6728694438934326,3765.0,0.8440854324463678,1.7391489876895498,134.82204515272244,48.369875192067994,199.996812749004,126.91261620185924,4.6156706507304115,1.0,0.00306396484375
9334dc57e45d5490d766,test,5,0.6413271427154541,7984.0,0.7050184345224098,1.8048117891039,108.65543587174349,61.466738630955916,166.07928356713427,99.97582665330661,2.740981963927856,0.6060606060606061,0.006497395833333333
9334dc57e45d5490d766,test,6,0.6097052097320557,47900.0,0.49937931171885547,1.7426810360883,92.79866388308977,50.41283353741544,154.75582463465554,79.02100208768267,1.244446764091858,1.1756756756756757,0.038981119791666664
9334dc57e45d5490d766,test,7,0.5606330037117004,15289.0,0.7522859599693049,1.9038977182602026,85.99757995944798,52.3999190347138,144.7621165543855,72.23984564065668,2.7156125318856694,0.4947916666666667,0.012442220052083333
9334dc57e45d5490d766,test,8,0.3982299864292145,13319.0,0.5974090279941323,1.6982147834688917,134.229221413019,46.15610798479526,202.2154065620542,125.18447330880697,2.48089195885577,1.0337837837837838,0.010839029947916667
9334dc57e45d5490d766,test,9,0.3120114803314209,83003.0,0.2783205246123159,1.8040539148650452,116.44674288881124,57.159713847146705,179.45714010336977,106.59670132404852,1.888100430104936,1.212041884816754,0.06754801432291667
9334dc57e45d5490d766,test,10,0.2842146158218384,11665.0,0.5701304716904319,1.836100234034076,124.20925846549507,43.98941754056471,192.70038576939564,113.16913844834977,1.3845692241748822,0.8108108108108109,0.009493001302083333
93e33972d0772d9483dc,test,1,0.9270118474960327,20215.0,0.768102190611867,1.7932869768485467,95.66831560722235,49.375328654101544,145.0768736087064,87.39272817214939,8.69215928765768,1.2229299363057324,0.016451009114583335
93e33972d0772d9483dc,test,2,0.896841824054718,21948.0,0.5117143764268188,1.7933503333361454,122.65595954073264,39.739373924569016,176.5508018953891,116.84882449425916,11.146528157463095,0.8530805687203792,0.017861328125
93e33972d0772d9483dc,test,3,0.8824352025985718,8271.0,0.8037410564368394,1.8445715498232051,110.51299721919962,49.43539809234162,151.55168661588684,107.8838109055737,16.37117639946802,0.7165354330708661,0.00673095703125
93e33972d0772d9483dc,test,4,0.84336256980896,17315.0,0.6456583391158393,1.8487285754246552,131.5916835114063,55.279725600926724,179.70378284724228,128.30978920011552,22.245682933872367,1.8869565217391304,0.014090983072916667
93e33972d0772d9483dc,test,5,0.827098548412323,10413.0,0.6736968483558478,1.7803515471934275,103.6921156246999,62.4853286709432,151.57034476135598,97.13281475079228,11.899164505906079,0.927536231884058,0.00847412109375
93e33972d0772d9483dc,test,6,0.671071469783783,20028.0,0.615470055824197,1.825516410513495,125.18633912522469,40.8632683438268,174.3568504094268,121.11219292989814,17.11768524066307,0.589041095890411,0.016298828125
93e33972d0772d9483dc,test,7,0.610283613204956,18302.0,0.5168542186343111,1.7533572864321922,158.45760026226642,38.86549704213747,213.19894000655665,157.55622336356683,19.453720904819146,0.7416267942583732,0.014894205729166667
93e33972d0772d9483dc,test,8,0.6017544865608215,2686.0,0.3317021321084659,1.7461022059582525,124.56105733432614,41.11018685635649,172.71705137751303,120.54765450483991,18.81831720029784,0.2589928057553957,0.0021858723958333333
93e33972d0772d9483dc,test,9,0.44125184416770935,1685.0,0.6863803548216085,1.7514101739089476,142.18516320474777,6.262328094508878,187.0,141.6207715133531,27.360830860534126,1.9428571428571428,0.0013712565104166666
93e33972d0772d9483dc,test,10,0.3977746069431305,21141.0,0.36740916650072136,1.8057561154705741,151.31758194976587,37.8300565790772,208.56681330116834,148.72721252542453,14.459628210586065,1.135678391959799,0.01720458984375
93e33972d0772d9483dc,test,11,0.3919878900051117,3540.0,0.8817679036627605,1.7243949354806611,146.78813559322035,4.9528027132198345,194.91751412429377,146.45112994350282,22.086440677966102,1.0153846153846153,0.002880859375
93e33972d0772d9483dc,test,12,0.38455262780189514,1632.0,0.42154396432620606,1.7660352509670902,175.6513480392157,11.340826630937727,225.61519607843138,176.27267156862746,41.2297794117647,3.72,0.001328125
93e33972d0772d9483dc,test,13,0.3432368338108063,14284.0,0.5611248797840683,1.8520348106125297,147.9301316157939,36.13230444084053,205.59759171100532,144.66521982637917,13.45715485858303,0.6428571428571429,0.011624348958333334
93e33972d0772d9483dc,test,14,0.3341499865055084,3893.0,0.662298396445934,1.817742142204607,142.62394040585667,45.33575246726897,199.96480863087592,138.56152067814025,13.147444130490625,2.2083333333333335,0.0031681315104166666
93e33972d0772d9483dc,test,15,0.3338977098464966,51744.0,0.2827462535191872,1.7478316351313516,125.87536719233148,41.961569232106044,173.96250773036488,122.36481524427953,17.752125850340136,0.9300911854103343,0.042109375
93e33972d0772d9483dc,test,16,0.29596710205078125,29659.0,0.41887897741735386,1.8108513338232601,123.4641087022489,42.60093222300473,170.63454600627128,120.12360497656698,16.886273980916418,1.3299492385786802,0.024136555989583332
93e33972d0772d9483dc,test,17,0.25245416164398193,40006.0,0.2105690811549001,1.7819519566680133,155.00147477878318,38.40448524784089,211.06561515772634,153.26750987351897,16.830225466180075,1.9541284403669725,0.03255696614583333
95c4a1a92dbf83c665fe,test,1,0.8955680727958679,25444.0,0.4731828342190993,1.7470440923002584,113.6558717182833,41.31814842127652,174.0085285332495,104.29079547241,3.633587486244301,1.3897435897435897,0.020706380208333333
95c4a1a92dbf83c665fe,test,2,0.7703788876533508,12491.0,0.47485079482893755,1.742902010771344,129.78400448322793,34.65115936843203,188.76751260907852,124.02713954046914,4.717316467856857,0.8228571428571428,0.010165201822916666
95c4a1a92dbf83c665fe,test,3,0.6933464407920837,18383.0,0.7860383696590765,1.7819084419906965,96.77800141435021,45.078337601376326,151.67344829462002,87.19920578795626,2.2672033944405157,1.226027397260274,0.014960123697916666
95c4a1a92dbf83c665fe,test,4,0.6635522842407227,6175.0,0.7857725602304833,1.7746185236992043,126.61085020242915,34.3910021963693,187.23821862348177,119.41975708502024,4.690202429149798,0.89,0.005025227864583333
95c4a1a92dbf83c665fe,test,5,0.6182076334953308,13595.0,0.6697326489134088,1.8594823248036785,114.36881206325855,39.97179842204586,173.96859139389483,105.70673041559397,2.805369621184259,1.1570247933884297,0.011063639322916667
95c4a1a92dbf83c665fe,test,6,0.5397951006889343,4943.0,0.7856617252678416,1.7376209679298558,124.98887315395508,38.483624520906645,185.0748533279385,118.22597612785758,2.31276552700789,0.9,0.004022623697916667
95c4a1a92dbf83c665fe,test,7,0.4940076172351837,1838.0,0.525248460627323,1.7716867280496547,125.10391730141458,35.739073387423424,184.379760609358,118.99129488574538,1.3998911860718173,1.1730769230769231,0.0014957682291666667
95c4a1a92dbf83c665fe,test,8,0.4782087504863739,2092.0,0.8660612853194958,1.8027420224849782,116.62954110898661,44.68276695433855,173.77581261950286,109.28059273422562,4.6391013384321225,0.9245283018867925,0.0017024739583333334
95c4a1a92dbf83c665fe,test,9,0.400989830493927,587.0,0.6827679708261939,1.720061011708042,151.90971039182284,17.597342540330196,209.3100511073254,151.4497444633731,3.734241908006814,2.210526315789474,0.0004777018229166667
95c4a1a92dbf83c665fe,test,10,0.393066942691803,15363.0,0.6259240773265506,1.7365192531837932,122.35077784286923,40.739020803952585,180.63418603137407,115.61609060730326,4.293562455249626,0.8333333333333334,0.01250244140625
95c4a1a92dbf83c665fe,test,11,0.37091806530952454,1255.0,0.5959965508734681,1.80722594929657,157.89163346613546,18.014409065666708,222.83505976095617,154.4852589641434,5.171314741035856,2.875,0.0010213216145833334
95c4a1a92dbf83c665fe,test,12,0.36315199732780457,7693.0,0.7450724840456369,1.8087105684306752,138.3651371376576,26.83993439791495,198.74925256726894,133.78616924476796,3.6696997270245677,1.0404040404040404,0.006260579427083334
95c4a1a92dbf83c665fe,test,13,0.3609154522418976,26209.0,0.38364024310449674,1.7590044272162613,132.34427105192873,37.532851873453545,191.79331527337936,126.95970849708115,4.245907894234805,0.6464285714285715,0.021328938802083332
95c4a1a92dbf83c665fe,test,14,0.25990936160087585,25500.0,0.5153938908009594,1.81230787342481,107.88858823529412,46.46010241950022,164.36329411764706,99.61482352941177,2.4753725490196077,0.8914027149321267,0.020751953125
9841aaff79b300e86417,test,1,0.8078114986419678,4684.0,0.6160862525625376,1.8457151513755552,109.72801024765158,45.90173824697526,153.06404782237405,106.13236549957301,14.545046968403074,2.5,0.0038118489583333333
9841aaff79b300e86417,test,2,0.7966716885566711,4629.0,0.8991509009251089,1.7262563636746346,141.92763015770146,49.89163187458235,195.8096781162238,138.41131993951177,18.646575934327068,0.9625,0.00376708984375
9841aaff79b300e86417,test,3,0.7928741574287415,20906.0,0.6911250187005148,1.7888677819089998,141.30895436716733,48.62018499519435,196.90825600306133,137.49115086578016,15.10135846168564,1.3466666666666667,0.017013346354166667
9841aaff79b300e86417,test,4,0.7803374528884888,17245.0,0.4952562339586767,1.7704668834191446,106.19971006088721,40.2123474894079,154.10397216584516,100.67480429109887,8.970484198318353,0.8074866310160428,0.014034016927083334
9841aaff79b300e86417,test,5,0.7216869592666626,14039.0,0.6426844813512123,1.8027331883158224,124.94244604316546,50.40771972221455,177.2359854690505,119.38464278082485,16.32594914167676,0.576530612244898,0.011424967447916667
9841aaff79b300e86417,test,6,0.6407778263092041,13697.0,0.6906384774841847,1.868686815392217,119.98101774111119,32.124567114069976,166.96824122070527,116.67890779002701,13.701686500693583,0.7133757961783439,0.011146647135416667
9841aaff79b300e86417,test,7,0.5305184721946716,61668.0,0.44663228736079946,1.8192963524126806,122.0960141402348,47.8322541751263,178.31899850814037,115.00645391450996,11.148861646234677,1.1878980891719746,0.050185546875
9841aaff79b300e86417,test,8,0.49840590357780457,1629.0,0.9070771673784095,1.768615271593372,150.41497851442602,26.12746150400937,202.7231430325353,148.88029465930018,20.910988336402703,1.0,0.00132568359375
9841aaff79b300e86417,test,9,0.44839468598365784,2593.0,0.4230230352634068,1.7562898555217301,158.11376783648285,17.50417765669205,216.26648669494793,155.10875433860394,20.953335904357886,0.3925233644859813,0.002110188802083333
9841aaff79b300e86417,test,10,0.44279131293296814,20429.0,0.3573097291485379,1.8518295903803976,128.158353321259,30.194528745390862,175.72979587840814,125.87370894316902,15.083068187380684,0.3384146341463415,0.016625162760416666
9841aaff79b300e86417,test,11,0.3748134970664978,19136.0,0.5689162778996483,1.766997609981266,105.28997700668896,40.5912497557077,159.11277173913044,96.87871028428094,7.429138795986622,1.0572916666666667,0.015572916666666667
9841aaff79b300e86417,test,12,0.36157146096229553,26807.0,0.2311914908822829,1.797431410419438,116.21143731115008,43.872251009879456,168.0589398291491,110.20830380124595,11.074197038087068,1.0841121495327102,0.021815592447916667
9841aaff79b300e86417,test,13,0.3423454165458679,8116.0,0.750755542718244,1.8220567958567935,106.98188762937407,49.98435232908098,156.06444061113848,100.88615081320847,9.600049285362248,1.2376237623762376,0.006604817708333334
9841aaff79b300e86417,test,14,0.3003522455692291,45680.0,0.23748187818412067,1.7187893295414012,110.54209719789843,46.56650777532981,163.14656304728547,103.4598292469352,9.0478765323993,1.2736486486486487,0.03717447916666667
9841aaff79b300e86417,test,15,0.2826915681362152,27935.0,0.33262037006524797,1.781015065328167,104.13169858600322,42.968981399153904,159.3832826203687,94.93280830499374,6.607374261678897,2.018292682926829,0.022733561197916665
98f39617340a6cc8a67a,test,1,0.8349276185035706,10172.0,0.7013351395045708,1.8742955130918073,114.16761698780968,39.73175293902752,162.9081793157688,109.65680298859614,9.502654345261503,1.024390243902439,0.008277994791666667
98f39617340a6cc8a67a,test,2,0.7590774893760681,16687.0,0.5227254855579517,1.7584572782782577,128.8992628992629,30.50113751977489,178.0435668484449,126.02181338766705,14.797626895187872,0.8624338624338624,0.013579915364583334
98f39617340a6cc8a67a,test,3,0.741244912147522,5696.0,0.7779923382165203,1.8363235969060334,123.11639747191012,27.174289953809307,173.00596910112358,119.53827247191012,10.593574438202246,0.9680851063829787,0.004635416666666667
98f39617340a6cc8a67a,test,4,0.7048653364181519,10189.0,0.6356239751565982,1.8264904719253963,147.0423986652272,29.051799176788393,204.77878103837472,143.63362449700656,13.151437825105505,1.140495867768595,0.008291829427083333
98f39617340a6cc8a67a,test,5,0.6014173030853271,114783.0,0.17966717745822536,1.7853590112044753,117.12086284554333,38.996386243514294,170.95737173623272,110.86326372372216,8.131195386076335,1.1482300884955752,0.09341064453125
98f39617340a6cc8a67a,test,6,0.38632747530937195,11247.0,0.6889787228346859,1.8273554037592319,124.01689339379391,31.92406577863261,173.3254201120299,120.52333955721525,12.664266026495955,1.485981308411215,0.00915283203125
98f39617340a6cc8a67a,test,7,0.37701907753944397,5516.0,0.896854973258387,1.7679268781154645,133.81925308194343,23.39104932275663,189.89231327048586,129.52882523567803,8.838832487309645,0.9101123595505618,0.004488932291666667
98f39617340a6cc8a67a,test,8,0.3194381892681122,5775.0,0.6186712297939193,1.747345980256636,183.64242424242425,15.153943701474685,233.94839826839828,187.8633766233766,29.802597402597403,1.0612244897959184,0.00469970703125
98f39617340a6cc8a67a,test,9,0.27494868636131287,17803.0,0.5268955886735555,1.797288064271803,138.0725720384205,26.872204731313527,195.15312026063023,134.08324439701175,8.886479806774139,1.4640522875816993,0.014488118489583333
98f39617340a6cc8a67a,test,10,0.2633051574230194,25232.0,0.42002204118245556,1.7921231038845786,119.48454343690551,30.004256179230843,172.89481610653138,113.97011731135066,7.758917247939125,0.9906542056074766,0.020533854166666667
997449d9ff40879be267,test,1,0.8873934149742126,33527.0,0.6067838170496578,1.8234711656804599,134.43203984848034,31.630875277022447,186.0639484594506,130.93664807468608,16.95296328332389,1.325,0.027284342447916665
997449d9ff40879be267,test,2,0.836039662361145,9927.0,0.672736381100738,1.791016615408982,134.21819280749472,21.693770142085338,184.85433665760047,130.85383298075953,18.646318122292737,0.8686131386861314,0.00807861328125
997449d9ff40879be267,test,3,0.6311632990837097,3896.0,0.7221961392450926,1.8331599206703837,138.22484599589322,8.510457314573767,191.12114989733058,134.87243326488706,16.593429158110883,1.9019607843137254,0.0031705729166666666
997449d9ff40879be267,test,4,0.589674711227417,3481.0,0.4342185154012755,1.6223877226808325,150.19046251077276,10.81635800555197,201.64406779661016,150.391554151106,14.046538351048548,0.7319587628865979,0.0028328450520833334
997449d9ff40879be267,test,5,0.5891844034194946,2829.0,0.907499552276644,1.875841342581445,161.54860374690705,13.326985502700284,220.12089077412514,159.16507599858608,20.057264050901377,1.0689655172413792,0.00230224609375
997449d9ff40879be267,test,6,0.5856527090072632,5042.0,0.6899579125947871,1.789976217934517,137.27826259420866,25.121800072239264,196.68821896072987,131.44030146767156,11.522015073383578,0.5982142857142857,0.004103190104166667
997449d9ff40879be267,test,7,0.4873441457748413,5760.0,0.897111698730564,1.7778349262074105,138.390625,25.90831555480118,198.94722222222222,132.246875,11.196527777777778,0.9347826086956522,0.0046875
997449d9ff40879be267,test,8,0.4792187809944153,7342.0,0.797887803536223,1.8120340928428598,134.1692999182784,29.07314852504923,189.53350585671478,129.72473440479433,11.740125306456006,1.06,0.005974934895833333
997449d9ff40879be267,test,9,0.4726088047027588,31094.0,0.4069645601737458,1.8172212746588619,140.60272078214447,29.713516778841512,200.11925130250208,135.10526146523446,12.775455071718016,0.5666666666666667,0.025304361979166665
997449d9ff40879be267,test,10,0.4221850633621216,34086.0,0.661343999292263,1.8704111416745275,107.7291263275245,44.8341758880995,161.99750630757495,99.30434782608695,8.766531713900134,1.2613065326633166,0.0277392578125
997449d9ff40879be267,test,11,0.3923759162425995,4619.0,0.8614159592463727,1.725159314174844,138.45247889153495,9.067000840793854,191.1909504221693,135.10218662048064,17.220827018835244,0.9240506329113924,0.0037589518229166666
997449d9ff40879be267,test,12,0.36431869864463806,44104.0,0.30817960295206637,1.8075700733666797,140.9432704516597,28.72181465384055,199.6903001995284,135.844617268275,13.063735715581354,0.5839793281653747,0.03589192708333333
997449d9ff40879be267,test,13,0.35373425483703613,53561.0,0.34218022557436456,1.7518725837475406,116.18132596478782,42.854245320265875,171.74559847650343,108.45518194208472,10.200836429491607,1.1592920353982301,0.043588053385416665
997449d9ff40879be267,test,14,0.3301403224468231,3794.0,0.8856047339038592,1.8680255739409524,186.36162361623616,9.091925727913104,240.26304691618344,188.9082762256194,31.62862414338429,1.2881355932203389,0.0030875651041666666
997449d9ff40879be267,test,15,0.3128519058227539,10469.0,0.6528490712004584,1.806336711409291,118.11720317126755,37.15067716994647,174.2436717929124,110.16515426497277,11.795969051485338,1.7741935483870968,0.008519694010416667
9a87bb672a2330500656,test,1,0.9156885147094727,20178.0,0.6745080381691103,1.8250664395809708,137.22678164337398,41.104317107629015,202.04073743681238,130.06943205471305,4.195559520269601,0.6948356807511737,0.0164208984375
9a87bb672a2330500656,test,2,0.9052324295043945,14555.0,0.6612481954930342,1.8673860678870757,141.41284781861904,36.240168187735605,205.84836825833048,135.15623497080043,4.56551013397458,0.5945945945945946,0.011844889322916666
9a87bb672a2330500656,test,3,0.8994616866111755,32872.0,0.5536535776286469,1.8677287839864738,99.61398758822098,43.99402700963561,149.19916646385983,92.8890545144804,4.26092114869798,0.7142857142857143,0.026751302083333334
9a87bb672a2330500656,test,4,0.8950948715209961,17128.0,0.6352744324382817,1.8478276067595203,118.6240074731434,49.73786293977575,174.0028024287716,111.96853106025222,7.70457730032695,1.6171875,0.013938802083333333
9a87bb672a2330500656,test,5,0.8784350156784058,11830.0,0.5835758836761396,1.832518390876423,130.1748943364328,35.339803377455574,185.80355029585797,125.7240067624683,7.140321217244294,0.601123595505618,0.009627278645833333
9a87bb672a2330500656,test,6,0.8764529824256897,55345.0,0.3356598897765726,1.8133598149437193,139.07249073990423,44.000483979456895,203.35264251513235,132.50864576745866,4.329135423254133,0.7013333333333334,0.04503987630208333
9a87bb672a2330500656,test,7,0.8608770370483398,6471.0,0.8790380833566287,1.8131306312567361,128.48585999072787,37.2347912512257,184.32607015917168,123.51553082985629,7.526657394529439,1.0217391304347827,0.00526611328125
9a87bb672a2330500656,test,8,0.7479607462882996,9718.0,0.7028993732293832,1.8009207090227417,125.03786787404816,31.58015583401634,182.94124305412637,119.13305206832682,3.6246141181313027,0.678082191780822,0.007908528645833333
9a87bb672a2330500656,test,9,0.7389042973518372,44028.0,0.34902321926906854,1.8353359467390213,116.23784864177341,38.77234516907223,176.24904606159717,107.73264740619605,2.741891523575906,1.2716535433070866,0.035830078125
9a87bb672a2330500656,test,10,0.5749835968017578,4245.0,0.6523193257838543,1.824170940699768,190.7241460541814,17.2982836831142,246.12273262661955,197.93710247349824,7.979505300353357,1.5873015873015872,0.00345458984375
9a87bb672a2330500656,test,11,0.5730340480804443,27318.0,0.5443577247669691,1.8169198845372307,112.53979061424701,41.41847432792241,173.10443663518558,103.06050955414013,2.595138736364302,0.8257261410788381,0.0222314453125
9a87bb672a2330500656,test,12,0.5532094836235046,3081.0,0.7920305630792432,1.905394975407483,155.45991561181435,22.494121267267076,220.0798442064265,151.460564751704,6.476144109055501,0.9375,0.00250732421875
9a87bb672a2330500656,test,13,0.44207507371902466,5774.0,0.7216952609888281,1.819525288289222,131.83962590924835,27.077297318314848,190.24367855905786,126.85486664357464,4.277970211291999,1.3875,0.0046988932291666665
9a87bb672a2330500656,test,14,0.38889360427856445,1104.0,0.5265059623045519,1.7863411958941637,145.70108695652175,7.785586756138941,201.85960144927537,144.26902173913044,5.653985507246377,2.9166666666666665,0.0008984375
9b769431accdfc6b5f57,test,1,0.9151785373687744,41959.0,0.4769777299588511,1.737115548985082,127.87645082103958,35.473823884150256,185.15889320527182,121.96653876403155,8.024500107247551,0.9825783972125436,0.034146321614583336
9b769431accdfc6b5f57,test,2,0.8544738292694092,93731.0,0.6844106881496348,1.8458788977858895,78.69586369504219,43.61777896696747,130.25098419946443,67.21380333080837,2.746455281603738,1.3449367088607596,0.07627848307291667
9b769431accdfc6b5f57,test,3,0.8413024544715881,25023.0,0.487233428451972,1.7641132439735046,116.61831115373856,40.17535370437359,167.75146864884306,111.4211325580466,9.238380689765416,0.575187969924812,0.02036376953125
9b769431accdfc6b5f57,test,4,0.7054373025894165,29430.0,0.27739605526915123,1.7994130127505663,152.98042813455658,37.374658905801745,213.32548419979614,149.81512062521236,10.969724770642202,0.34517766497461927,0.0239501953125
9b769431accdfc6b5f57,test,5,0.7051666975021362,37933.0,0.4481391744677739,1.8425012036628687,138.12134553027707,41.25244255468392,194.4709092347033,133.6976511217146,13.10647720981731,1.2893617021276595,0.030869954427083332
9b769431accdfc6b5f57,test,6,0.6527818441390991,10630.0,0.40357374400359236,1.8884552123614233,185.577516462841,24.834969175058717,240.54167450611476,191.38965192850424,11.387676387582314,3.53125,0.008650716145833333
9b769431accdfc6b5f57,test,7,0.5867123007774353,74270.0,0.28518812522617376,1.7879734428832113,139.76718728961896,50.89684525931389,199.44851218526995,134.97332704995287,7.933741753063148,1.4937888198757765,0.060441080729166666
9b769431accdfc6b5f57,test,8,0.4592787027359009,96418.0,0.25725383607977237,1.7589052799145468,104.46924848057417,47.91110769448574,156.7733307058848,96.70869547179987,7.2847082494969815,1.3548387096774193,0.07846516927083333
9b769431accdfc6b5f57,test,9,0.35299813747406006,4034.0,0.8585216866935935,1.7424191112473455,125.31879028259792,43.56323663870041,186.92910262766486,117.50446207238473,3.9514129895884977,0.8947368421052632,0.003282877604166667
9b769431accdfc6b5f57,test,10,0.33767154812812805,5128.0,0.5923726767013775,1.8955298099908358,158.97172386895477,26.870184326956622,215.65366614664586,157.68135725429016,16.882020280811233,2.1333333333333333,0.004173177083333333
9b769431accdfc6b5f57,test,11,0.3233545124530792,7496.0,0.8005754091155469,1.8113486733332658,135.71771611526148,31.883263859183028,188.6886339381003,132.5070704375667,13.190101387406617,1.0288461538461537,0.006100260416666667
9b89e880a10960ab15b3,test,1,0.8385186195373535,72250.0,0.16510278978948903,1.7946962547847511,121.58723875432526,38.909851739760256,177.52986851211074,115.50173010380622,6.186726643598616,1.1011904761904763,0.058797200520833336
9b89e880a10960ab15b3,test,2,0.833850622177124,17495.0,0.729195702482939,1.7561456230245605,81.28939697056302,50.20686545530958,128.1768505287225,72.48436696198914,3.7200914547013433,0.7164948453608248,0.014237467447916667
9b89e880a10960ab15b3,test,3,0.7825304865837097,98418.0,0.4656586238757092,1.8438923139181327,100.77232823264038,45.24645083496936,154.3547420187364,92.09046109451523,5.024182568229389,1.2606232294617563,0.0800927734375
9b89e880a10960ab15b3,test,4,0.7822782397270203,83623.0,0.3134244068282339,1.7511637635646817,129.0515049687287,46.801311531406384,190.76976429929564,121.25259796945817,7.365437738421248,1.3454545454545455,0.06805257161458333
9b89e880a10960ab15b3,test,5,0.5863590836524963,171743.0,0.15542012944324718,1.739678366250298,110.64386321422126,37.42647300671424,164.75278759541874,103.27971445706666,6.639024589066221,1.3797054009819967,0.13976481119791667
9b89e880a10960ab15b3,test,6,0.5700581073760986,25454.0,0.34699940448812455,1.811461923017662,125.99116052486839,33.590074686314054,178.87546161703466,121.68425394829889,9.386108273748723,1.0885416666666667,0.020714518229166666
9b89e880a10960ab15b3,test,7,0.49949267506599426,1639.0,0.8659185260066689,1.7679508204523249,144.49908480780965,13.597808490551179,192.9835265405735,144.86638194020745,15.334350213544845,0.9166666666666666,0.0013338216145833332
9b89e880a10960ab15b3,test,8,0.35410407185554504,1541.0,0.8830810545955762,1.7476966985380729,189.68916288124595,7.001997908084019,244.7715768981181,195.0123296560675,17.72874756651525,0.9545454545454546,0.0012540690104166667
9b89e880a10960ab15b3,test,9,0.3363540470600128,1777.0,0.8788953693318542,1.797675121560309,146.4760832864378,13.51410263078553,195.77208778840742,147.30613393359596,12.824985931344964,1.0434782608695652,0.0014461263020833332
9b89e880a10960ab15b3,test,10,0.28470009565353394,40501.0,0.36942699312277094,1.6994309607293392,114.14821856250462,33.79448241067803,166.2244882842399,108.23715463815708,7.987728698056838,1.0034364261168385,0.03295979817708333
9b89e880a10960ab15b3,test,11,0.25647956132888794,4183.0,0.6641923834667322,1.7063563588267283,140.56610088453263,20.9185976978643,194.1886206072197,138.32393019364093,11.343055223523788,1.0232558139534884,0.0034041341145833333
9b8c004701b548c0cece,test,1,0.8643389940261841,23159.0,0.8353786564388782,1.8169031773168445,120.66535688069433,45.760092133122285,171.31741439613108,114.73362407703269,18.427177339263352,1.0484848484848486,0.018846842447916668
9b8c004701b548c0cece,test,2,0.8497074842453003,44353.0,0.5605178513475255,1.8424704992935426,139.3704146280973,41.59541832630907,187.7403557820215,136.74802155434807,25.969923116812843,0.7964912280701755,0.03609456380208333
9b8c004701b548c0cece,test,3,0.7671305537223816,9411.0,0.656615955222921,1.8546524426468967,126.90479226437148,50.734095360355745,172.1689512272872,123.12963553288705,27.568164913399215,1.018018018018018,0.00765869140625
9b8c004701b548c0cece,test,4,0.7355998158454895,10349.0,0.4926173329415433,1.7350051739396388,126.98985409218282,49.35604643026979,179.8161174992753,121.48690694753117,16.802686249879216,3.2941176470588234,0.008422037760416667
9b8c004701b548c0cece,test,5,0.6186578273773193,14184.0,0.40590879451583206,1.795839218936638,154.57607163000563,38.109450606318845,204.73554709531868,153.71030738860688,27.45910885504794,2.0693069306930694,0.01154296875
9b8c004701b548c0cece,test,6,0.4854279160499573,39711.0,0.4701518238114824,1.8203274538800338,95.05461962680366,39.62285706883509,132.08526604719094,91.24144443605046,17.554204124801693,1.5381165919282511,0.03231689453125
9b8c004701b548c0cece,test,7,0.4127885401248932,212906.0,0.17157702458737278,1.7842438888208898,101.22274618845876,44.21905496141607,143.09706631095412,96.41864484796108,16.159849886804505,1.1563981042654028,0.17326334635416665
9b8c004701b548c0cece,test,8,0.31732234358787537,762.0,0.5253138543104169,1.7479869714073506,152.50918635170603,8.897671087511945,190.8713910761155,155.2769028871391,37.45669291338583,3.1052631578947367,0.0006201171875
9b8c004701b548c0cece,test,9,0.276984840631485,60630.0,0.33415421837397685,1.7835154997998794,144.1313706086096,41.205785811174444,192.8350816427511,142.04943097476496,27.074583539501898,0.7167919799498746,0.0493408203125
9b8c004701b548c0cece,test,10,0.27603960037231445,144493.0,0.13938392675906225,1.8029153638308324,109.1639802620196,45.440305447672316,152.76084654619947,104.58372377900659,18.42316928847764,1.3925049309664694,0.11758870442708333
9c3d576c58ac831eb5f5,test,1,0.9330088496208191,31779.0,0.501287188483907,1.8424781876721563,133.34824884357596,33.136567805579,189.05632650492464,127.93665628245067,15.06060606060606,0.9780701754385965,0.02586181640625
9c3d576c58ac831eb5f5,test,2,0.876431941986084,16621.0,0.5625547014837973,1.7778107009587742,129.2979965104386,33.36340211794128,184.85963540099874,123.3869803260935,13.942903555742735,0.7772277227722773,0.013526204427083334
9c3d576c58ac831eb5f5,test,3,0.8420878648757935,8497.0,0.7153408161153653,1.8320127898696954,123.0037660350712,26.376895195444266,168.0528421795928,120.25503118747794,18.963163469459808,0.847457627118644,0.0069148763020833335
9c3d576c58ac831eb5f5,test,4,0.8121891617774963,20677.0,0.6068623738264578,1.7778581395827997,128.06674082313683,32.268489267496285,184.2105721332882,121.55999419645016,14.254534023310924,1.0473684210526315,0.016826985677083333
9c3d576c58ac831eb5f5,test,5,0.788930356502533,4825.0,0.875398228531316,1.7913260546730247,162.02113989637306,22.71714717790746,220.35440414507772,158.9301554404145,24.85740932642487,0.9518072289156626,0.003926595052083333
9c3d576c58ac831eb5f5,test,6,0.7505188584327698,6642.0,0.6361979968061269,1.7527208362979665,124.16245106895514,44.86435730457972,180.71574826859379,116.30743751881963,16.274917193616382,0.5639097744360902,0.0054052734375
9c3d576c58ac831eb5f5,test,7,0.6887624859809875,3305.0,0.8621652589511801,1.8318382402899978,146.22360060514373,22.344962637373044,193.0484114977307,144.94765506807866,29.8160363086233,1.126984126984127,0.002689615885416667
9c3d576c58ac831eb5f5,test,8,0.6760973930358887,10664.0,0.7340175761791895,1.8204413312048837,169.01828582145535,22.557930413015644,226.21708552138034,168.3639347336834,22.25084396099025,1.276190476190476,0.008678385416666667
9c3d576c58ac831eb5f5,test,9,0.6438531279563904,6516.0,0.4748950247363972,1.8541870242237952,119.98004910988337,39.97582796034171,172.10926949048496,113.42817679558011,16.961172498465316,0.30120481927710846,0.005302734375
9c3d576c58ac831eb5f5,test,10,0.6105778217315674,11376.0,0.5076547727763284,1.8061989375629517,135.03665611814347,28.180613034219423,185.5665436005626,131.72090365682138,19.461585794655416,1.3228346456692914,0.0092578125
9c3d576c58ac831eb5f5,test,11,0.5953423380851746,3756.0,0.8640383685852255,1.81998221814118,135.1405750798722,19.039221445135517,186.57241746538872,131.58732694355697,18.403088391906284,1.21875,0.003056640625
9c3d576c58ac831eb5f5,test,12,0.5832144021987915,6176.0,0.8389644881487465,1.7997572098326124,115.73591321243524,37.64906528689555,165.82658678756476,109.84553108808291,14.609617875647668,1.0217391304347827,0.0050260416666666665
9c3d576c58ac831eb5f5,test,13,0.3862978219985962,13509.0,0.5497907026024047,1.700985518719208,115.39484787919164,41.86902217917932,165.36982752239248,109.39544007698571,15.13272633059442,0.9044585987261147,0.01099365234375
9c3d576c58ac831eb5f5,test,14,0.2723981440067291,5566.0,0.7668645182451979,1.7483715253846288,103.65450952209845,45.84013257558741,153.13384836507367,96.01850521020482,13.151095939633489,1.3866666666666667,0.004529622395833334
9d05c4ba96153ec4a4df,test,1,0.8687878251075745,19043.0,0.729608688796166,1.8256418321075074,82.59875019692275,60.19859266418832,136.27915769574122,70.8793257364911,2.053300425353148,1.118421052631579,0.015497233072916667
9d05c4ba96153ec4a4df,test,2,0.6057489514350891,73416.0,0.3285252433020201,1.7999440735108776,119.8595537757437,54.387839523985654,183.88122480113327,109.90724092840797,3.16796066252588,0.9946666666666667,0.05974609375
9d05c4ba96153ec4a4df,test,3,0.5539489388465881,6038.0,0.7440489640495918,1.777567503233763,128.52981119576017,48.90480937417714,198.95611129513082,117.30506790327924,1.6149387214309374,1.180722891566265,0.004913736979166666
9d05c4ba96153ec4a4df,test,4,0.5500817894935608,3913.0,0.5014214117680528,1.8081294857981975,121.2967032967033,47.91702227959546,189.69102990033224,109.82647584973166,0.9902887809864555,0.3709677419354839,0.0031844075520833333
9d05c4ba96153ec4a4df,test,5,0.5208635926246643,12680.0,0.7347478355648474,1.7331960658415715,119.29676656151419,53.027290655035785,186.35906940063091,107.88761829652996,2.10205047318612,0.8926174496644296,0.010319010416666666
9d05c4ba96153ec4a4df,test,6,0.5103845000267029,69812.0,0.6296177782258574,1.8442028836148103,69.9636022460322,51.53227931053974,123.33926832063256,56.13073683607403,1.1141064573425772,0.9585798816568047,0.05681315104166667
9d05c4ba96153ec4a4df,test,7,0.5020585060119629,5803.0,0.8737437054942034,1.7801551953958605,150.52214371876616,41.15089079584754,219.34189212476306,144.19937963122524,2.4678614509736345,1.036144578313253,0.004722493489583333
9d05c4ba96153ec4a4df,test,8,0.47710874676704407,6654.0,0.6998168128091966,1.7755278561018073,138.61632100991883,51.0988325937726,203.9887285843102,131.3273219116321,4.708295761947701,1.0,0.0054150390625
9d05c4ba96153ec4a4df,test,9,0.4569677412509918,7610.0,0.7959978852133814,1.8215311297305434,145.78134034165572,45.41826082756066,215.14796320630748,138.29264126149803,2.4056504599211563,1.1744186046511629,0.006193033854166667
9d05c4ba96153ec4a4df,test,10,0.45360857248306274,20889.0,0.6330318462459125,1.7806189358912519,85.7889319737661,54.696325186844234,144.84925080185744,72.19708937718417,0.9214419072238977,1.5107913669064748,0.01699951171875
9d05c4ba96153ec4a4df,test,11,0.41257569193840027,12593.0,0.3339727733193765,1.8218099884529284,147.2819820535218,50.063509004369,210.37568490431192,142.72969109822918,5.171365044072104,0.6764705882352942,0.010248209635416667
9d05c4ba96153ec4a4df,test,12,0.4094579219818115,8179.0,0.7178378806642599,1.8246924930246178,128.6824795207238,47.945268751072646,193.82687370094143,119.5670619880181,4.7203814647267395,0.9310344827586207,0.006656087239583333
9d05c4ba96153ec4a4df,test,13,0.4014816880226135,5521.0,0.7745946429224119,1.7675686396254295,137.18275674696613,45.746988123556285,204.73084586125702,128.91921753305562,2.5591378373483065,0.9347826086956522,0.004493001302083333
9d05c4ba96153ec4a4df,test,14,0.38380321860313416,23874.0,0.5353716125321584,1.772943856415198,123.68848957024377,48.57022954956763,186.67994470972607,115.21550640864538,2.0653430510178437,1.6875,0.0194287109375
9d05c4ba96153ec4a4df,test,15,0.38366541266441345,5617.0,0.5148541439602083,1.808043997162576,113.92504895851879,48.17868764996668,185.11910272387397,99.67722983799182,0.5283959408937156,0.3225806451612903,0.004571126302083333
9d05c4ba96153ec4a4df,test,16,0.35936301946640015,32341.0,0.43896952120226546,1.8286294590028227,111.96802819949909,62.226846948554666,172.6018366779011,102.41600445255249,2.143192851179617,2.0,0.026319173177083332
9d05c4ba96153ec4a4df,test,17,0.3469606041908264,15284.0,0.6326163381097596,1.8788433906695392,142.21532321381838,44.099632305030006,209.63216435488093,134.71447265113844,3.960023554043444,0.6949152542372882,0.012438151041666666
9d05c4ba96153ec4a4df,test,18,0.3414785861968994,7720.0,0.8652946058627302,1.8288434338259572,132.18147668393783,38.08601655314929,202.58432642487045,121.31075129533679,3.445725388601036,1.0729166666666667,0.0062825520833333336
9d05c4ba96153ec4a4df,test,19,0.33287012577056885,19749.0,0.5559025775360449,1.7713413756359542,154.2779887589245,35.19131816883463,224.1623879690111,148.01103853359663,3.172768241429946,1.2485207100591715,0.01607177734375
9d05c4ba96153ec4a4df,test,20,0.31128790974617004,15428.0,0.47023773942871466,1.773203611582063,118.73891625615764,43.5258650738888,187.9509333679025,106.06954887218045,2.4261083743842367,0.8379888268156425,0.012555338541666667
9d05c4ba96153ec4a4df,test,21,0.2931603789329529,6180.0,0.7907815945916685,1.7753601849374552,119.43268608414239,51.64852118581317,183.22669902912622,109.5200647249191,3.117313915857605,0.5775862068965517,0.005029296875
9d05c4ba96153ec4a4df,test,22,0.2903149127960205,27236.0,0.38370481239944904,1.7623591954481157,126.57379938316933,49.418335218329695,188.9020046996622,118.96959906006755,2.2133206050815097,1.5263157894736843,0.022164713541666665
9d05c4ba96153ec4a4df,test,23,0.28880125284194946,22287.0,0.5329349016070505,1.7834676807529326,124.55085924529995,44.25921277455786,192.74487369318436,113.57118499573743,2.1926235024902407,1.3121387283236994,0.01813720703125
9d05c4ba96153ec4a4df,test,24,0.27158936858177185,3374.0,0.809842291165018,1.8387026226997683,154.7243627741553,41.84393074064728,221.7477771191464,149.6052163604031,5.216953171310018,0.7916666666666666,0.0027457682291666665
9d05c4ba96153ec4a4df,test,25,0.2651279866695404,22774.0,0.3579774667275207,1.7941013368377945,117.3316501273382,54.117363511143225,180.0457539299201,107.34297883551419,4.242118204970581,1.2444444444444445,0.018533528645833332
9d05c4ba96153ec4a4df,test,26,0.26059311628341675,9291.0,0.804402120293952,1.823800013245703,85.23721881390593,44.85468611177658,149.15509632978151,68.82230115165214,2.0892261328167043,0.6423357664233577,0.00756103515625
9fb5f31c0b6248d0dba5,test,1,0.9140245914459229,13561.0,0.5712682334845183,1.8573555184440715,148.2385517292235,28.197316495703618,209.85229702824276,144.09247105670673,7.971462281542659,1.3968253968253967,0.011035970052083333
9fb5f31c0b6248d0dba5,test,2,0.8873710036277771,7467.0,0.6923219716669319,1.8174786969558556,143.614704700683,27.78934732022769,201.38489353153878,139.90076335877862,11.189500468729074,1.4597701149425288,0.00607666015625
9fb5f31c0b6248d0dba5,test,3,0.8679103851318359,26819.0,0.4785122367911607,1.8395255342859569,131.91293485961447,48.41288273943358,190.35709758007383,125.92069055520341,9.507550617099817,1.2340425531914894,0.021825358072916665
9fb5f31c0b6248d0dba5,test,4,0.801003098487854,9370.0,0.726318928297007,1.852960505169811,132.8101387406617,35.612403012525505,186.7240128068303,128.94983991462112,11.221131270010673,0.95,0.0076253255208333336
9fb5f31c0b6248d0dba5,test,5,0.7922142148017883,72153.0,0.4833307947924266,1.8373129647116722,140.8663395839397,42.60503541175468,203.7671060108381,134.7148559311463,7.594278824165316,1.2532467532467533,0.05871826171875
9fb5f31c0b6248d0dba5,test,6,0.7225446105003357,21090.0,0.5371257280937984,1.8841897610912084,127.51877667140825,39.28417884663906,190.80763394973923,118.76889521100047,6.62569938359412,0.36,0.0171630859375
9fb5f31c0b6248d0dba5,test,7,0.6477614641189575,31666.0,0.7820163758780221,1.854057388238945,88.56480136423924,54.586200096176576,142.68287753426387,77.36294448304174,4.4166298237857635,1.1804878048780487,0.025769856770833332
9fb5f31c0b6248d0dba5,test,8,0.43306711316108704,16873.0,0.5074045984021452,1.769713394367654,153.84614472826408,32.74973355328215,219.63883126889112,149.1126059384816,5.731049605879216,0.9882352941176471,0.013731282552083333
9fb5f31c0b6248d0dba5,test,9,0.2839537560939789,825.0,0.7621886917245704,1.7907015334965126,165.93818181818182,9.516928921041403,224.57939393939395,166.1830303030303,10.726060606060607,0.5476190476190477,0.00067138671875
9fb5f31c0b6248d0dba5,test,10,0.26705998182296753,7494.0,0.6036405326968186,1.8183436170833256,150.7744862556712,25.77578509209698,212.6459834534294,146.82572724846543,8.704563650920736,0.8135593220338984,0.0060986328125
9fc4796374629a88d0b1,test,1,0.9285029172897339,26927.0,0.7785246619388762,1.833025396080297,115.13090949604486,53.32893932427044,173.5872544286404,106.11170943662495,8.316968098934156,0.8365384615384616,0.021913248697916665
9fc4796374629a88d0b1,test,2,0.9163505434989929,19098.0,0.6663143714553013,1.8285701226655962,136.227301288093,37.66334709189062,200.2132684050686,128.66069745523092,7.340297413341712,0.75,0.0155419921875
9fc4796374629a88d0b1,test,3,0.8876617550849915,78120.0,0.35356826520674073,1.8306241000844623,123.39950076804915,45.79591196543813,186.1812467997952,114.1800051203277,6.259011776753712,0.8119047619047619,0.06357421875
9fc4796374629a88d0b1,test,4,0.8623378872871399,9088.0,0.5794916685637375,1.7911737000822103,137.19872359154928,30.261130796835335,197.1521786971831,131.95158450704224,6.886663732394366,1.1696428571428572,0.007395833333333333
9fc4796374629a88d0b1,test,5,0.8475925326347351,9184.0,0.7282463699971033,1.8135116093187489,121.36759581881533,38.22631835693618,177.7065548780488,114.72691637630662,7.756315331010453,1.316831683168317,0.007473958333333333
9fc4796374629a88d0b1,test,6,0.8084089756011963,15324.0,0.3581082851015429,1.8362546691231294,102.15994518402506,40.56395623508694,154.8523231532237,94.1172670321065,5.384494909945184,3.4831460674157304,0.012470703125
9fc4796374629a88d0b1,test,7,0.7775983214378357,3739.0,0.5719816953397246,1.7881546275501845,113.08478202728003,79.42754889811795,159.40144423642684,108.90719443701525,13.190960149772666,2.6818181818181817,0.0030428059895833332
9fc4796374629a88d0b1,test,8,0.7352429032325745,3613.0,0.7855535565430231,1.7134831754932842,147.51370052587876,19.479303897411143,209.13534458898422,143.09936340990868,8.520619983393303,0.9066666666666666,0.0029402669270833333
9fc4796374629a88d0b1,test,9,0.5728667378425598,25263.0,0.5126571658469367,1.8065259513856977,112.72042116929897,40.546317865378086,168.34136880022166,105.02078137988363,6.5460159125994535,0.680672268907563,0.02055908203125
9fc4796374629a88d0b1,test,10,0.31677088141441345,4158.0,0.5209174908950749,1.7816815542467928,107.68278018278018,43.02432443723765,161.64333814333816,100.18446368446368,4.8441558441558445,0.33587786259541985,0.0033837890625
9fc4796374629a88d0b1,test,11,0.30241551995277405,1534.0,0.5088938324859066,1.7942212599681797,154.29726205997392,24.426865119580473,218.88917861799217,149.73924380704042,8.389830508474576,2.9615384615384617,0.0012483723958333333
a0a7409d31f8233d04df,test,1,0.7425988912582397,62988.0,0.3557240234817303,1.7875574584619753,124.68438432717343,41.102767606674696,176.82539531339302,119.94833936622848,12.269257636375183,1.4444444444444444,0.051259765625
a0a7409d31f8233d04df,test,2,0.7375485897064209,17404.0,0.6011623301928011,1.8424684546032666,178.32561480119512,36.820392569165556,227.80533210756147,182.879223167088,25.007124798896804,2.1844660194174756,0.014163411458333334
a0a7409d31f8233d04df,test,3,0.720849335193634,7782.0,0.6951162250509649,1.8108145146413552,180.9070932922128,25.36392487823538,238.0959907478797,184.22320740169621,13.755461320997172,1.1616161616161615,0.0063330078125
a0a7409d31f8233d04df,test,4,0.5913701057434082,57358.0,0.5008750388660054,1.8058288205647832,115.60566965375362,51.02128479788961,172.61020258725898,107.67507583946441,6.981659053662959,0.7867435158501441,0.04667805989583333
a0a7409d31f8233d04df,test,5,0.5863116979598999,94737.0,0.4965683532060284,1.8084291939242658,129.76402039329935,55.320843174517826,187.94499509167485,123.21798241447375,10.948974529486895,1.0,0.07709716796875
a0a7409d31f8233d04df,test,6,0.5362094640731812,2809.0,0.8069151911628256,1.8032459046592604,171.07653969384123,28.907030756999664,223.97294410822357,173.0259878960484,22.221075115699538,0.6164383561643836,0.0022859700520833333
a0a7409d31f8233d04df,test,7,0.426401823759079,2234.0,0.6089557709807957,1.7618762159897499,196.08370635631155,21.97415820633564,246.00223813786928,205.0819158460161,18.589077887197853,0.4418604651162791,0.0018180338541666666
a0a7409d31f8233d04df,test,8,0.4233872592449188,12051.0,0.45257378039906676,1.7912837508608466,144.6456725582939,50.69627967154379,196.67372002323458,142.8266533897602,17.511326860841425,2.0095238095238095,0.00980712890625
a0a7409d31f8233d04df,test,9,0.4173547327518463,38523.0,0.7770231105767116,1.8808224239463818,98.52488123977884,56.792635479698816,158.50551618513614,86.2149105729045,4.76001349842951,1.0262008733624455,0.03135009765625
a0a7409d31f8233d04df,test,10,0.41014471650123596,4021.0,0.7538735074253322,1.7539421724930673,163.2444665506093,28.19220583562639,219.52772942054216,162.1141507087789,21.312857498134793,1.3692307692307693,0.0032722981770833335
a0a7409d31f8233d04df,test,11,0.4079051911830902,21878.0,0.5060031144261128,1.7856706064009755,144.48546485053478,32.82632962317057,198.99076698052838,141.65467593015816,16.035697961422432,1.1513513513513514,0.017804361979166666
a0a7409d31f8233d04df,test,12,0.29669803380966187,1431.0,0.8774866797494641,1.7251842693338957,192.07826694619146,20.971133101274745,243.61285814116002,199.33892382948986,19.281621243885393,0.8478260869565217,0.00116455078125
a0a7409d31f8233d04df,test,13,0.2874077260494232,9267.0,0.8141920628619577,1.860876009777199,131.73313909571598,40.19954416309805,186.41426567389664,126.74576454084385,13.997302255314557,1.1730769230769231,0.00754150390625
a19d518c6b1544388764,test,1,0.9041535258293152,23013.0,0.7697374567273574,1.7980089776337387,88.53856515882327,50.49979597087981,144.85829748403077,76.65015426063529,2.2065788901925,0.8383838383838383,0.01872802734375
a19d518c6b1544388764,test,2,0.886094868183136,10391.0,0.8052955767356794,1.804382570631696,137.6698104128573,42.57076975852524,201.6425753055529,131.5238186892503,1.6927148493888942,1.1517857142857142,0.008456217447916666
a19d518c6b1544388764,test,3,0.8694304823875427,40930.0,0.48091370438409214,1.8210816843377708,116.35817248961642,45.97314706909517,180.94629855851454,105.63650134375763,2.347862203762521,1.391304347826087,0.033308919270833334
a19d518c6b1544388764,test,4,0.8537859916687012,14925.0,0.5059979713572856,1.8778086608359925,117.28844221105528,43.12055264861957,174.771189279732,110.39604690117253,2.0846901172529315,0.6526315789473685,0.01214599609375
a19d518c6b1544388764,test,5,0.831189751625061,16406.0,0.5090418832537704,1.728699031498567,124.92015116420822,43.58795421224981,189.64988418871144,115.65018895526028,2.970193831525052,0.8613861386138614,0.013351236979166667
a19d518c6b1544388764,test,6,0.8097349405288696,32331.0,0.501494867548121,1.7903617527351736,112.93294361448764,41.313765417182346,173.0298784448362,103.87068138937862,2.071974266184158,2.050632911392405,0.02631103515625
a19d518c6b1544388764,test,7,0.8082765936851501,11119.0,0.620018331663976,1.8436204243321315,119.39068261534311,42.30796313303365,180.17240759061067,111.25388973828582,1.982462451659322,0.7945205479452054,0.009048665364583333
a19d518c6b1544388764,test,8,0.7825873494148254,6231.0,0.7499639194515537,1.7792224819438975,122.35050553683197,45.41707166868029,181.18536350505536,115.77515647568609,2.0025678061306373,1.0947368421052632,0.00507080078125
a19d518c6b1544388764,test,9,0.7679499983787537,3539.0,0.8819811279589593,1.707301113861121,115.69002543091268,58.72043082520548,172.56682678722802,108.60412545916925,3.0573608363944618,1.0294117647058822,0.0028800455729166667
a19d518c6b1544388764,test,10,0.7329651117324829,44015.0,0.580013929367799,1.7569709775138236,99.77141883448824,47.97527318656737,159.31187095308417,88.43135294785868,2.2655912757014653,0.9225352112676056,0.03581949869791667
a19d518c6b1544388764,test,11,0.7090991735458374,24498.0,0.5693753627168875,1.7994218789366139,116.54196260919258,44.1153523608397,181.2453261490734,105.87456118866847,1.9497101804228916,0.8153153153153153,0.0199365234375
a19d518c6b1544388764,test,12,0.7063344120979309,4239.0,0.8350543982748071,1.9012120650486597,135.06982778957303,30.123937320072677,200.7372021703232,127.58056145317292,1.502476999292286,0.8181818181818182,0.00344970703125
a19d518c6b1544388764,test,13,0.6654165387153625,4264.0,0.9013145541839244,1.7586120665962248,164.5248592870544,18.251277711804402,230.94019699812384,161.99015009380864,3.5389305816135086,1.1014492753623188,0.0034700520833333332
a19d518c6b1544388764,test,14,0.6506630182266235,20846.0,0.6222340050083534,1.798757392247216,112.84006524033387,56.15546103765417,169.4368224119735,105.2419648853497,3.7037801016981673,1.1666666666666667,0.016964518229166666
a19d518c6b1544388764,test,15,0.5915643572807312,3636.0,0.7029305257420434,1.8232111342613173,102.83663366336634,58.12624476208595,165.70434543454346,90.5552805280528,1.5024752475247525,0.46464646464646464,0.002958984375
a19d518c6b1544388764,test,16,0.47839152812957764,1749.0,0.5516801958986274,1.8279208149172628,149.8650657518582,22.749438831189693,216.90394511149228,144.5117209834191,1.5763293310463122,0.3253012048192771,0.00142333984375
a19d518c6b1544388764,test,17,0.46694836020469666,2425.0,0.46046276938323766,1.838940374554938,163.06556701030928,18.10367138074497,229.82969072164948,160.52536082474228,1.3311340206185567,0.24528301886792453,0.0019734700520833335
a19d518c6b1544388764,test,18,0.3900286853313446,16136.0,0.3979765646007514,1.7360480825105142,139.95153693604362,28.814940991795964,206.63441993058998,132.86043629152206,1.7434928111056023,1.3466666666666667,0.013131510416666667
a19d518c6b1544388764,test,19,0.31289035081863403,2016.0,0.8076087115209842,1.8247990352926473,170.29017857142858,12.433059758889293,233.98958333333334,170.54861111111111,2.0853174603174605,1.0208333333333333,0.001640625
a4005d561d56d8633fe4,test,1,0.9670798182487488,45015.0,0.4965849798933285,1.8385066295210795,87.01943796512273,50.72329493373204,122.11996001332889,83.2876818838165,14.217838498278352,1.3130081300813008,0.03663330078125
a4005d561d56d8633fe4,test,2,0.9114362001419067,8934.0,0.64751708639978,1.8144510648365606,108.47761361092456,49.66673242407433,148.3586299529886,105.37060667114395,19.897022610252968,0.6643835616438356,0.0072705078125
a4005d561d56d8633fe4,test,3,0.9114161729812622,26258.0,0.5301734700828089,1.79118888563682,132.7465534313352,46.241631214194754,180.16318836164217,129.38178840734253,25.651420519460736,1.6204819277108433,0.021368815104166668
a4005d561d56d8633fe4,test,4,0.8438684940338135,5504.0,0.8245634881524303,1.7655280387714536,118.10210755813954,46.480007532372035,159.78125,115.28015988372093,23.2890625,1.0,0.004479166666666667
a4005d561d56d8633fe4,test,5,0.8351572751998901,29456.0,0.4262276213722734,1.7930525406807174,140.46034763715372,44.97522164925391,187.01840032590982,139.26110130363932,24.470905757740358,0.8444444444444444,0.023971354166666667
a4005d561d56d8633fe4,test,6,0.8167585134506226,46483.0,0.5528921096678338,1.9167554545002092,83.8155884947185,37.53808619589225,116.92571477744552,80.47905685949702,14.164942021814428,1.004149377593361,0.03782796223958333
a4005d561d56d8633fe4,test,7,0.7972238659858704,4393.0,0.8817960743819945,1.7055839325530944,144.54131572956976,29.51774440075541,185.9451399954473,144.83063965399498,34.34076940587298,0.8313253012048193,0.003575032552083333
a4005d561d56d8633fe4,test,8,0.6495407223701477,26101.0,0.5135053026702842,1.8179935944777408,114.2931688441056,26.431628013178262,151.0436764874909,113.42182291866212,22.31335964139305,1.3681318681318682,0.021241048177083333
a4005d561d56d8633fe4,test,9,0.48986953496932983,1193.0,0.5682468504637891,1.7930491521946892,191.7124895222129,11.609401048830613,227.569153394803,198.46186085498744,62.798826487845766,3.0,0.0009708658854166666
a4005d561d56d8633fe4,test,10,0.4679374396800995,3529.0,0.5298772496976346,1.7644251115301433,123.70643241711532,26.327664065578208,163.84783224709548,123.8719183904789,17.507509209407765,0.3220338983050847,0.0028719075520833334
a4005d561d56d8633fe4,test,11,0.3780346214771271,3542.0,0.8830561746049014,1.7244932801204607,121.21795595708639,15.51622289038337,157.9937888198758,120.53924336533032,28.18633540372671,1.0461538461538462,0.0028824869791666667
a4005d561d56d8633fe4,test,12,0.341280996799469,2667.0,0.9056686558306584,1.865491626446014,162.8076490438695,15.41947312543075,210.05286839145106,163.07461567304088,37.34983127109111,0.9,0.00217041015625
a4005d561d56d8633fe4,test,13,0.3315431475639343,10694.0,0.7245165742764523,1.8130342047656756,143.85141200673274,38.341006927324074,191.330372171311,143.30531138956425,22.071909481952495,1.3302752293577982,0.008702799479166667
a48663b8ca6f30c587e8,test,1,0.9346904158592224,33043.0,0.6463804776583787,1.8478485556176922,123.91060133765095,35.648945533172146,171.21178464425142,120.08092485549133,19.478225342735225,1.0825242718446602,0.026890462239583333
a48663b8ca6f30c587e8,test,2,0.9242066740989685,22725.0,0.5916520774377673,1.8070874900867673,145.303498349835,40.77687267676743,182.29588558855886,147.07639163916392,39.09676567656766,0.867579908675799,0.01849365234375
a48663b8ca6f30c587e8,test,3,0.8805148601531982,25780.0,0.480184299856537,1.815327800640058,115.71031807602793,27.75708008380167,153.18956555469356,114.1231962761831,25.48277734678045,1.1261261261261262,0.020979817708333334
a48663b8ca6f30c587e8,test,4,0.8688278794288635,11392.0,0.5467256617723132,1.8234915209811495,97.15194873595506,42.09138705876868,134.7704529494382,93.55503862359551,16.974719101123597,1.9278350515463918,0.009270833333333334
a48663b8ca6f30c587e8,test,5,0.866683840751648,10655.0,0.6727969056186942,1.811261253553179,116.07461285781324,34.50333491696303,159.6797747536368,112.815579540122,18.462599718442046,0.5,0.008671061197916666
a48663b8ca6f30c587e8,test,6,0.8599967956542969,21458.0,0.5770459588138882,1.8489439902382838,89.92152111100755,33.5273490119844,127.9737626992264,85.61221921893933,12.311725230683194,0.9887640449438202,0.017462565104166668
a48663b8ca6f30c587e8,test,7,0.7588642835617065,2368.0,0.6248574941458381,1.742576825738915,162.03040540540542,27.238512725758763,213.0498310810811,161.14569256756758,32.69383445945946,1.975609756097561,0.0019270833333333334
a48663b8ca6f30c587e8,test,8,0.6906855702400208,7125.0,0.6738443923447189,1.7873610783158103,129.71536842105263,48.29925540402837,170.62708771929826,128.66708771929825,27.728,1.2323232323232323,0.00579833984375
a48663b8ca6f30c587e8,test,9,0.46537646651268005,3880.0,0.8091118289576739,1.7325242234398863,119.25180412371134,16.85955469085716,155.82680412371133,118.6659793814433,26.275515463917525,0.8607594936708861,0.0031575520833333334
a48663b8ca6f30c587e8,test,10,0.29742172360420227,13368.0,0.5055231664269968,1.843978529525722,135.86048773189708,35.14264640250437,180.0014961101137,134.20631358467983,28.499251944943147,1.456140350877193,0.01087890625
a4b4c8e5fca88ea10229,test,1,0.7179334163665771,9881.0,0.8543175661555258,1.8944946028142393,128.2396518570995,50.87444883253288,200.1402692035219,116.14674628074081,1.871065681611173,0.768595041322314,0.008041178385416667
a4b4c8e5fca88ea10229,test,2,0.6546260118484497,5243.0,0.8709812593420733,1.8122248815270827,55.35323288193782,64.64795997046664,89.41121495327103,48.260537860003815,2.567995422468053,0.7934782608695652,0.004266764322916667
a4b4c8e5fca88ea10229,test,3,0.6226289868354797,5854.0,0.8498713355525656,1.7630855398795267,114.267167748548,60.23248454961,174.95951486163307,105.17851042022549,1.8262726340963444,0.7835051546391752,0.004763997395833333
a4b4c8e5fca88ea10229,test,4,0.5332170724868774,10756.0,0.7712417075168276,1.8910829917876464,84.69431015247304,52.45412815768596,145.33832279657867,69.9986054295277,1.334696913350688,1.1636363636363636,0.008753255208333333
a4b4c8e5fca88ea10229,test,5,0.5231047868728638,6506.0,0.9077574121299278,1.8136637626872174,71.18967107285583,54.85534724817457,119.0550261297264,60.331386412542265,1.655856132800492,1.0112359550561798,0.005294596354166667
a4b4c8e5fca88ea10229,test,6,0.4907015562057495,30486.0,0.8479922776399187,1.8388829071412987,80.61188742373548,51.75059850584058,136.48691202519188,67.50019681165125,1.569671324542413,1.0,0.0248095703125
a4b4c8e5fca88ea10229,test,7,0.4367329776287079,18840.0,0.6197766843059155,1.7852461814829907,130.25668789808918,43.2957112470109,199.7458067940552,119.63991507430998,2.6321656050955413,1.0393258426966292,0.01533203125
a4b4c8e5fca88ea10229,test,8,0.41400665044784546,6437.0,0.5929869925182726,1.7942100453093417,129.9277613795246,41.296194792884144,196.01537983532702,121.13888457355911,1.767593599502874,0.8070175438596491,0.005238444010416667
a4b4c8e5fca88ea10229,test,9,0.41294875741004944,21126.0,0.733937603581067,1.7801448271846012,79.89023004828174,47.057403718199566,140.17655968948216,64.42364858468238,1.402679163116539,0.6777251184834123,0.0171923828125
a4b4c8e5fca88ea10229,test,10,0.4035392999649048,10233.0,0.8218987268647071,1.8002775424380666,96.65474445421675,38.74670898872482,161.83514120981138,81.90618586924656,1.6898270301964233,1.5154639175257731,0.00832763671875
a4b4c8e5fca88ea10229,test,11,0.39454546570777893,5916.0,0.8862859004196545,1.7893742342438368,118.17258282623393,43.77817800759152,186.8532792427316,105.6159567275186,2.678498985801217,0.8695652173913043,0.004814453125
a4b4c8e5fca88ea10229,test,12,0.35641491413116455,7308.0,0.8472070853265535,1.8232816516820711,105.50821018062398,40.61287881971419,170.5719759168035,92.68459222769567,0.8630268199233716,0.898989898989899,0.005947265625
a4b4c8e5fca88ea10229,test,13,0.35272765159606934,3318.0,0.9164714421463863,1.8313386512383107,124.6627486437613,50.24973682072624,191.59584086799276,114.4216395418927,1.9318866787221218,1.1206896551724137,0.0027001953125
a4b4c8e5fca88ea10229,test,14,0.3491794168949127,4815.0,0.8896335927662251,1.7340405964496621,108.0834890965732,51.511501377061805,174.00228452751819,95.30051921079958,1.0404984423676011,1.0933333333333333,0.00391845703125
a4b4c8e5fca88ea10229,test,15,0.3426482081413269,8652.0,0.8135809050031106,1.8300781514569897,127.9917938049006,33.04155892158509,200.7546232085067,115.45249653259361,1.6738326398520573,1.1274509803921569,0.007041015625
a4b4c8e5fca88ea10229,test,16,0.33696410059928894,9589.0,0.747110262812837,1.8520128929109798,131.2175409323183,46.84076175836589,201.21180519345083,120.6366670142872,2.114610491187819,0.8991596638655462,0.007803548177083334
a4b4c8e5fca88ea10229,test,17,0.33348801732063293,52756.0,0.31355301475304603,1.751558860771516,122.24184926832967,52.26488160383927,190.24838880885588,111.04168246265827,1.5642201834862386,1.143835616438356,0.04293294270833333
a4b4c8e5fca88ea10229,test,18,0.3315712511539459,10228.0,0.8901362492283738,1.8788134241251602,123.09855299178724,37.752138476912855,194.5351974970669,110.26437231130231,1.791161517403207,1.0803571428571428,0.008323567708333333
a4b4c8e5fca88ea10229,test,19,0.3221787214279175,12732.0,0.7102116373032135,1.7314089654823284,104.5823122840088,49.48271112877679,165.9214577442664,93.11011624253848,2.713477851083883,0.9225352112676056,0.010361328125
a4b4c8e5fca88ea10229,test,20,0.310431569814682,13815.0,0.5571309633252548,1.7125278199934117,123.83322475570033,44.96157023138636,195.05798045602606,111.19688744118712,2.0661599710459644,0.9644970414201184,0.01124267578125
a4b4c8e5fca88ea10229,test,21,0.301967978477478,3896.0,0.6907642452011719,1.8623463606680248,114.33290554414785,40.392991256988836,179.6806981519507,103.09727926078028,0.8031314168377823,0.5978260869565217,0.0031705729166666666
a4b4c8e5fca88ea10229,test,22,0.2590300738811493,4273.0,0.8805898668897488,1.760584909070719,115.34636087058273,47.32649068245286,181.83360636555113,103.35455183711677,2.636321085888135,0.9367088607594937,0.0034773763020833335
a4b4c8e5fca88ea10229,test,23,0.2579258382320404,21244.0,0.3275028610522929,1.7765495495189543,110.66159856900772,45.918937026423336,177.11565618527584,97.83656561852759,2.392910939559405,0.6166666666666667,0.017288411458333333
a4b4c8e5fca88ea10229,test,24,0.25022634863853455,11381.0,0.8177887257647991,1.8289579138371745,100.18917494069062,44.55934429979632,163.93998769879624,86.72366224409103,2.3131535014497846,0.8854961832061069,0.009261881510416667
a5871f68c483f2d202b2,test,1,0.9040279984474182,20511.0,0.4846973464047098,1.7896260482186648,117.17756325873921,34.52315940995055,170.97542781921896,111.33367461362197,6.1168641216908,0.8779342723004695,0.01669189453125
a5871f68c483f2d202b2,test,2,0.8985556364059448,22956.0,0.7138126105533356,1.8149958554672005,121.01372190277051,34.07541544667895,176.14715107161527,115.49141836556892,4.855419062554452,0.994535519125683,0.018681640625
a5871f68c483f2d202b2,test,3,0.8839476108551025,31645.0,0.5714144745263764,1.802012859175177,125.86032548585875,40.35250530544021,183.94473060515088,119.53954811186601,6.104977089587613,0.752895752895753,0.025752766927083334
a5871f68c483f2d202b2,test,4,0.8773324489593506,18907.0,0.5841515963580863,1.7842982458472456,172.19929126778442,30.047994146259143,234.92129898979215,172.63130057650605,5.462421325435024,1.005464480874317,0.015386555989583333
a5871f68c483f2d202b2,test,5,0.8679196834564209,17925.0,0.6958749233870513,1.7639079066707424,155.07408647140863,27.807880055896433,221.64200836820083,150.3418688981869,4.875927475592747,0.7643979057591623,0.01458740234375
a5871f68c483f2d202b2,test,6,0.8509151935577393,8754.0,0.8061446251242534,1.842760671375533,174.0106237148732,25.573370129224994,233.32716472469727,175.60041124057574,10.186314827507426,1.0,0.0071240234375
a5871f68c483f2d202b2,test,7,0.8377366662025452,8678.0,0.7582401157818757,1.8360595764548238,161.39168011062458,31.88159717900733,221.02466005992164,160.38430513943305,10.141507259737267,0.9906542056074766,0.0070621744791666665
a5871f68c483f2d202b2,test,8,0.8246386647224426,19695.0,0.6172290202233015,1.783018457042119,106.8029956841838,48.81791381219188,163.63980705762884,97.67118558009648,4.753693830921554,1.0542168674698795,0.01602783203125
a5871f68c483f2d202b2,test,9,0.8224775195121765,125050.0,0.20491751618046639,1.8111430242977316,116.37057177129148,53.23969244550789,175.82131147540983,107.76178328668533,4.8629588164734106,1.3015521064301552,0.10176595052083333
a5871f68c483f2d202b2,test,10,0.7975626587867737,19041.0,0.40894114401725545,1.7518072396667284,131.53316527493303,27.847385546729296,187.70006827372512,127.10256814242949,6.960768867181345,0.5666666666666667,0.01549560546875
a5871f68c483f2d202b2,test,11,0.7817593812942505,4319.0,0.8014818887132924,1.8881573466030004,180.32970595045148,20.95001437410468,238.0421393841167,184.0393609631859,9.793702245890252,1.4576271186440677,0.0035148111979166666
a5871f68c483f2d202b2,test,12,0.7792819738388062,14228.0,0.5398154672206157,1.7611636715207557,168.0201012088839,32.02364209034992,231.05517289851,167.23875456845656,6.71274950801237,1.0196078431372548,0.011578776041666667
a5871f68c483f2d202b2,test,13,0.7040624022483826,11389.0,0.644650217355193,1.8223811727365542,149.5687066467644,22.397449710589957,210.2603389235227,146.62437439634735,5.569321274914391,1.1176470588235294,0.009268391927083333
a5871f68c483f2d202b2,test,14,0.6619672775268555,5123.0,0.49027039134733513,1.7961737352712375,108.25785672457545,40.639294875395194,161.679289478821,101.25590474331446,4.245754440757369,1.0957446808510638,0.004169108072916667
a5871f68c483f2d202b2,test,15,0.545604944229126,9143.0,0.431060070901689,1.6587146277464948,136.10609209231106,26.299350033223565,196.15279448758614,130.9309854533523,5.183747128951111,1.0072992700729928,0.007440592447916667
a5871f68c483f2d202b2,test,16,0.5271593928337097,40063.0,0.39500095896903636,1.8283420643826123,159.5201807153733,34.06800691297673,224.4763497491451,156.52746923595336,4.6134588023862415,0.7310126582278481,0.03260335286458333
a5871f68c483f2d202b2,test,17,0.458967924118042,17393.0,0.46672618592790566,1.746342513870224,123.90122463059852,36.384872216758254,185.48301040648536,115.71672511930088,4.528430977979647,1.3333333333333333,0.014154459635416667
a5871f68c483f2d202b2,test,18,0.3907257616519928,12753.0,0.61866299385754,1.8472095165270246,164.03599153140436,32.292076543197695,228.46138163569356,162.279385242688,4.188818317258685,1.3421052631578947,0.01037841796875
a5871f68c483f2d202b2,test,19,0.3776424527168274,11992.0,0.6875234727013101,1.8177279133123925,139.17578385590394,30.512499554368695,205.90401934623083,131.23473982655102,5.111074049366244,0.6993865030674846,0.009759114583333334
a5871f68c483f2d202b2,test,20,0.330658495426178,24869.0,0.6168180434586084,1.812733310162884,153.7759861675178,34.17834747619134,219.87397965338374,149.07258032088143,4.696167919900278,0.9692307692307692,0.020238444010416665
a5871f68c483f2d202b2,test,21,0.30032607913017273,5557.0,0.4342298158564468,1.7445285353691247,113.4693179773259,52.462427352677395,164.7657009177614,108.43512686701457,4.775598344430448,1.288888888888889,0.004522298177083333
a5871f68c483f2d202b2,test,22,0.280270516872406,36609.0,0.22495930942442385,1.7900439212606911,128.15217569450135,37.21515002428666,187.94654319975962,121.64858368160834,4.763282252997897,1.6142857142857143,0.02979248046875
a5938c6e473d7c041e36,test,1,0.9554582238197327,33505.0,0.5386777638517841,1.8181930552888983,112.57833159229966,38.87520264834882,167.66975078346516,104.81635576779586,8.0275779734368,0.8989169675090253,0.027266438802083334
a5938c6e473d7c041e36,test,2,0.8564218878746033,10603.0,0.6144595621649221,1.8058477026431805,147.83325473922474,42.483094034338514,201.12590776195415,145.6524568518344,19.275865321135527,1.3125,0.008628743489583333
a5938c6e473d7c041e36,test,3,0.6922717094421387,3395.0,0.6003877892903992,1.8781133956958362,103.73490427098675,30.724561008157664,150.50721649484535,98.35846833578792,8.740795287187039,1.8269230769230769,0.0027628580729166666
a5938c6e473d7c041e36,test,4,0.659233808517456,12493.0,0.732018704480163,1.8315224599754882,133.75362202833585,35.53057117358928,192.67205635155688,127.60497878812134,10.840710798046906,0.7222222222222222,0.010166829427083333
a5938c6e473d7c041e36,test,5,0.6268171072006226,80157.0,0.19529893104344795,1.759275005665797,112.02060955375076,34.12805412573119,160.36287535711168,106.87880035430467,11.676197961500556,0.653558052434457,0.06523193359375
a5938c6e473d7c041e36,test,6,0.4079391658306122,3952.0,0.8568126797358986,1.8828824699415136,147.8550101214575,10.373367887813965,202.5371963562753,145.62677125506073,15.700404858299596,1.2903225806451613,0.0032161458333333334
a5938c6e473d7c041e36,test,7,0.3642873466014862,9170.0,0.8867208520129357,1.8574723660829073,123.03271537622683,35.290954824269484,181.51821155943293,115.45027262813522,8.655288985823336,1.0285714285714285,0.007462565104166667
a5938c6e473d7c041e36,test,8,0.32412809133529663,8237.0,0.7611180138595834,1.8170743494699386,120.69297074177491,28.347975018151004,169.98458176520577,116.23855772732792,14.340536603132207,0.8739495798319328,0.006703287760416667
a69bce9557d2adf2415e,test,1,0.8921507596969604,47438.0,0.3446912939301173,1.7576200081889448,122.44879632362242,39.465038347719435,177.11417007462373,116.39605379653442,10.192061216746069,0.952054794520548,0.038605143229166666
a69bce9557d2adf2415e,test,2,0.7804543375968933,12740.0,0.5920368665123622,1.7349050833776176,125.3182103610675,34.464966371683495,174.20211930926217,121.99458398744113,14.147409733124018,1.0328947368421053,0.010367838541666667
a69bce9557d2adf2415e,test,3,0.7337914109230042,7440.0,0.7950604294138086,1.8052987920977268,116.4616935483871,42.82322233701525,167.22190860215053,111.01465053763441,11.359811827956989,0.868421052631579,0.0060546875
a69bce9557d2adf2415e,test,4,0.7335411310195923,7786.0,0.6419249606694097,1.7402703129510704,117.83406113537117,42.59923156042275,166.36539943488313,114.18225019265348,9.368867197534035,0.4452054794520548,0.006336263020833333
a69bce9557d2adf2415e,test,5,0.7272135019302368,22869.0,0.6295960507882956,1.8053997243381963,104.14661769207224,41.979512602834355,155.94765840220387,96.20661157024793,9.193974375792557,0.885,0.01861083984375
a69bce9557d2adf2415e,test,6,0.7206329107284546,15964.0,0.6861360257115476,1.7340950891104394,122.11381859183162,32.30967263225943,172.40735404660487,118.13605612628415,10.699887246304185,0.7486033519553073,0.012991536458333333
a69bce9557d2adf2415e,test,7,0.6735933423042297,57358.0,0.5248162250048946,1.8824851568901075,120.93448167648802,55.0866790139543,175.7884863488964,114.67772586212908,9.356393179678511,1.528688524590164,0.04667805989583333
a69bce9557d2adf2415e,test,8,0.6576082110404968,43310.0,0.32853780808322103,1.7253899367593293,97.39422766104826,48.153849626213166,143.56938351419996,90.70452551373816,10.770930501039022,0.975609756097561,0.03524576822916667
a69bce9557d2adf2415e,test,9,0.6453772783279419,5856.0,0.6978347094502959,1.7737197832044536,145.71004098360655,33.75519503022276,202.64754098360655,142.2544398907104,14.074965846994536,1.2941176470588236,0.004765625
a69bce9557d2adf2415e,test,10,0.6346852779388428,8028.0,0.5922083134300518,1.757118716573268,135.84055804683607,56.29634105544237,188.31801195814649,131.76121076233184,19.217488789237667,0.4779874213836478,0.006533203125
a69bce9557d2adf2415e,test,11,0.5722867846488953,13935.0,0.5778337199856879,1.7534893781848657,115.68417653390743,42.92001477780666,168.5123071402942,109.49802655184787,8.951991388589882,0.9171597633136095,0.01134033203125
a69bce9557d2adf2415e,test,12,0.5717612504959106,12349.0,0.6981973961893443,1.7347766753150038,106.35095959186978,45.02509259924109,156.03125759170783,99.42262531379059,11.707101789618592,1.106060606060606,0.010049641927083333
a69bce9557d2adf2415e,test,13,0.47001269459724426,1892.0,0.8655172487398846,1.8041409492878284,152.6818181818182,24.21772338765779,202.17811839323468,153.35412262156447,19.21564482029598,0.9591836734693877,0.0015397135416666667
a69bce9557d2adf2415e,test,14,0.2997756898403168,2866.0,0.7154281627309836,1.797238227613327,165.221912072575,27.131769024749687,222.86287508722958,163.07676203768318,24.890439637124913,0.5853658536585366,0.002332356770833333
a69bce9557d2adf2415e,test,15,0.2997160851955414,23602.0,0.45529564948665624,1.7879717687201073,118.83137022286247,36.40279052395544,168.8452249809338,114.33768324718244,10.79883060757563,0.9590909090909091,0.019207356770833333
a6cae70606b5d07de127,test,1,0.9017492532730103,30143.0,0.485496685656704,1.8326249190559087,117.22502736953854,36.837082690683,172.36970440898384,110.76920014597087,5.8032710745446705,1.0044642857142858,0.02453043619791667
a6cae70606b5d07de127,test,2,0.8763080835342407,39961.0,0.5892419558345179,1.8269953558883583,114.17787342659092,50.55916450337656,172.2985661019494,105.6423512925102,5.690097845399264,0.6387096774193548,0.03252034505208334
a6cae70606b5d07de127,test,3,0.8463863730430603,20267.0,0.7819567185935455,1.792087356016212,135.0889623525929,49.709398067401025,195.45946612720186,129.23831844870972,6.886712389598856,0.9252873563218391,0.016493326822916668
a6cae70606b5d07de127,test,4,0.8273227214813232,15854.0,0.7299872545064249,1.862178432613007,147.13472940582818,32.71503298556255,210.72555821874604,142.00321685379083,6.795698246499306,1.4453125,0.012902018229166666
a6cae70606b5d07de127,test,5,0.7886157035827637,8879.0,0.47162978356208174,1.7920910381833088,169.60243270638585,48.82637768616207,226.51526072755942,171.8791530577768,8.468070728685662,1.6,0.007225748697916667
a6cae70606b5d07de127,test,6,0.7712422013282776,25222.0,0.4816399896916868,1.8399159322329,176.03227341210055,23.681984754842155,234.43981444770438,178.28768535405598,11.160415510268813,0.984375,0.020525716145833334
a6cae70606b5d07de127,test,7,0.746792733669281,8628.0,0.44727189673172474,1.7594498063377504,119.00475197032917,30.849855498529642,170.49211868335652,114.4346314325452,7.445989800649049,0.47752808988764045,0.007021484375
a6cae70606b5d07de127,test,8,0.7096729278564453,51226.0,0.25483320542862475,1.8565102640339886,114.97089368679967,44.32440439290739,166.7332994963495,109.64344278296177,6.637801116620466,0.7220543806646526,0.04168782552083333
a6cae70606b5d07de127,test,9,0.6718271374702454,3494.0,0.6028150976831519,1.821293834445958,184.52633085289068,19.546673170745507,238.11076130509446,189.9685174585003,15.851459645105896,2.2127659574468086,0.0028434244791666666
a6cae70606b5d07de127,test,10,0.583126962184906,2055.0,0.7034607040664405,1.8881456235916798,130.72262773722628,20.233020850934853,183.37907542579075,127.77177615571776,7.581995133819952,0.43243243243243246,0.00167236328125
a6cae70606b5d07de127,test,11,0.5385149121284485,10585.0,0.6712946333189742,1.7956804371687163,50.73367973547473,51.038798252731915,88.48521492678319,41.08937175247993,1.597638167217761,0.6644295302013423,0.008614095052083333
a6cae70606b5d07de127,test,12,0.3405662178993225,24320.0,0.8635915114184389,1.8282598339499216,66.66155427631578,60.95724857230088,113.85855263157895,54.78166118421053,4.168503289473684,1.0055248618784531,0.019791666666666666
a820f3109024e8c7da34,test,1,0.9314968585968018,27683.0,0.5656560082759101,1.8110811320356324,125.8545677852834,36.50730296546057,173.94541776541558,122.56301701405195,16.59643102264928,0.8318965517241379,0.022528483072916668
a820f3109024e8c7da34,test,2,0.9155731797218323,21065.0,0.6223179684527589,1.8018629058565556,115.74664134820793,53.150687006925054,167.45801091858533,109.15309755518633,14.068502254925232,1.2337662337662338,0.017142740885416667
a820f3109024e8c7da34,test,3,0.8917497396469116,8864.0,0.8415881017644782,1.84723420584309,134.06328971119135,36.57405803225496,184.0150045126354,130.96040162454872,18.892937725631768,1.0970873786407767,0.007213541666666667
a820f3109024e8c7da34,test,4,0.8473047614097595,72852.0,0.3569981028365562,1.874392171347297,109.02128973809916,52.982631626778826,159.29654642288475,102.27936089606325,11.8812249492121,0.5391120507399577,0.059287109375
a820f3109024e8c7da34,test,5,0.8331570625305176,6822.0,0.7256124430504007,1.795112545932227,146.70345939607154,36.93273795110476,197.97698622104954,144.7792436235708,22.04939900322486,1.0957446808510638,0.0055517578125
a820f3109024e8c7da34,test,6,0.7937597632408142,53026.0,0.4169920221295146,1.8124502049958864,124.82163466978463,44.84650121925228,180.0019613020028,118.17033153547317,14.323935427903292,1.8722466960352422,0.04315266927083333
a820f3109024e8c7da34,test,7,0.7719986438751221,3802.0,0.8764391232228298,1.864133531770507,151.30562861651762,17.65996893469028,203.60021041557076,149.3987375065755,23.811152025249868,1.3114754098360655,0.0030940755208333334
a820f3109024e8c7da34,test,8,0.6310102939605713,9421.0,0.3625717278698194,1.6925544610156702,143.68962955100307,59.01696783100193,195.81201570958498,141.81530623076105,16.638148816473834,1.099337748344371,0.007666829427083333
a820f3109024e8c7da34,test,9,0.6250612139701843,4032.0,0.6946891468500721,1.6844939588653276,183.9923115079365,29.516359305997423,235.88244047619048,186.99603174603175,32.19940476190476,1.0789473684210527,0.00328125
a820f3109024e8c7da34,test,10,0.5476464629173279,4522.0,0.7124967049584965,1.711320334534557,181.16165413533835,43.33301621512799,230.4699248120301,186.0824856258293,26.357585139318886,1.2941176470588236,0.0036800130208333335
a820f3109024e8c7da34,test,11,0.5120176672935486,49141.0,0.2537184209448775,1.7531964263516024,137.44482204269346,52.78953552597506,193.2669054353798,132.6097963004416,15.936529578152662,1.2593984962406015,0.039991048177083335
a820f3109024e8c7da34,test,12,0.4519733786582947,3153.0,0.7656786219610358,1.672964130388191,132.34221376466857,37.25820344387931,180.51379638439582,128.49952426260705,25.718997779892167,0.9714285714285714,0.00256591796875
a820f3109024e8c7da34,test,13,0.43670931458473206,26540.0,0.3835023973024114,1.75499591981472,129.6830821401658,35.651533683024155,177.40674453654862,126.75489826676714,19.538696307460437,0.45714285714285713,0.021598307291666667
a820f3109024e8c7da34,test,14,0.37294113636016846,16975.0,0.6412925340843193,1.7388396495612064,124.3261266568483,50.35358018626414,171.58692194403534,120.21307805596466,21.514933726067746,0.7222222222222222,0.013814290364583334
a820f3109024e8c7da34,test,15,0.36910033226013184,18063.0,0.3827025179800277,1.7462694629894628,156.38371256159,37.5167551844821,213.32231633726403,153.64147705253833,21.080717488789237,1.3393939393939394,0.01469970703125
a820f3109024e8c7da34,test,16,0.3538409471511841,2936.0,0.7800570250907376,1.7980183273071528,157.5316757493188,43.45000515075439,211.50885558583107,156.05517711171663,23.432561307901906,1.293103448275862,0.0023893229166666668
a820f3109024e8c7da34,test,17,0.30853885412216187,11856.0,0.5375170651327404,1.8126777555568578,154.40932860998652,43.95782096866345,211.2919197031039,151.7147435897436,19.038630229419702,1.5263157894736843,0.0096484375
a820f3109024e8c7da34,test,18,0.30517932772636414,113948.0,0.2365642590157519,1.8223310623464162,147.27616983185314,44.99317182680361,199.92103415593078,144.7908782953628,21.96286025204479,1.6103151862464182,0.09273111979166666
a820f3109024e8c7da34,test,19,0.297059029340744,8161.0,0.7934952006675031,1.82584822589333,108.42163950496263,47.17443733743512,160.7985540987624,100.30572233794878,12.803700526896213,0.8888888888888888,0.006641438802083333
a820f3109024e8c7da34,test,20,0.2620886266231537,4425.0,0.7504484911046122,1.7651631000717838,147.48994350282487,35.735487125682255,205.50485875706215,142.76022598870057,19.61762711864407,0.7840909090909091,0.00360107421875
a820f3109024e8c7da34,test,21,0.2503943145275116,29142.0,0.445782874207166,1.8385207818727325,121.89118797611694,54.21200980064494,177.47467572575664,114.89437924644842,12.18543682657333,1.2827225130890052,0.0237158203125
a82c21a55639603800b6,test,1,0.8771927952766418,14184.0,0.7208886886567919,1.86083583821172,110.2753807106599,51.258583232211,156.7065002820079,104.68422165820643,17.282007896221096,0.6477272727272727,0.01154296875
a82c21a55639603800b6,test,2,0.8634288907051086,13222.0,0.7661542493563416,1.8513654242934952,130.31636666162456,43.3646804482722,171.42240205717744,128.63848131901378,31.055135380426563,1.3305785123966942,0.010760091145833333
a82c21a55639603800b6,test,3,0.8586098551750183,13161.0,0.8025757469879223,1.8688336030818649,118.29936934883368,42.95236243978373,161.7086847503989,115.49791049312363,18.87614922878201,0.8652482269503546,0.01071044921875
a82c21a55639603800b6,test,4,0.8563171625137329,14201.0,0.7265361428149474,1.8575806694331336,116.46954439828181,57.897653106074536,155.53475107386805,114.4760228152947,24.299626786845998,0.5185185185185185,0.011556803385416667
a82c21a55639603800b6,test,5,0.7604181170463562,4726.0,0.6563952423419289,1.8483646987561837,142.82479898434192,49.62213744126878,190.43757934828608,140.8066017774016,28.269784172661872,0.475,0.0038460286458333335
a82c21a55639603800b6,test,6,0.6665504574775696,39648.0,0.5174702896752751,1.825904832895541,154.68205205811137,43.52489707467776,202.6017705811138,155.2766091606134,25.87759786117837,1.4028436018957346,0.032265625
a82c21a55639603800b6,test,7,0.6445478200912476,185580.0,0.15997061821306877,1.749662139332708,124.3363886194633,49.198033924311886,173.07019614182562,120.78963789201423,14.794115745231167,1.0745762711864406,0.151025390625
a82c21a55639603800b6,test,8,0.4478170871734619,15966.0,0.2762913908202701,1.772447703348414,157.1001503194288,53.93644734291831,200.45759739446322,158.45991481899034,36.37179005386446,3.5268817204301075,0.0129931640625
a82c21a55639603800b6,test,9,0.37659937143325806,9057.0,0.6047394977353138,1.795842430322135,149.93562989952522,57.29192177600079,194.95263332229214,150.06370762945787,31.183394059843216,1.6444444444444444,0.00737060546875
a82c21a55639603800b6,test,10,0.37190088629722595,53423.0,0.3630755937735122,1.7406625957627524,90.99799711734646,48.78826223642023,131.79733448140314,85.51739887314453,12.280927690320649,0.7557471264367817,0.043475748697916664
a82c21a55639603800b6,test,11,0.36611098051071167,14686.0,0.542141237685177,1.7653821908237761,112.34495437831949,38.341190366708396,155.64598937763856,109.38969086204548,13.97548685823233,1.102189781021898,0.011951497395833333
a82c21a55639603800b6,test,12,0.26818937063217163,5259.0,0.7203282129725884,1.8619429767256463,154.4744247955885,47.966381771111514,198.13386575394563,155.30690245293783,35.70888001521202,1.9333333333333333,0.00427978515625
a8a0a5b16289ad8a8f5c,test,1,0.900476336479187,50963.0,0.5249623273331764,1.7407458297586929,131.35213782548124,45.43921413797164,181.01238153169948,127.72156270235268,19.771579381119636,0.9087947882736156,0.041473795572916666
a8a0a5b16289ad8a8f5c,test,2,0.8978208899497986,63038.0,0.36463261401938757,1.7712522006385436,116.02796725784448,42.221539052209486,167.41520987340968,110.65449411466099,8.905311082204385,1.0171428571428571,0.051300455729166666
a8a0a5b16289ad8a8f5c,test,3,0.8844362497329712,41849.0,0.4765533782587756,1.826515209470484,126.10444694018973,38.89040045982126,182.47117015938255,119.75273005328681,10.940906592750126,0.76,0.03405680338541667
a8a0a5b16289ad8a8f5c,test,4,0.8760709762573242,17386.0,0.5910063950273186,1.7711698831178297,131.11434487518693,47.83382137096865,186.8942252386978,125.73369377660187,12.51903830668354,0.9634146341463414,0.014148763020833333
a8a0a5b16289ad8a8f5c,test,5,0.8746407628059387,15542.0,0.7478261720127614,1.8876514818757035,121.96776476643933,42.584729630085484,177.47728735040536,115.3845708403037,10.241667739029726,1.588235294117647,0.012648111979166666
a8a0a5b16289ad8a8f5c,test,6,0.83225417137146,13114.0,0.4641671713926054,1.8598698731617358,74.98352905292055,56.82345082125766,109.32438615220376,70.9268720451426,5.859234405978344,2.8214285714285716,0.010672200520833333
a8a0a5b16289ad8a8f5c,test,7,0.598089873790741,4641.0,0.8139272028997715,1.7942434667358316,96.76966171083818,56.853942478454705,132.07606119370826,93.92501616031028,18.804352510234864,0.7303370786516854,0.00377685546875
a8a0a5b16289ad8a8f5c,test,8,0.5492730736732483,11444.0,0.8248567825870506,1.859317633558891,103.99021321216358,54.71719649652827,155.6615693813352,95.86499475707795,10.363596644529885,0.9615384615384616,0.009313151041666667
a8a0a5b16289ad8a8f5c,test,9,0.5223667621612549,75209.0,0.18691502242466362,1.7835478965534683,108.08392612586259,42.02171042236903,152.40610831150528,104.21502745682032,11.718597508276934,1.4321766561514195,0.061205240885416665
a8a0a5b16289ad8a8f5c,test,10,0.500381588935852,50992.0,0.22056977324186328,1.7267108132994904,125.76657122685911,59.03753142227555,177.5247489802322,121.06034279887041,14.256412770630687,0.9299191374663073,0.04149739583333333
a8a0a5b16289ad8a8f5c,test,11,0.483916312456131,40757.0,0.33285115505534374,1.814408074880121,149.42358367887724,45.60813148351475,202.15670927693404,147.7909070834458,19.488038864489535,1.4393305439330544,0.033168131510416664
a8a0a5b16289ad8a8f5c,test,12,0.34784725308418274,2113.0,0.5761963534656303,1.8540282267617076,96.58069096071935,44.673260297505784,141.2886890676763,91.36583057264552,6.24420255560814,0.3076923076923077,0.0017195638020833333
a8a0a5b16289ad8a8f5c,test,13,0.3406054377555847,8453.0,0.6795631663534903,1.8490133492405239,159.99290192830946,38.70576484961686,214.17212823849522,159.40033124334556,20.881817106352774,1.4111111111111112,0.0068790690104166665
a8a0a5b16289ad8a8f5c,test,14,0.32504960894584656,6887.0,0.2789743843470651,1.8150809026788908,121.7866995789168,31.689436191748918,171.19413387541746,118.2562799477276,10.310004356033106,3.5714285714285716,0.005604654947916667
a8d95369b60b6729580c,test,1,0.9242563843727112,58121.0,0.366838106371432,1.8063697199029274,133.87147502623836,39.39413623967569,199.67540131794016,125.88100686498856,2.6174360386091085,1.1890909090909092,0.04729899088541667
a8d95369b60b6729580c,test,2,0.9236934781074524,32613.0,0.6133030983673261,1.8636910054928513,138.0228743139239,32.8459762033931,204.17615674730936,130.7572747064054,2.0626437310275043,0.7154150197628458,0.02654052734375
a8d95369b60b6729580c,test,3,0.8978849649429321,11950.0,0.7312043484893894,1.8420140608176572,148.18100418410043,27.741770219133382,213.8005020920502,143.02937238493723,2.799581589958159,0.5575757575757576,0.009724934895833334
a8d95369b60b6729580c,test,4,0.8811430931091309,8278.0,0.7123102677120884,1.8377192251936905,139.65486832568254,32.6973739053338,204.93126359023918,133.03587823145688,2.499395989369413,0.9478260869565217,0.006736653645833333
a8d95369b60b6729580c,test,5,0.8633031845092773,11163.0,0.685479115353365,1.700073304557976,127.93612828092806,44.01379082725374,190.95198423362896,120.22941861506763,2.47755979575383,1.0151515151515151,0.00908447265625
a8d95369b60b6729580c,test,6,0.8533065915107727,12200.0,0.6469439160337539,1.688286202873413,148.62352459016392,28.965349350337554,217.81131147540984,141.732131147541,2.8401639344262297,0.8148148148148148,0.009928385416666666
a8d95369b60b6729580c,test,7,0.8187784552574158,79689.0,0.2615721089305366,1.7848163891100552,127.64685213768526,40.031234230899,192.66940230144687,118.82535858148553,2.6384820991604863,0.9304347826086956,0.06485107421875
a8d95369b60b6729580c,test,8,0.7970073223114014,5688.0,0.7706346746142606,1.7664079428339274,140.4971870604782,42.862161642488786,206.8370253164557,133.58210267229254,2.290436005625879,0.6090909090909091,0.00462890625
a8d95369b60b6729580c,test,9,0.7723115086555481,8607.0,0.6134679313658107,1.8035801723232818,149.78494248867202,31.2332900435036,216.01800859765308,144.6663181131637,2.5076100848146856,0.6621621621621622,0.00700439453125
a8d95369b60b6729580c,test,10,0.7495082020759583,4878.0,0.540866114464932,1.7262290735264458,160.24764247642477,24.59458421589732,227.86469864698648,156.5319803198032,2.259737597375974,1.5352112676056338,0.0039697265625
a8d95369b60b6729580c,test,11,0.7438520193099976,11899.0,0.5619611185088397,1.8225649694993045,132.440121018573,44.33301547056264,197.95352550634507,124.17060257164468,3.3814606269434404,1.3852459016393444,0.009683430989583333
a8d95369b60b6729580c,test,12,0.686653733253479,9978.0,0.7623819334525723,1.820469392900627,137.65143315293645,38.31585832849605,204.0034074964923,130.02986570455002,3.0817799158147925,0.8837209302325582,0.0081201171875
a8d95369b60b6729580c,test,13,0.5239841341972351,6912.0,0.7622591722372802,1.8063560254865039,127.94907407407408,48.03798060036641,190.01316550925927,120.79774305555556,2.076388888888889,1.2444444444444445,0.005625
a8d95369b60b6729580c,test,14,0.4725312292575836,7302.0,0.7393457528810136,1.8232436298386634,120.19638455217749,54.6583326787213,183.55477951246235,110.77334976718707,2.663653793481238,0.6290322580645161,0.0059423828125
a8d95369b60b6729580c,test,15,0.466285765171051,9523.0,0.652513271858186,1.8256346022871404,123.42938149742729,33.99729013522391,187.3383387587945,114.43841226504253,2.19069620917778,2.168831168831169,0.007749837239583333
a8d95369b60b6729580c,test,16,0.4415663480758667,17370.0,0.38191744592641935,1.788981150506759,127.59902130109384,40.59884643434807,190.92607944732296,119.72573402417962,2.113298791018998,1.37012987012987,0.0141357421875
a8d95369b60b6729580c,test,17,0.3892204463481903,21564.0,0.39961657408398144,1.7837815087951485,119.48951956965313,39.81499522667258,179.46684288629197,111.76112966054535,2.051289185679837,0.45733788395904434,0.017548828125
a8d95369b60b6729580c,test,18,0.3346118628978729,3171.0,0.8220600589602843,1.8162753639867426,120.75812046672974,50.902084691314805,175.97350993377484,115.59760327972249,2.5080416272469255,0.65,0.00258056640625
a8d95369b60b6729580c,test,19,0.3161589205265045,9483.0,0.7594089198286849,1.7811394592704044,136.4712643678161,27.6510641318974,198.86280712854582,130.76136243804703,2.2570916376674046,1.2169811320754718,0.00771728515625
aa169596aa2b594422ba,test,1,0.9543830752372742,35448.0,0.4442809123069717,1.827410536269649,120.6731832543444,37.85303051398659,171.9224215752652,115.90981155495373,10.707994809298127,1.2125,0.02884765625
aa169596aa2b594422ba,test,2,0.9394350051879883,40844.0,0.7640035873326567,1.862388096390603,99.12251493487416,58.858522756595555,154.25208108902163,88.56786798550583,8.952893937910098,0.6666666666666666,0.03323893229166667
aa169596aa2b594422ba,test,3,0.9282540082931519,40748.0,0.5583604501721259,1.8962925219964044,126.0135712182193,49.693569567539654,186.31915676843036,118.03398939825267,8.98031805241975,0.9723320158102767,0.033160807291666664
aa169596aa2b594422ba,test,4,0.8855060935020447,42344.0,0.29554979463410164,1.7358684599538234,131.5755715095409,35.79156318147859,194.01910542225582,123.7935953145664,7.830696202531645,1.1063829787234043,0.03445963541666667
aa169596aa2b594422ba,test,5,0.733942449092865,2521.0,0.8591518765368423,1.8106103494715369,148.60769535898453,13.302942186193881,206.5144783815946,145.46211820706068,12.782229274097581,1.446808510638298,0.0020515950520833335
aa169596aa2b594422ba,test,6,0.7218179106712341,30044.0,0.5369847316712604,1.813364471013619,137.80235654373584,53.2360607589414,196.5383437624817,132.30675009985356,12.072926374650512,2.274074074074074,0.024449869791666665
aa169596aa2b594422ba,test,7,0.6809558868408203,20591.0,0.5648510299121675,1.7738483090779429,144.59006362002816,37.64456841956288,207.3670050021854,138.3351464231946,12.044436889903356,1.1141304347826086,0.016756998697916668
aa169596aa2b594422ba,test,8,0.6673123836517334,15323.0,0.5146567736425917,1.7771803773937715,154.10892122952424,39.69243433579172,215.955948574039,149.77876394961822,14.097631012203877,0.8052631578947368,0.012469889322916667
aa169596aa2b594422ba,test,9,0.6462669968605042,6254.0,0.7764363571541725,1.7834233386662541,110.68276303165973,43.62957610101074,165.3161176846818,102.90310201471058,7.4051806843620085,0.7053571428571429,0.005089518229166667
aa169596aa2b594422ba,test,10,0.5767959952354431,6693.0,0.8205889073027859,1.7982046879596838,122.72075302554909,29.912994725696517,178.9249962647542,116.06394740773943,9.527715523681458,1.086021505376344,0.00544677734375
aa169596aa2b594422ba,test,11,0.45758238434791565,12007.0,0.4358238368100858,1.850479752301939,119.36603647872074,28.096337899348704,173.41750645456816,113.42516865161988,8.136753560423086,2.043010752688172,0.009771321614583333
aa169596aa2b594422ba,test,12,0.31735798716545105,3184.0,0.6751558639899102,1.8327951736522428,94.55967336683418,54.29436755904823,139.3429648241206,88.74340452261306,6.967336683417085,2.0,0.0025911458333333333
aa169596aa2b594422ba,test,13,0.3071032762527466,13647.0,0.8363712058172307,1.8596871265973365,123.89338316113431,60.058500749771945,181.7433135487653,116.59016633692387,9.843262255440756,1.1951219512195121,0.01110595703125
aa169596aa2b594422ba,test,14,0.2743469178676605,539.0,0.6656931602920748,1.864820932237036,144.10575139146567,17.529882896920686,198.46938775510205,141.14285714285714,16.40074211502783,2.625,0.00043863932291666666
aa169596aa2b594422ba,test,15,0.26085522770881653,8861.0,0.7281211891507516,1.8553508576073217,150.43403679042999,39.00460894075693,212.82925177745176,145.31666854756799,13.05010721137569,0.8740157480314961,0.007211100260416666
aa169596aa2b594422ba,test,16,0.2574678659439087,5258.0,0.840073153752904,1.7585216977606386,154.0570559147965,42.67834814499307,215.19456066945608,150.00741726892355,14.49505515405097,1.1,0.004278971354166667
aa169596aa2b594422ba,test,17,0.25132545828819275,589.0,0.6352596620808351,1.7157281610454775,146.6434634974533,13.221575677134279,200.95246179966045,144.0797962648557,17.073005093378608,2.5,0.00047932942708333334
ac710e3e5872a5cd9923,test,1,0.8695365786552429,13835.0,0.5129301092301096,1.9107116980134566,94.66353451391399,41.21790337456567,135.6350560173473,89.78612215395735,12.324033249006144,1.6434782608695653,0.011258951822916667
ac710e3e5872a5cd9923,test,2,0.8636505007743835,77833.0,0.4133588973729519,1.815088435103607,109.35482378939524,43.554582777529276,155.2269345907263,104.34139760769854,14.81366515488289,0.6731182795698925,0.06334065755208333
ac710e3e5872a5cd9923,test,3,0.8593044877052307,8804.0,0.805736844561373,1.843970749736605,96.63164470695139,57.08755284352312,132.52862335302135,94.3691503861881,14.136983189459336,0.9009009009009009,0.007164713541666667
ac710e3e5872a5cd9923,test,4,0.7095803618431091,15275.0,0.5949030614701305,1.769080864005552,156.66736497545008,39.47150280864887,204.6818985270049,156.74153846153845,30.288968903436988,0.9817073170731707,0.012430826822916666
ac710e3e5872a5cd9923,test,5,0.6884505152702332,114840.0,0.15811557704589632,1.7056304227295267,104.37254440961337,51.8591434858273,153.40198537095088,97.47580982236154,11.327046325322188,0.994661921708185,0.09345703125
ac710e3e5872a5cd9923,test,6,0.6829875111579895,29721.0,0.440697727679501,1.8023452367999442,131.12815854109888,56.364463586814985,181.3217926718482,127.3566838262508,18.885703711180646,1.6171428571428572,0.02418701171875
ac710e3e5872a5cd9923,test,7,0.636425256729126,3642.0,0.6844102773986849,1.6729212221562637,175.91103789126853,32.336035837667005,225.1350906095552,179.2125205930807,29.706479956068094,1.2535211267605635,0.0029638671875
ac710e3e5872a5cd9923,test,8,0.5823948979377747,121276.0,0.27749508795701444,1.8137038182517378,105.57340281671559,55.70192180598519,156.5050216036149,98.05418219598272,10.799919192585508,1.7353760445682451,0.09869466145833333
ac710e3e5872a5cd9923,test,9,0.4938879609107971,1761.0,0.7165185035268071,1.7675771231323671,147.3611584327087,17.738851114501834,195.92731402612154,147.9738784781374,16.72345258375923,0.6557377049180327,0.00143310546875
ac710e3e5872a5cd9923,test,10,0.4073316752910614,8051.0,0.6434261621266238,1.7488996988775969,135.77071171283072,46.02090101786171,189.2743758539312,131.73444292634454,16.20444665258974,0.6357142857142857,0.0065519205729166665
ace9854f014bd8f569ac,test,1,0.8980655670166016,77909.0,0.34613337357220025,1.802102610116289,105.81864739632135,48.51417511078731,158.63176269750608,98.04328126403881,7.31823024297578,0.8775510204081632,0.06340250651041666
ace9854f014bd8f569ac,test,2,0.884124219417572,196848.0,0.2621925539836032,1.7991457772034976,134.671594326587,45.729222930998745,192.38123323579615,129.2549937007234,11.206321628871008,0.8943894389438944,0.1601953125
ace9854f014bd8f569ac,test,3,0.8824503421783447,9126.0,0.5775952330964721,1.7753718580528393,139.41431076046462,28.419728455508572,190.29158448389217,137.25246548323472,16.975235590620205,0.8507462686567164,0.0074267578125
ace9854f014bd8f569ac,test,4,0.7785738110542297,19407.0,0.44346042090913046,1.8119877576127137,139.8861235636626,26.83828074590426,191.55490287009843,137.76513629102902,15.191013551811203,0.5177865612648221,0.01579345703125
ace9854f014bd8f569ac,test,5,0.770275354385376,41677.0,0.3202424608807045,1.7553643374592771,105.84209516040022,46.70383768237207,152.98677927873888,100.4714830721981,9.827386808071598,0.8369230769230769,0.033916829427083336
ace9854f014bd8f569ac,test,6,0.7075716853141785,4275.0,0.8136498048724777,1.760923212198636,113.72701754385965,40.7418931181118,163.9111111111111,108.51040935672515,8.95672514619883,1.2121212121212122,0.00347900390625
ace9854f014bd8f569ac,test,7,0.5568737983703613,13078.0,0.7313693333584423,1.8545108123608343,111.90587245756232,49.4220761040846,168.4186419941887,103.33942498853035,7.856705918336137,0.7272727272727273,0.010642903645833333
ace9854f014bd8f569ac,test,8,0.5116259455680847,115442.0,0.13427192347147673,1.8167790183805943,137.66875140763327,43.740976349663974,196.03526446180766,132.75835484485717,9.865205038027755,0.45113788487282463,0.09394694010416667
ace9854f014bd8f569ac,test,9,0.3850683867931366,4394.0,0.7306064629128254,1.8487799461505425,160.59239872553482,37.65251185636404,222.00182066454255,158.59877105143377,9.812926718252163,1.8846153846153846,0.0035758463541666666
ace9854f014bd8f569ac,test,10,0.2863016426563263,7957.0,0.6920636068417028,1.8240790821362725,132.96719869297473,28.042854955772373,189.1402538645218,128.32411712957145,9.490260148297097,0.8608695652173913,0.006475423177083333
ace9854f014bd8f569ac,test,11,0.269449919462204,61505.0,0.215053408043325,1.8402412578124463,127.45877570929193,39.65892216027892,186.02334769530933,120.80037395333713,8.146768555402,0.5305676855895196,0.05005289713541667
af74336a1f561ee06aba,test,1,0.7802131175994873,37672.0,0.2850122787984199,1.807362508443765,130.77996920789977,47.44116159031009,178.1765236780633,128.65220853684434,17.439397961350604,0.4613259668508287,0.030657552083333334
af74336a1f561ee06aba,test,2,0.7535817623138428,8962.0,0.7846460137179966,1.8660614795743398,109.37725954028119,36.71820635180967,151.72628877482705,106.51919214461057,13.000669493416648,1.3111111111111111,0.007293294270833334
af74336a1f561ee06aba,test,3,0.46236497163772583,338696.0,0.12675745850311024,1.821109485658629,106.46553841793231,58.05419174342007,153.77300588138036,100.66484694239081,12.314709946382596,1.1625,0.27563151041666667
af74336a1f561ee06aba,test,4,0.2929583489894867,72117.0,0.3613963188120217,1.7997479459747963,108.20701082962408,54.68122091984777,156.81689476822385,102.31808034166701,11.063771371521279,0.9244791666666666,0.05868896484375
af74336a1f561ee06aba,test,5,0.2519163191318512,19457.0,0.4244045850280746,1.8174097238417004,97.1963817649175,42.05686636560594,141.34686745130287,91.87783317058128,8.828956159736856,0.3235294117647059,0.015834147135416667
af74336a1f561ee06aba,test,6,0.2518276274204254,2472.0,0.7933131468927658,1.8513781971407393,167.63834951456312,27.286066097939816,214.93122977346277,169.8207928802589,32.27265372168285,1.1296296296296295,0.00201171875
b497b04ad8f423bf05fa,test,1,0.916641116142273,17638.0,0.7241434939975533,1.763872606075656,123.55902029708584,44.32985148936305,175.7479873001474,118.81539857126658,11.083059303775938,1.032258064516129,0.014353841145833334
b497b04ad8f423bf05fa,test,2,0.9091488122940063,34463.0,0.4903816528337276,1.8407153756707175,119.31430809854047,38.0876861201425,170.6745785334997,114.26875199489308,10.55488494907582,0.4265927977839335,0.028046061197916666
b497b04ad8f423bf05fa,test,3,0.8980147242546082,9141.0,0.792842905488343,1.7914524073102165,126.79269226561645,50.208553297038215,174.8004594683295,123.49917952084017,17.783284104583743,1.4042553191489362,0.00743896484375
b497b04ad8f423bf05fa,test,4,0.8930305242538452,27822.0,0.5926318146484978,1.8343930349102266,122.1164905470491,51.28566722434251,177.1380921572856,115.54812738120911,11.635971533318957,1.2912087912087913,0.0226416015625
b497b04ad8f423bf05fa,test,5,0.8863976001739502,18655.0,0.45084968956883514,1.845502794732582,115.13036719378182,38.076173104640446,162.55121951219513,111.04878048780488,11.731600107209863,2.2564102564102564,0.015181477864583333
b497b04ad8f423bf05fa,test,6,0.878399133682251,49151.0,0.34320107098553526,1.8418939618777124,141.64460539968667,49.10413390390674,196.52875831620923,138.2151329576204,15.32198734512014,0.75,0.03999918619791667
b497b04ad8f423bf05fa,test,7,0.8649885654449463,12288.0,0.7864705836657632,1.8010437502571988,133.391357421875,24.704103333855326,180.46663411458334,131.41935221354166,19.97265625,0.920863309352518,0.01
b497b04ad8f423bf05fa,test,8,0.8625717163085938,25541.0,0.5081226558292391,1.7832080289936374,138.77573313495947,47.90631289685367,193.8459339884891,135.19451078657843,12.780509768607336,1.4438202247191012,0.020785319010416668
b497b04ad8f423bf05fa,test,9,0.8161940574645996,23169.0,0.6568986737670862,1.7908860286625188,88.01640122577582,50.327378218847585,129.95692520177823,82.11342742457595,8.48875652811947,0.5895196506550219,0.01885498046875
b497b04ad8f423bf05fa,test,10,0.7930611371994019,4545.0,0.732698829878969,1.8368530571213038,144.92255225522553,32.273408244785955,201.84620462046203,140.97997799779978,15.888448844884488,0.5339805825242718,0.00369873046875
b497b04ad8f423bf05fa,test,11,0.755809485912323,17120.0,0.707425794857399,1.852043695528826,79.49766355140187,50.236556012146856,122.89258177570093,71.60508177570094,6.409170560747664,1.8738738738738738,0.013932291666666667
b497b04ad8f423bf05fa,test,12,0.6540935635566711,5400.0,0.7207625672757422,1.7500500821311722,157.98666666666668,18.960812609559085,214.55666666666667,155.62351851851852,21.587777777777777,1.6428571428571428,0.00439453125
b497b04ad8f423bf05fa,test,13,0.4258684813976288,1753.0,0.8696707705368719,1.7775326180814617,165.7775242441529,21.936968701490304,223.43867655447804,164.05077010838562,23.293211637193384,1.1136363636363635,0.0014265950520833334
b497b04ad8f423bf05fa,test,14,0.3075830042362213,5631.0,0.4475625965152533,1.8089798801655006,157.88936245782276,43.35214693327477,215.99840170484816,155.9163558870538,15.67856508613035,3.16,0.00458251953125
b5ed1c99bc4cf1671c8c,test,1,0.9450886845588684,44547.0,0.5643891024902539,1.7729880486921221,147.34940624508945,46.083281731904236,205.05439199048197,144.23712034480437,12.034211057983702,0.90625,0.03625244140625
b5ed1c99bc4cf1671c8c,test,2,0.9374570846557617,45244.0,0.5824428219521655,1.8439983620096037,108.48813102289806,47.30951985550604,163.51021129873575,100.0329546459199,7.734881973300327,1.2595744680851064,0.03681966145833333
b5ed1c99bc4cf1671c8c,test,3,0.9371766448020935,34322.0,0.6183135530107235,1.8201142068430791,100.92139152730027,47.34349111537723,153.9456034030651,92.27667385350505,6.378416176213507,0.6761565836298933,0.027931315104166667
b5ed1c99bc4cf1671c8c,test,4,0.9226090908050537,21941.0,0.5599202597929163,1.8594419432496783,95.91199124925937,44.371115714134056,144.16371177248075,88.68921197757622,6.537031128936694,2.088,0.017855631510416668
b5ed1c99bc4cf1671c8c,test,5,0.899558424949646,16531.0,0.49593848889238873,1.8694438176113946,140.95523561792996,43.76872837254818,201.19109551751257,135.42368882705222,11.435968785917368,0.45267489711934156,0.013452962239583333
b5ed1c99bc4cf1671c8c,test,6,0.8887642025947571,28713.0,0.4804530983399663,1.853222016221849,118.34305018632675,31.54081381006787,166.17546059276285,114.68519485947132,11.652457075192421,1.3296703296703296,0.02336669921875
b5ed1c99bc4cf1671c8c,test,7,0.8278486132621765,30992.0,0.523997578780063,1.8015903246585117,100.54785105833764,40.07036154625529,149.21321631388744,94.11612674238513,6.007711667527103,1.9622641509433962,0.025221354166666668
b5ed1c99bc4cf1671c8c,test,8,0.7662985920906067,3105.0,0.710609284800422,1.8219878397237244,174.52206119162642,32.02952914321958,233.61449275362318,175.96296296296296,11.994202898550725,1.8888888888888888,0.00252685546875
b5ed1c99bc4cf1671c8c,test,9,0.6914827823638916,31793.0,0.34638821092506117,1.7809325239762708,117.72041015317838,35.75222615999705,167.14880634101846,113.19079671625829,11.373792973296009,1.3130841121495327,0.02587320963541667
b5ed1c99bc4cf1671c8c,test,10,0.4941892921924591,3282.0,0.7077580482785882,1.8459457074363064,102.06032906764169,37.07252002857269,149.95124923826936,96.10999390615478,7.16819012797075,0.5529411764705883,0.0026708984375
b5ed1c99bc4cf1671c8c,test,11,0.47531574964523315,4920.0,0.6239104329368143,1.738330911644504,176.63882113821137,23.46951484512557,233.725,178.5361788617886,17.03028455284553,1.144578313253012,0.00400390625
b5ed1c99bc4cf1671c8c,test,12,0.2778601348400116,10461.0,0.4655874847814091,1.8218074530572055,110.28716183921232,34.801788103470116,159.5014816939107,105.10065959277316,7.951151897524137,0.6201117318435754,0.00851318359375
b6031c4910b2b0c062ed,test,1,0.913378894329071,29702.0,0.6386466953392594,1.8309052559221366,96.5859538078244,48.35559276120056,149.6047740892869,87.09672749309811,6.4180526563867755,0.8461538461538461,0.024171549479166665
b6031c4910b2b0c062ed,test,2,0.8463913798332214,10816.0,0.42785844440630844,1.7601574193489584,148.68204511834318,46.297254718677756,213.33089866863907,142.95220044378698,8.679456360946746,2.0202020202020203,0.008802083333333334
b6031c4910b2b0c062ed,test,3,0.7970907688140869,72512.0,0.22851757734537967,1.7397506952077644,116.30845928949691,46.22133150669226,175.79425474404238,107.13892872903796,7.549964143865843,0.5009487666034156,0.05901041666666667
b6031c4910b2b0c062ed,test,4,0.7955899834632874,106916.0,0.32574698124218693,1.853030902406166,104.72486812076771,41.388993843887235,154.66775786598825,97.83601144823974,9.207312282539563,0.759656652360515,0.08700846354166666
b6031c4910b2b0c062ed,test,5,0.7614075541496277,85349.0,0.1480985007248268,1.7396054261834644,143.2045952500908,40.950281810450115,202.45862283096463,138.4680898428804,12.165028295586357,0.8424015009380863,0.06945719401041667
b6031c4910b2b0c062ed,test,6,0.6966137290000916,84459.0,0.39274154240700165,1.8862201650217294,106.04682745474135,43.69203691073761,160.70599936063653,97.54209734900958,6.5085544465361895,0.5877712031558185,0.06873291015625
b6031c4910b2b0c062ed,test,7,0.6459484100341797,5374.0,0.37761007267801505,1.8227818766435793,159.63770003721623,20.968739922999745,215.7765165612207,158.57647934499442,17.65277260885746,3.5454545454545454,0.0043733723958333335
b6031c4910b2b0c062ed,test,8,0.6290969848632812,27725.0,0.6952992686227815,1.8339645934984978,118.81002705139765,51.426707426190504,178.92313796212804,109.63206492335438,8.502434625788998,0.95,0.022562662760416668
b6031c4910b2b0c062ed,test,9,0.5438236594200134,2098.0,0.8569809767489082,1.8046029555640868,190.49618684461393,9.435559110953614,243.75214489990466,195.36129647283127,25.485700667302194,0.9245283018867925,0.0017073567708333333
b6031c4910b2b0c062ed,test,10,0.4113083779811859,17884.0,0.4958146900871839,1.7605104698400007,155.6045068217401,31.035646344752973,210.05429434131068,153.60176694251845,22.98618877208678,1.2721518987341771,0.014554036458333334
b6031c4910b2b0c062ed,test,11,0.38592416048049927,3293.0,0.6560248064006982,1.7608030561565722,152.51260249013058,23.553937087503975,209.69784391132706,150.1891891891892,14.325539022168236,2.5641025641025643,0.0026798502604166666
b6031c4910b2b0c062ed,test,12,0.3267231583595276,3711.0,0.2958283427579763,1.6678967029263596,140.10239827539746,16.883061024893877,190.92266235516033,138.95311236863378,12.656157369981138,0.21637426900584794,0.00302001953125
b6031c4910b2b0c062ed,test,13,0.2508542537689209,2545.0,0.6416466207365795,1.7399237952324071,138.27897838899804,18.745822589984453,189.10923379174852,136.93752455795678,11.827897838899803,0.38202247191011235,0.002071126302083333
b6985ee08a05e69c5cf7,test,1,0.9190592169761658,11451.0,0.7154453405793202,1.8234595068993702,130.6883241638285,33.93824705959871,183.24312287136496,126.2711553576107,15.490524844991704,0.6604938271604939,0.00931884765625
b6985ee08a05e69c5cf7,test,2,0.9187440276145935,12476.0,0.6036373498951145,1.8337300081726973,160.86341776210324,32.23015986405693,212.61157422250722,159.8112375761462,30.445335043283105,0.6648351648351648,0.010152994791666667
b6985ee08a05e69c5cf7,test,3,0.8950934410095215,7988.0,0.7576511126032001,1.8181383205812085,139.61755132699048,32.395594441556824,197.09213820731097,134.1790185277917,16.821106659989987,1.25,0.006500651041666666
b6985ee08a05e69c5cf7,test,4,0.8781833648681641,7402.0,0.5934353109020718,1.7805962509191282,111.64509592002162,33.08451809137944,157.32896514455553,106.9454201567144,15.927181842745204,1.825,0.006023763020833333
b6985ee08a05e69c5cf7,test,5,0.8626111745834351,8471.0,0.6467292275664421,1.8340629491742795,148.1771927753512,17.961445066329123,197.81265494038485,146.91122653759888,24.351670404910873,0.9262295081967213,0.006893717447916667
b6985ee08a05e69c5cf7,test,6,0.855529248714447,13559.0,0.7812677190073973,1.856953440429116,152.9584777638469,37.187736812414,209.58883398480714,149.97647319123828,19.74113135186961,1.3565217391304347,0.011034342447916666
b6985ee08a05e69c5cf7,test,7,0.8539019227027893,7725.0,0.731090068406332,1.8272594044943333,135.19223300970873,26.592982829881397,185.47987055016182,132.2233009708738,18.478964401294498,0.7142857142857143,0.00628662109375
b6985ee08a05e69c5cf7,test,8,0.8405397534370422,5061.0,0.8455778981316192,1.8040814810631374,147.28373839162222,24.0014676808264,195.21813870776526,146.05572021339657,27.750839754989133,0.7789473684210526,0.00411865234375
b6985ee08a05e69c5cf7,test,9,0.7956530451774597,3716.0,0.7883458431764242,1.7228405022243445,133.83557588805166,18.188867832906734,181.96420882669537,131.31324004305705,20.421959095801938,0.85,0.0030240885416666667
b6985ee08a05e69c5cf7,test,10,0.7891678214073181,3974.0,0.8306366949721348,1.7519976859168662,154.73276295923503,29.350073644109003,212.19954705586312,151.74333165576246,19.37669854051334,0.9315068493150684,0.0032340494791666665
b6985ee08a05e69c5cf7,test,11,0.5216321349143982,2916.0,0.8926370207882743,1.7883643133181022,170.58710562414265,23.479720660492156,226.4056927297668,169.51543209876544,29.505144032921812,1.2641509433962264,0.002373046875
b6985ee08a05e69c5cf7,test,12,0.4745459258556366,2289.0,0.8570849744334781,1.8232206380924336,153.78418523372653,12.38598306372914,207.5993883792049,152.23066841415465,20.50677151594583,1.1153846153846154,0.00186279296875
b6985ee08a05e69c5cf7,test,13,0.46260616183280945,5421.0,0.5780883879800188,1.752140097672818,157.21066223943922,19.722785610134018,212.3777900756318,154.87400848551928,24.389780483305664,1.3375,0.00441162109375
b6985ee08a05e69c5cf7,test,14,0.4159257411956787,17572.0,0.3667163192972805,1.745257509693519,113.78710448440701,32.81623065174097,161.05457546096062,109.25500796722058,13.088891418165263,2.0863309352517985,0.014300130208333333
b6985ee08a05e69c5cf7,test,15,0.405105859041214,3516.0,0.8784719184609218,1.8039211519864784,137.52673492605234,9.155937773190008,179.35125142207053,136.49118316268488,33.04038680318544,1.0625,0.002861328125
b6985ee08a05e69c5cf7,test,16,0.3043573796749115,6948.0,0.4732972774368671,1.744434834029082,159.2856937248129,18.500960383496913,213.74553828439838,157.34542314335062,26.26698330454807,1.5360824742268042,0.005654296875
b6985ee08a05e69c5cf7,test,17,0.2631767988204956,1045.0,0.7667354968201097,1.850603343090771,198.26315789473685,7.072057798898028,245.08612440191388,206.13014354066985,34.59712918660287,1.6071428571428572,0.0008504231770833333
b71c68343e34bbda37fd,test,1,0.8797480463981628,19265.0,0.531717470046928,1.8004643272441787,147.0885543732157,54.42906456206503,202.39553594601608,145.057046457306,12.48336361276927,0.6714285714285714,0.015677897135416667
b71c68343e34bbda37fd,test,2,0.8499149680137634,11912.0,0.5335583695623978,1.7243564666166449,153.15035258562793,35.879274524057216,214.8089321692411,149.56724311618535,9.826645399597044,0.8859060402684564,0.009694010416666666
b71c68343e34bbda37fd,test,3,0.8183484673500061,13851.0,0.5373364834960886,1.7147394870747876,169.69800014439392,29.68848410918728,226.6305681900224,170.70110461338533,15.161143599740091,1.1208053691275168,0.01127197265625
b71c68343e34bbda37fd,test,4,0.7656376361846924,8846.0,0.5094483682919784,1.7962181943161697,133.07042731177933,38.52271047934184,189.99728690933756,128.2382997965182,8.607280126610897,1.191304347826087,0.007198893229166667
b71c68343e34bbda37fd,test,5,0.7525728940963745,110414.0,0.2774235059378726,1.8682253338037254,93.47060155415075,48.48796923363739,143.78629521618635,85.11764812433206,4.650678356005579,0.32142857142857145,0.08985514322916667
b71c68343e34bbda37fd,test,6,0.7221608757972717,42801.0,0.37873943910282226,1.8301578419568822,146.52765122310225,47.250195307864374,206.68549800238313,142.67026471344127,8.643419546272284,1.2570281124497993,0.03483154296875
b71c68343e34bbda37fd,test,7,0.5886985659599304,2195.0,0.8557093585307584,1.819105828509547,167.05466970387243,25.62746462072182,228.09567198177677,165.66514806378132,14.009111617312072,0.8448275862068966,0.0017862955729166666
b71c68343e34bbda37fd,test,8,0.5591117143630981,2198.0,0.8578390535040691,1.8089261955393998,162.41492265696087,17.239938059705445,223.64058234758872,160.34713375796179,12.342129208371247,1.18,0.0017887369791666668
b71c68343e34bbda37fd,test,9,0.47547006607055664,3218.0,0.8796486249340414,1.859293710731272,147.79738968303295,49.02257790255146,206.36171535114977,144.50994406463641,11.095400870105657,0.8571428571428571,0.0026188151041666666
b71c68343e34bbda37fd,test,10,0.4244108498096466,10276.0,0.5615300103391315,1.7614654830175116,181.35480731802258,28.20873989171726,237.4982483456598,185.55381471389646,12.40716231996886,1.015625,0.008362630208333333
b71c68343e34bbda37fd,test,11,0.3671738803386688,1460.0,0.8724763860352193,1.7296618577450693,161.31164383561645,15.626619413171419,217.9541095890411,160.4527397260274,16.96232876712329,1.024390243902439,0.0011881510416666666
b71c68343e34bbda37fd,test,12,0.3406565487384796,5421.0,0.24317537083747626,1.8122125070553297,164.9584947426674,36.502477372486986,224.73565762774396,163.82696919387567,13.925290536801327,0.3054187192118227,0.00441162109375
b71c68343e34bbda37fd,test,13,0.31994232535362244,25753.0,0.47183198170711216,1.7808592882412961,130.36197724536947,38.03860830759647,187.3893915272007,124.9469964664311,8.695530617792102,1.558139534883721,0.020957845052083333
b71c68343e34bbda37fd,test,14,0.318530797958374,2037.0,0.8664406782145968,1.803725020360011,204.59450171821305,10.513685552998828,251.14874815905745,215.92636229749633,23.778105056455573,0.9615384615384616,0.00165771484375
b71c68343e34bbda37fd,test,15,0.2627283036708832,710.0,0.7208259925982582,1.7436390440064207,156.043661971831,11.58809773539961,213.3338028169014,155.1338028169014,10.243661971830987,1.9130434782608696,0.0005777994791666667
b84231d198683a35216a,test,1,0.9264686703681946,15423.0,0.6171403346474728,1.7887019023643553,150.6099332166245,34.900121806696234,211.87771510082345,146.48550865590352,11.090579005381572,0.7606382978723404,0.01255126953125
b84231d198683a35216a,test,2,0.911296010017395,20061.0,0.6945587534630439,1.7867367447907239,142.381287074423,37.01030734897626,202.91206819201435,137.43377698021035,9.100991974477843,1.0545454545454545,0.01632568359375
b84231d198683a35216a,test,3,0.8492589592933655,9611.0,0.7652872005365134,1.835553148731706,123.11549266465508,36.20872652141174,175.78732702112163,118.52054937051295,8.522526271980023,0.751937984496124,0.007821451822916667
b84231d198683a35216a,test,4,0.8466143608093262,8097.0,0.806377393269598,1.8402044399821904,127.07200197604051,46.65217009993975,177.22897369396074,123.23416080029641,15.226503643324689,1.4204545454545454,0.00658935546875
b84231d198683a35216a,test,5,0.8379267454147339,12858.0,0.6043656658279424,1.697527966590017,131.90348421216365,34.36920538855755,186.01757660600404,127.94361487011977,10.269015398973401,1.014388489208633,0.0104638671875
b84231d198683a35216a,test,6,0.8278436660766602,31824.0,0.5984760302309071,1.8341296121041684,111.15328054298642,48.41815524119554,164.08320764203117,104.17364253393666,8.337732528909,0.8823529411764706,0.0258984375
b84231d198683a35216a,test,7,0.827158510684967,34478.0,0.3883480272281203,1.7994717012214871,125.16456871048204,46.54363857389342,180.304977086838,119.8927431985614,7.613521665989906,1.5721649484536082,0.028058268229166666
b84231d198683a35216a,test,8,0.8150907158851624,9401.0,0.5677060272016132,1.7777213633314015,129.2855015423891,32.74150808778655,181.80544622912456,125.66843952770982,10.024784597383258,0.5588235294117647,0.0076505533854166665
b84231d198683a35216a,test,9,0.8109081983566284,23377.0,0.5281169572068835,1.7606943152200603,155.81960901741027,36.546329265689394,213.17641271335074,154.1419771570347,13.998032253924798,0.5551470588235294,0.019024251302083333
b84231d198683a35216a,test,10,0.7897335886955261,12862.0,0.7071794838668477,1.7371210383044982,129.2817602239154,35.62152781306905,180.259368682942,125.82483284092676,13.300108847768621,1.056338028169014,0.010467122395833334
b84231d198683a35216a,test,11,0.7026049494743347,10100.0,0.6150944165845984,1.8001620952433026,159.24772277227723,41.95890516370758,218.62495049504952,158.14267326732673,9.1709900990099,1.9431818181818181,0.008219401041666666
b84231d198683a35216a,test,12,0.5944318771362305,47511.0,0.29850637866913265,1.8150454974834356,98.88966765591127,33.24489044640934,144.95066405674476,93.16242554355833,7.535286565216476,0.43207126948775054,0.03866455078125
b84231d198683a35216a,test,13,0.5282605886459351,20052.0,0.5346714951670323,1.7594190081977557,152.8880909634949,47.022084652309665,208.64412527428686,151.60602433672452,13.255236385397966,1.8175182481751824,0.016318359375
b84231d198683a35216a,test,14,0.4509711265563965,2098.0,0.8364255689458021,1.80633164837225,154.71067683508102,26.29762356499725,213.43088655862726,152.1344137273594,13.804575786463298,0.875,0.0017073567708333333
b84231d198683a35216a,test,15,0.44142818450927734,21640.0,0.4665337062340689,1.781216544130595,109.58701478743069,39.45661188448317,156.68165434380776,104.73632162661738,11.000739371534197,0.4868913857677903,0.017610677083333335
b84231d198683a35216a,test,16,0.4312877953052521,17343.0,0.46450889215045094,1.736443014891597,115.6764688923485,35.36183233713563,165.04820388629417,110.67525802917604,11.884795018162947,1.0507614213197969,0.01411376953125
b84231d198683a35216a,test,17,0.4170529544353485,10275.0,0.6773135928250452,1.8373735507454587,113.36515815085158,33.30090772254271,162.15114355231142,108.35688564476885,11.140632603406326,0.7315436241610739,0.00836181640625
b84231d198683a35216a,test,18,0.40580421686172485,79013.0,0.12965653706949676,1.7633279338218604,102.52257223494868,35.50640267314585,149.09950261349397,96.9838634148811,8.843165048789439,0.8730512249443207,0.06430094401041667
b84231d198683a35216a,test,19,0.32294026017189026,3723.0,0.6676671101438852,1.8513549408458294,188.453934998657,21.823301153458903,241.8777867311308,194.88477034649478,15.135374697824336,1.5964912280701755,0.00302978515625
b84231d198683a35216a,test,20,0.26661574840545654,1171.0,0.6365634875106674,1.8289354047115285,187.20495303159692,11.371110084496106,244.03159692570452,191.71733561058923,14.780529461998292,2.608695652173913,0.0009529622395833333
b9409b19b22f55a54be9,test,1,0.8511790633201599,17060.0,0.48557230777137034,1.8035103761901332,137.91236811254396,42.455297496099504,200.3614302461899,132.1643610785463,3.8425556858147716,0.9430379746835443,0.013883463541666667
b9409b19b22f55a54be9,test,2,0.8149473071098328,10313.0,0.6778910521465237,1.8168085835821448,132.89246581983903,39.94064216068773,196.89770192960341,125.50654513720546,3.256569378454378,2.0,0.008392740885416666
b9409b19b22f55a54be9,test,3,0.7907724976539612,3678.0,0.8545149204393705,1.859711143851246,126.33088635127787,41.69618197023131,187.88771071234368,118.91299619358347,3.1854268624252313,1.2033898305084745,0.0029931640625
b9409b19b22f55a54be9,test,4,0.7458624839782715,16930.0,0.40387427957590216,1.853431567841351,133.75776727702305,39.8962339868331,196.51943295924394,127.20862374483166,3.0316597755463675,0.3884297520661157,0.013777669270833333
b9409b19b22f55a54be9,test,5,0.740321934223175,7001.0,0.6352367068016398,1.800103924217251,128.40608484502215,46.09192683426444,185.65990572775317,122.53578060277103,8.467218968718754,0.6796875,0.0056974283854166665
b9409b19b22f55a54be9,test,6,0.6943600177764893,64944.0,0.2607209848913064,1.7545130901340529,116.48276977087953,48.3617864104936,176.03710889381622,108.26629095836412,2.7551428923380143,1.3668831168831168,0.0528515625
b9409b19b22f55a54be9,test,7,0.6759853959083557,4406.0,0.8707219740349882,1.7107850588428617,170.8202451202905,16.15886318134718,230.87358147980027,171.6645483431684,8.800499319110305,0.8734177215189873,0.003585611979166667
b9409b19b22f55a54be9,test,8,0.6481687426567078,7330.0,0.8511006290350056,1.8226974236563829,134.768758526603,42.18917159603191,196.95197817189631,128.19836289222374,5.591950886766712,1.1304347826086956,0.005965169270833333
b9409b19b22f55a54be9,test,9,0.575515866279602,5043.0,0.8150842323761593,1.741178445096411,134.6991869918699,33.835585563423066,199.53797342851476,127.1211580408487,3.7681935355938925,1.011764705882353,0.00410400390625
b9409b19b22f55a54be9,test,10,0.511784017086029,12571.0,0.5827375814532704,1.742716188587413,98.17261952112004,49.51375161878496,150.22599634078435,90.30665818152892,2.2767480709569643,0.8733333333333333,0.010230305989583334
b9409b19b22f55a54be9,test,11,0.48742666840553284,75386.0,0.18947871044638315,1.7501916409873202,123.23139574987398,40.01964032661244,185.82600217547025,114.72581115857055,2.9501498952060063,0.5906642728904847,0.061349283854166665
b9409b19b22f55a54be9,test,12,0.4534611105918884,15108.0,0.5534240789462196,1.8535907825382631,105.54904686258935,38.18123061416774,163.4534021710352,96.17639661106699,2.093394228223458,0.45248868778280543,0.012294921875
b9409b19b22f55a54be9,test,13,0.44427722692489624,2505.0,0.48946993112494874,1.7424189292873506,143.3005988023952,27.465272204843455,206.94171656686626,138.237125748503,2.546107784431138,0.6493506493506493,0.00203857421875
b9409b19b22f55a54be9,test,14,0.43753913044929504,12214.0,0.47925565779213,1.695798124252602,133.32184378581954,32.01406610175094,200.2596201080727,124.45816276404126,3.542983461601441,1.25,0.009939778645833333
b9409b19b22f55a54be9,test,15,0.43333688378334045,1058.0,0.6987277715352409,1.8144227673304723,133.14744801512288,24.912834776226536,190.69187145557655,129.11720226843101,2.931947069943289,2.12,0.0008610026041666667
b9409b19b22f55a54be9,test,16,0.40850120782852173,18756.0,0.3617453890614647,1.757651193379284,109.69524418852633,48.91136586957501,169.1671465131158,100.22078268287481,2.7267007890808275,0.7733333333333333,0.015263671875
b9409b19b22f55a54be9,test,17,0.40576568245887756,1538.0,0.6500677883530891,1.8569631234071586,166.07152145643693,13.9229752922341,231.34590377113133,164.16514954486345,4.795838751625488,2.3448275862068964,0.0012516276041666667
b9409b19b22f55a54be9,test,18,0.3968125283718109,11779.0,0.528818755215019,1.858457968528538,99.66508192546057,45.63674618971287,157.34035147296035,89.1991680108668,2.4885813736310385,0.6702702702702703,0.009585774739583334
b9409b19b22f55a54be9,test,19,0.3947855830192566,1805.0,0.5624854394238848,1.8454698729039147,136.86592797783933,40.80889557695576,198.81218836565097,131.2005540166205,3.643213296398892,0.37037037037037035,0.0014689127604166667
b9409b19b22f55a54be9,test,20,0.27211323380470276,32466.0,0.1945896373860701,1.755876036330715,106.71154438489496,48.330551652535426,165.49436333394937,96.99177601182775,2.8008994024517957,0.4036697247706422,0.0264208984375
b9409b19b22f55a54be9,test,21,0.2669915556907654,13848.0,0.8131172176370035,1.8693089755103,101.3316002310803,55.3410081896331,157.09337088388216,92.19547949162335,2.3102975158867705,0.8355263157894737,0.01126953125
b9409b19b22f55a54be9,test,22,0.2526315450668335,33886.0,0.15578531012208832,1.8452611558531211,118.45222215664286,40.13015114716863,178.2766924393555,110.49486513604438,2.630732455881485,0.1781609195402299,0.027576497395833333
b9409b19b22f55a54be9,test,23,0.250173419713974,3286.0,0.7690235284119318,1.7195226055758572,118.52617163724894,41.61317696390867,176.9674376141205,110.33718807060255,7.5197808886183815,0.9054054054054054,0.0026741536458333333
b9b447b2ef45182acd2f,test,1,0.9173686504364014,45225.0,0.5375188418791943,1.8698553009034757,131.85421779988945,40.06999068944183,196.55153123272527,123.58507462686568,4.822863460475401,1.1872509960159363,0.03680419921875
b9b447b2ef45182acd2f,test,2,0.8629015684127808,18321.0,0.6260115946388624,1.7912908830682377,159.24360024016156,34.601796315901154,222.57999017520876,156.5154740461765,7.197369139239124,1.3819444444444444,0.01490966796875
b9b447b2ef45182acd2f,test,3,0.7843776345252991,13549.0,0.6961164178227789,1.856688149862764,138.71872462912393,31.516471822361734,201.65953206878737,132.7830098162226,4.1975053509484095,0.6,0.011026204427083333
b9b447b2ef45182acd2f,test,4,0.7746074795722961,27345.0,0.4712702565233535,1.8167527420839946,120.50799049186323,32.548530796005466,176.6532821356738,113.88813311391479,7.329054671786433,0.9957805907172996,0.02225341796875
b9b447b2ef45182acd2f,test,5,0.7733638286590576,171679.0,0.2359061172421953,1.8387056887869129,94.76855643380961,45.12199303757146,147.44873280948747,85.59866961014451,3.9046359776093755,2.079800498753117,0.13971272786458333
b9b447b2ef45182acd2f,test,6,0.7225382924079895,4466.0,0.6370419989574571,1.8267534810340957,171.2512315270936,29.76813712611829,228.39811912225704,172.64442454097627,14.165472458575907,1.7413793103448276,0.0036344401041666667
b9b447b2ef45182acd2f,test,7,0.7136567234992981,13770.0,0.4642464123930853,1.8636534146131014,120.41757443718228,40.053523510490166,176.85984023238925,114.11190994916485,4.842047930283225,1.6875,0.0112060546875
b9b447b2ef45182acd2f,test,8,0.6681589484214783,26400.0,0.5027763009616752,1.7644143100507497,141.7807196969697,29.095301600767296,203.69984848484847,136.53537878787878,6.353977272727272,0.5354609929078015,0.021484375
b9b447b2ef45182acd2f,test,9,0.635767936706543,6000.0,0.8753936987234601,1.794765540804684,147.97833333333332,33.328169224979774,210.65266666666668,142.944,9.505166666666666,0.8387096774193549,0.0048828125
b9b447b2ef45182acd2f,test,10,0.5623181462287903,16663.0,0.5847311455439943,1.840239365212573,174.6725679649523,34.4725306589234,234.04158914961292,176.81846006121347,7.858248814739243,1.7241379310344827,0.013560384114583334
b9b447b2ef45182acd2f,test,11,0.5275171399116516,66011.0,0.43253008662620146,1.7879088085909889,153.61242823165836,44.288020585542284,214.87812637287726,150.86985502416263,7.076956870824559,1.2246835443037976,0.053719889322916665
b9b447b2ef45182acd2f,test,12,0.4839192032814026,18272.0,0.49244144733773704,1.7634781515922968,152.10710376532398,41.37711097858411,213.70692863397548,148.40646891418564,9.594406742556918,0.8483412322274881,0.014869791666666667
b9b447b2ef45182acd2f,test,13,0.4147050976753235,2178.0,0.8251428340002068,1.8158899803198758,183.63085399449037,6.821655903188805,244.38154269972452,186.04820936639118,11.59504132231405,0.8947368421052632,0.0017724609375
b9b447b2ef45182acd2f,test,14,0.3813246190547943,5460.0,0.7539725799114356,1.764499336847545,180.75,24.67149647052724,240.05,183.89688644688644,8.95018315018315,1.0813953488372092,0.004443359375
b9b447b2ef45182acd2f,test,15,0.321662038564682,2617.0,0.6727504003824667,1.808165189770167,155.60947649980895,22.811189299831714,219.42835307604128,151.48910966755827,9.257164692395873,0.7012987012987013,0.002129720052083333
b9b447b2ef45182acd2f,test,16,0.3202953636646271,9102.0,0.5593749933991964,1.8491061999446583,165.86914963744232,39.255143464546485,226.75346077785102,165.70259283673917,7.031201933640958,1.0892857142857142,0.0074072265625
b9b447b2ef45182acd2f,test,17,0.3058485686779022,1422.0,0.6034373801073059,1.8293127938013767,168.64627285513362,13.951721943191139,225.4099859353024,169.57805907172997,14.784810126582279,2.3793103448275863,0.0011572265625
b9b447b2ef45182acd2f,test,18,0.2740687429904938,2391.0,0.8486033293787946,1.782750698817126,177.61647846089502,12.139391703372674,240.38644918444166,177.94562944374738,11.211208699289001,1.2745098039215685,0.00194580078125
bae512179fee29f02c8b,test,1,0.7038644552230835,26605.0,0.5110283320308043,1.8422446531962267,134.47645179477541,43.76509732133935,205.97925202029694,123.92967487314415,1.2093591430182296,2.064748201438849,0.021651204427083334
bae512179fee29f02c8b,test,2,0.6957969069480896,29630.0,0.5989677789550083,1.8061391237291131,121.40863989200135,48.86806754160653,189.43250084373946,110.04522443469456,1.4784340195747554,1.8940397350993377,0.024112955729166666
bae512179fee29f02c8b,test,3,0.6918790936470032,16263.0,0.47587522169047664,1.753879171362946,132.35202607145052,45.906044453236134,202.18994035540797,122.19117014081043,1.4815224743282298,1.037837837837838,0.01323486328125
bae512179fee29f02c8b,test,4,0.6528554558753967,8837.0,0.699670694138989,1.8419480027271244,125.69548489306325,36.60268952065769,191.12990833993436,116.5420391535589,1.1485798347855607,1.0172413793103448,0.007191569010416667
bae512179fee29f02c8b,test,5,0.5129282474517822,11160.0,0.8469513983692933,1.8168722146860463,71.1363799283154,53.57151488400123,116.99767025089606,61.370609318996415,1.1481182795698925,1.1304347826086956,0.00908203125
bae512179fee29f02c8b,test,6,0.46937185525894165,8246.0,0.8894623326204089,1.8281946876454298,124.61156924569488,32.94271565474574,194.86829978171235,112.74787775891342,1.3657530924084405,0.9428571428571428,0.006710611979166667
bae512179fee29f02c8b,test,7,0.42055773735046387,10626.0,0.7454982103385321,1.8244037882698427,116.09627329192547,46.748709018352436,182.8481084133258,104.32429888951629,1.5965556182947487,0.6283783783783784,0.0086474609375
bae512179fee29f02c8b,test,8,0.41432517766952515,8438.0,0.6907277951857997,1.850885983173235,116.82199573358616,38.692187891599076,182.38765110215692,105.77577625029627,1.71438729556767,1.2842105263157895,0.006866861979166666
bae512179fee29f02c8b,test,9,0.40165138244628906,33516.0,0.5328547414340142,1.7959923808121485,124.06012053944384,47.090165059563596,193.0968791025182,112.69429526196444,1.4821279388948563,0.6305732484076433,0.027275390625
bae512179fee29f02c8b,test,10,0.3964422345161438,29328.0,0.7743269769722374,1.8549970356540357,77.52229950900164,53.69913743658719,132.82832105837426,64.13042144026187,1.4046985815602837,1.1612903225806452,0.0238671875
bae512179fee29f02c8b,test,11,0.37935617566108704,17869.0,0.8287825515529864,1.7731411675159114,78.03934187699367,44.90088159470198,134.27785550394537,64.41317365269461,0.7252784151323521,1.198581560283688,0.014541829427083333
bae512179fee29f02c8b,test,12,0.362216055393219,10049.0,0.599381574243495,1.8020563770023312,118.13225196536969,48.38091185393156,185.0750323415265,106.64105881182208,1.7208677480346304,1.3559322033898304,0.008177897135416667
bae512179fee29f02c8b,test,13,0.3015282154083252,12069.0,0.5216466144242417,1.7380842622730164,174.40243599304003,17.818187593841397,238.5643383876046,175.0781340624741,2.546109868257519,0.9177215189873418,0.00982177734375
bae512179fee29f02c8b,test,14,0.2876625955104828,68651.0,0.4003207747781998,1.807200547955477,112.17711322486198,60.6942082466587,173.66284540647624,102.26678416920366,1.916592620646458,1.5445544554455446,0.05586832682291667
bae512179fee29f02c8b,test,15,0.26982060074806213,23484.0,0.39899127495181047,1.8005114816832657,124.26937489354454,48.87722249851963,191.18003747232157,113.94796457162323,1.9011241696474195,1.2820512820512822,0.019111328125
bc9886e37c0ba4e4b549,test,1,0.9374295473098755,36849.0,0.42712279910552653,1.869717179150268,116.91839670004613,41.030534720803665,169.20711552552308,111.38945425927433,8.226600450487123,1.0204918032786885,0.02998779296875
bc9886e37c0ba4e4b549,test,2,0.6959053874015808,4261.0,0.6783488122627342,1.824614658845607,112.51114761793006,37.075915321759645,158.67237737620277,108.83994367519362,10.376437455996244,1.9811320754716981,0.0034676106770833333
bc9886e37c0ba4e4b549,test,3,0.6825596690177917,20167.0,0.6466343254858152,1.814164172369247,130.51197500867755,46.5337174809736,184.0664947686815,125.73461595676105,14.608270937670452,0.7889447236180904,0.016411946614583332
bc9886e37c0ba4e4b549,test,4,0.6293566823005676,1937.0,0.670543304505323,1.8925486136117513,161.30665978316986,20.38670854835622,215.12287041817243,161.09447599380485,21.066081569437273,2.466666666666667,0.0015763346354166667
bc9886e37c0ba4e4b549,test,5,0.49674609303474426,98165.0,0.16682524379902441,1.728430173524438,145.68307441552489,45.21696949422133,198.792930270463,143.9951102735191,15.053084093108541,3.2906976744186047,0.07988688151041666
bc9886e37c0ba4e4b549,test,6,0.2615009546279907,7256.0,0.7618769312571889,1.810585030130181,122.09729878721059,50.43511243193657,170.13340683572216,118.09412899669239,16.69170341786108,0.9537037037037037,0.005904947916666667
bd49f1ecdf3e4ccca52e,test,1,0.9305747151374817,9090.0,0.6896559941730532,1.8107447695247891,124.38074807480749,27.14884862012715,172.97381738173817,121.15126512651266,13.487788778877889,0.8062015503875969,0.0073974609375
bd49f1ecdf3e4ccca52e,test,2,0.92646723985672,18770.0,0.6214896194729247,1.7631812990526297,107.1607884922749,66.64645176838309,153.14890783164626,102.17171017581246,12.306393180607353,0.7128712871287128,0.015275065104166667
bd49f1ecdf3e4ccca52e,test,3,0.8953799605369568,67963.0,0.4929501756108942,1.8012955863188325,98.877712873181,52.41568195531053,148.70647263952443,91.02622014919883,8.654135338345865,0.5904139433551199,0.05530843098958333
bd49f1ecdf3e4ccca52e,test,4,0.88746577501297,16902.0,0.6910574976111798,1.9036507134815526,120.42486096319962,45.435500355411925,167.42225772097976,117.31540646077387,13.20447284345048,1.3464566929133859,0.0137548828125
bd49f1ecdf3e4ccca52e,test,5,0.8010088205337524,20481.0,0.5017001966456686,1.7724903331745236,110.89688003515454,48.46198556852168,161.04042771349054,104.62106342463747,11.647575801962795,0.8028169014084507,0.01666748046875
bd49f1ecdf3e4ccca52e,test,6,0.7811360359191895,30077.0,0.32610513723407614,1.6721097278512702,108.06729394553979,41.7882757790687,154.88705655484256,102.90976493666257,11.788875220267979,1.132841328413284,0.024476725260416665
bd49f1ecdf3e4ccca52e,test,7,0.6445996761322021,2343.0,0.5838271881583438,1.718453152077157,175.33290653008962,25.012112583474508,227.41015791720017,177.50149381135296,27.48143405889885,2.8181818181818183,0.00190673828125
bd49f1ecdf3e4ccca52e,test,8,0.5797940492630005,10877.0,0.8121921527227307,1.8858829978648088,105.54546290337409,48.05546614566717,160.58839753608532,96.26624988507861,8.9889675461984,0.9838709677419355,0.008851725260416667
bd49f1ecdf3e4ccca52e,test,9,0.4268786609172821,2773.0,0.8237024779697966,1.772451838180621,164.54561846375768,29.867706137422207,220.37252073566535,163.66173818968625,22.62567616300036,0.782608695652174,0.0022566731770833335
bd49f1ecdf3e4ccca52e,test,10,0.3696901500225067,1560.0,0.8619208251612442,1.753535744948086,146.09551282051282,24.16729577328472,199.20064102564103,143.7846153846154,18.584615384615386,0.9148936170212766,0.00126953125
bd49f1ecdf3e4ccca52e,test,11,0.31719839572906494,3262.0,0.6930764067933374,1.8636919948923942,99.97087676272226,44.76129971943169,141.60852237890865,95.64132434089515,13.070815450643776,1.8571428571428572,0.0026546223958333333
bd9d7dbd41e412ff1edd,test,1,0.9272562265396118,90100.0,0.4061435639306988,1.8105460069779777,119.3595449500555,34.91584103174177,171.523140954495,113.90970033296337,10.550432852386237,1.056555269922879,0.07332356770833333
bd9d7dbd41e412ff1edd,test,2,0.8540027141571045,36517.0,0.29922847088012816,1.7786218959736282,136.74017580852754,27.463008795436757,196.77722704493797,130.97275241668265,8.879918941862694,0.6285714285714286,0.029717610677083332
bd9d7dbd41e412ff1edd,test,3,0.841618537902832,7583.0,0.6848386112340301,1.8110459722006997,142.8980614532507,30.744453855923872,206.21442700778056,136.56231043122776,9.357905842015034,0.8782608695652174,0.006171061197916667
bd9d7dbd41e412ff1edd,test,4,0.7254558801651001,16082.0,0.6366083174783781,1.7827693855908036,127.10353189901754,42.834614126358936,187.80947643327946,119.27428180574556,8.13157567466733,0.8235294117647058,0.013087565104166667
bd9d7dbd41e412ff1edd,test,5,0.7220727801322937,8632.0,0.6563378332573114,1.8295960273613268,117.31939295644115,51.92017117097142,174.86550046339204,109.03822984244671,8.967330861909176,1.0625,0.007024739583333333
bd9d7dbd41e412ff1edd,test,6,0.68195641040802,39465.0,0.5846783401091107,1.8418014124573099,136.40727226656531,27.435338634258226,194.6592677055619,131.4106930191309,9.274243000126695,0.44598337950138506,0.03211669921875
bd9d7dbd41e412ff1edd,test,7,0.6378195285797119,2902.0,0.6513890456742324,1.8399271716565209,165.71640248104757,22.06157662258973,228.74396967608547,162.6905582356995,15.903170227429358,0.4574468085106383,0.0023616536458333334
bd9d7dbd41e412ff1edd,test,8,0.6345579028129578,1923.0,0.5232016202000606,1.8571122680105239,134.2761310452418,13.715828799389921,188.67186687467498,130.6489859594384,10.167446697867915,3.76,0.00156494140625
bd9d7dbd41e412ff1edd,test,9,0.6026356220245361,1584.0,0.7437195061627705,1.7157941411729294,134.69823232323233,8.12550523100916,188.11426767676767,131.6786616161616,10.02020202020202,0.5862068965517241,0.0012890625
bd9d7dbd41e412ff1edd,test,10,0.585268497467041,1684.0,0.6438330798504508,1.7524876650950585,136.70724465558195,9.562293315581142,190.82779097387174,133.1977434679335,12.660332541567696,1.7435897435897436,0.0013704427083333333
bd9d7dbd41e412ff1edd,test,11,0.5319495797157288,34697.0,0.4806394339628631,1.6699732747985037,149.1779404559472,40.65799318205865,211.51920915352912,144.15269331642506,11.52410871256881,1.053639846743295,0.028236490885416667
bd9d7dbd41e412ff1edd,test,12,0.5258932709693909,3281.0,0.29651336461552974,1.7554485345581554,127.71075891496496,16.797560364530053,182.49344711978054,122.75678146906431,9.498018896677841,3.7333333333333334,0.002670084635416667
bd9d7dbd41e412ff1edd,test,13,0.5184693932533264,5070.0,0.727336889568682,1.8673647463063685,132.70019723865877,12.439806151279548,185.28816568047338,129.26607495069032,12.291913214990139,1.8524590163934427,0.0041259765625
bd9d7dbd41e412ff1edd,test,14,0.49638426303863525,5317.0,0.7108079260433596,1.7471368986884335,154.25089336091781,25.491723528460824,214.05980816249766,150.78427684784654,15.130148580026331,0.7156862745098039,0.004326985677083333
bd9d7dbd41e412ff1edd,test,15,0.495387464761734,6305.0,0.2866881272772628,1.7309819474992967,176.29214908802538,21.781868142078604,232.46645519429023,177.39349722442506,23.15511498810468,6.363636363636363,0.0051310221354166664
bd9d7dbd41e412ff1edd,test,16,0.47976410388946533,4801.0,0.5239337063347582,1.798175783216202,172.07706727765049,21.80288646433986,229.53093105603,171.66777754634452,23.371380962299522,3.340909090909091,0.0039070638020833335
bd9d7dbd41e412ff1edd,test,17,0.4776504933834076,24372.0,0.6738267871349232,1.8104829757783092,144.5249056294108,44.833888334338084,206.09617593960283,139.0402100771377,11.263129821106187,0.7468354430379747,0.019833984375
bd9d7dbd41e412ff1edd,test,18,0.4322531819343567,1334.0,0.6218781096571258,1.7531612758427308,188.9160419790105,15.877118947504307,241.61319340329834,194.67166416791605,20.94902548725637,2.68,0.0010856119791666666
bd9d7dbd41e412ff1edd,test,19,0.3790104389190674,8352.0,0.6811545714284879,1.805609437597946,155.42013888888889,25.655479566390415,220.23036398467434,150.5287356321839,10.63014846743295,1.5434782608695652,0.006796875
bd9d7dbd41e412ff1edd,test,20,0.2685970366001129,2210.0,0.7255854484096173,1.7854950455849756,122.73076923076923,17.90574628679344,177.5945701357466,116.74027149321267,9.694117647058823,1.4565217391304348,0.0017985026041666666
be7dff298c49aa27f2f9,test,1,0.9082949757575989,13944.0,0.5695320847506778,1.8352978230658572,107.50394434882386,41.320051510689254,159.35721457257603,100.36395582329317,8.24935456110155,0.4722222222222222,0.01134765625
be7dff298c49aa27f2f9,test,2,0.892314076423645,31076.0,0.576476532384831,1.780678478933744,144.85364911829063,40.262331787015576,205.18223066031663,140.01969365426694,11.54340970523877,1.1945701357466063,0.025289713541666668
be7dff298c49aa27f2f9,test,3,0.8726997971534729,8623.0,0.7851268430921462,1.8407479427784383,149.22474776759827,32.55522331510592,210.22950249333178,144.63585759016584,12.81213034906645,0.816,0.007017415364583333
be7dff298c49aa27f2f9,test,4,0.8651378154754639,7501.0,0.8226803611132156,1.8305370442320124,147.41914411411813,27.14478555578669,205.48380215971204,143.59992001066524,14.69084122117051,0.8363636363636363,0.0061043294270833335
be7dff298c49aa27f2f9,test,5,0.8438887596130371,15851.0,0.4266699215182507,1.750304044777705,163.4124030029651,29.506757471066706,225.12049712951864,161.6048829726831,10.890795533404832,1.1464968152866242,0.012899576822916667
be7dff298c49aa27f2f9,test,6,0.823813259601593,20303.0,0.46429933558077485,1.788185908979383,115.96980741762302,36.677230714922814,167.61931734226468,110.5408560311284,8.41594838201251,1.851063829787234,0.016522623697916666
be7dff298c49aa27f2f9,test,7,0.7987009286880493,8585.0,0.6076289302578468,1.7674804868439336,152.92347117064648,29.387691749950562,215.17367501456027,148.46767617938264,12.500757134536983,1.8333333333333333,0.006986490885416667
be7dff298c49aa27f2f9,test,8,0.6806170344352722,41701.0,0.4451468197214421,1.855773284638233,103.49555166542768,35.70745960600791,152.50504784057935,97.03865614733459,8.175751181026834,0.7801857585139319,0.03393636067708333
be7dff298c49aa27f2f9,test,9,0.6715413928031921,20063.0,0.3923361720941054,1.778180852525682,109.09554902058515,41.540894393588424,160.48990679360017,102.46852414893087,8.365947266111748,1.9556962025316456,0.016327311197916666
be7dff298c49aa27f2f9,test,10,0.6685997247695923,3178.0,0.7614590406174827,1.851840875496618,132.0981749528005,26.33688754399328,189.56765261170548,127.39741976085588,5.616425424795469,1.6041666666666667,0.0025862630208333334
be7dff298c49aa27f2f9,test,11,0.6299684643745422,89157.0,0.35022900240004695,1.8595690636961508,81.04644615677961,40.569874257779276,129.0751707661765,71.19354621622531,5.85374115324652,1.2690058479532165,0.07255615234375
be7dff298c49aa27f2f9,test,12,0.586621105670929,18496.0,0.7021511982536841,1.8182858788485015,105.49681012110727,41.69288551572607,156.8117971453287,98.37040441176471,7.571691176470588,1.1210191082802548,0.015052083333333334
be7dff298c49aa27f2f9,test,13,0.4453516900539398,5971.0,0.44622035649474845,1.804304612961905,112.48149388712109,30.551686987875907,162.46893317702228,107.50862502093452,7.016077708926478,0.29545454545454547,0.004859212239583333
be7dff298c49aa27f2f9,test,14,0.2735399007797241,1061.0,0.26925276249707164,1.8039681510931538,143.5626767200754,8.61399043936421,196.02733270499527,141.41941564561733,16.66258246936852,7.428571428571429,0.0008634440104166667
bf3094a05c96e0536d6f,test,1,0.8936805129051208,14539.0,0.5933673563726859,1.9181025149417061,95.54391636288604,39.37517416720328,142.90501410000687,89.05633124699085,4.769516472934865,0.5837837837837838,0.011831868489583333
bf3094a05c96e0536d6f,test,2,0.8444179892539978,42161.0,0.3595646571768645,1.7637380302197239,128.3656222575366,34.80820290691379,187.5241573966462,121.97431275349257,6.114228789639714,0.8859934853420195,0.034310709635416665
bf3094a05c96e0536d6f,test,3,0.8055421113967896,19990.0,0.6710585141658841,1.7859827616338182,125.23001500750375,46.12098971613654,181.6000500250125,119.31165582791395,7.842821410705353,0.7473118279569892,0.016267903645833335
bf3094a05c96e0536d6f,test,4,0.7782093286514282,7171.0,0.7518968689920859,1.7985333158521297,138.63031655278203,25.96071758996126,193.49477060382094,136.26021475386975,6.865430204992331,1.12,0.005835774739583333
bf3094a05c96e0536d6f,test,5,0.6488888263702393,36174.0,0.28477388153928596,1.8119434653743103,117.92099297838226,36.07984463315329,165.1997290871897,115.16265826284071,8.123762923646819,1.5820895522388059,0.0294384765625
bf3094a05c96e0536d6f,test,6,0.5597951412200928,3255.0,0.9024688240831267,1.8247855465194491,145.97173579109062,14.113968848239947,196.4568356374808,146.83717357910908,9.048847926267282,1.0793650793650793,0.00264892578125
bf3094a05c96e0536d6f,test,7,0.5584927797317505,3652.0,0.8636988638676868,1.8575525216871884,188.7289156626506,15.55088832639072,239.76369112814896,196.67579408543264,13.869934282584884,1.1587301587301588,0.0029720052083333334
bf3094a05c96e0536d6f,test,8,0.556646466255188,5853.0,0.8347501636005177,1.7864200802446264,153.79788142832734,30.352814295862082,213.7681530838886,151.564667691782,8.033999658294892,1.0689655172413792,0.00476318359375
bf3094a05c96e0536d6f,test,9,0.5314378142356873,14847.0,0.6585333838645487,1.7694834348474393,133.7018926382434,35.280941537598,189.8867111200916,129.9205900181855,5.814777396106957,1.0194805194805194,0.01208251953125
bf3094a05c96e0536d6f,test,10,0.5075544118881226,4045.0,0.5062282917225035,1.6712745659110426,134.75352286773796,48.77198344259114,188.2051915945612,131.46056860321386,11.519406674907293,0.839622641509434,0.003291829427083333
bf3094a05c96e0536d6f,test,11,0.5035540461540222,36184.0,0.30169245329785443,1.8006209101830855,168.92952686270175,29.80991640013799,225.30687596727836,171.04427371213797,10.177592305991599,1.3470319634703196,0.029446614583333332
bf3094a05c96e0536d6f,test,12,0.48983222246170044,15171.0,0.2809379438860676,1.7261331064171905,114.22971458704106,40.83022984120525,164.86210533254234,109.3350471293916,6.6172302419089055,1.8903225806451613,0.01234619140625
bf3094a05c96e0536d6f,test,13,0.44631773233413696,59353.0,0.323402665175412,1.8015541508679631,127.48912439135343,40.68362819758132,186.98284838171617,121.18066483581285,4.0219028524253195,1.0254957507082152,0.04830159505208333
bf3094a05c96e0536d6f,test,14,0.42166972160339355,29922.0,0.43948164206614876,1.8360043942434783,128.93643473029877,40.780705504068536,187.93279192567343,122.81578771472495,5.762181672348105,0.9959016393442623,0.0243505859375
bf3094a05c96e0536d6f,test,15,0.32871997356414795,2035.0,0.7241196561005798,1.7474881451975293,161.48206388206387,24.6505811797034,217.06388206388206,162.86928746928746,8.426044226044226,1.3,0.0016560872395833333
bf3094a05c96e0536d6f,test,16,0.3270854353904724,3855.0,0.8274224775948796,1.6886357109921966,146.14396887159532,28.947221964724633,204.19092088197146,143.6656290531777,6.639429312581064,0.9342105263157895,0.00313720703125
bf3094a05c96e0536d6f,test,17,0.3033832013607025,10548.0,0.7688165766166692,1.8871298141129136,124.64713689799014,30.273811514058938,174.4784793325749,121.80821008722033,8.526640121350018,1.1327433628318584,0.008583984375
bf3094a05c96e0536d6f,test,18,0.30041375756263733,9942.0,0.3945844179317839,1.8342493796330213,104.63136189901428,42.78370692788597,153.41390062361697,99.04908469120902,5.447193723596862,3.3088235294117645,0.0080908203125
bf3094a05c96e0536d6f,test,19,0.2702142298221588,18245.0,0.5176572141511165,1.7537162134147282,171.96859413537956,23.1872937068096,229.37040285009593,174.30161688133737,9.3962181419567,0.9447236180904522,0.014847819010416667
bf3094a05c96e0536d6f,test,20,0.2501358389854431,1844.0,0.7355063519660759,1.7708685919733405,173.33568329718005,34.389494278398374,227.8020607375271,176.79229934924078,12.736984815618221,1.4634146341463414,0.0015006510416666666
bfbbe5a19ec6f917d866,test,1,0.8996655941009521,57482.0,0.7224045447948995,1.897257632812298,42.18430117254097,43.648196433542175,74.24971295362026,33.54133467868202,2.7870289829859782,1.6325581395348838,0.046778971354166664
bfbbe5a19ec6f917d866,test,2,0.8783730268478394,28469.0,0.6382719513262689,1.8273040866957455,109.18957462503073,49.30964837434911,156.17506761740842,103.918542976571,13.10593979416207,1.0,0.023168131510416665
bfbbe5a19ec6f917d866,test,3,0.8568748831748962,24608.0,0.6148455785901511,1.8069781313383988,117.32371586475942,48.75132591284025,169.78222529258778,111.38751625487646,10.285191807542263,1.319277108433735,0.020026041666666668
bfbbe5a19ec6f917d866,test,4,0.7561538219451904,4500.0,0.6560958239732032,1.8326571992162295,160.82888888888888,34.31324410468434,218.7,158.06066666666666,23.173111111111112,0.49557522123893805,0.003662109375
bfbbe5a19ec6f917d866,test,5,0.6810365319252014,34672.0,0.3480590962306046,1.7989974679255798,134.56627826488233,44.21509743465019,190.54672358098753,129.66684933087217,12.942662667281956,1.2419354838709677,0.028216145833333334
bfbbe5a19ec6f917d866,test,6,0.5872167348861694,23391.0,0.5667675598811628,1.8031107506177093,103.50215895002351,48.877315700877574,157.64913855756487,94.43700568594758,8.218374588516951,0.7209302325581395,0.01903564453125
bfbbe5a19ec6f917d866,test,7,0.4493017792701721,1828.0,0.2434193289781784,1.814158599341735,158.56892778993435,21.07658115135841,217.18490153172866,155.23249452954047,21.799781181619256,0.2196969696969697,0.0014876302083333334
bfbbe5a19ec6f917d866,test,8,0.3678886890411377,2675.0,0.513800544235992,1.7841134969115127,138.163738317757,23.800214266033247,187.7992523364486,136.61644859813083,15.852710280373831,2.2444444444444445,0.0021769205729166665
bfbbe5a19ec6f917d866,test,9,0.3632947504520416,3053.0,0.30831662458871006,1.7458241813979531,140.21912872584343,22.981032943847424,189.5581395348837,139.08286930887652,16.57091385522437,3.7777777777777777,0.0024845377604166665
bfbbe5a19ec6f917d866,test,10,0.25772765278816223,4404.0,0.780934262263931,1.7652078811047398,128.15849227974567,35.05726265609461,184.66462306993643,122.061080835604,11.333106267029972,0.8780487804878049,0.003583984375
bfda9c186a866e66bc7f,test,1,0.5768524408340454,9198.0,0.6921439593483489,1.8762593580783087,118.77408132202653,42.43809625311338,174.9628180039139,111.98238747553816,6.4215046749293325,2.095890410958904,0.0074853515625
bfda9c186a866e66bc7f,test,2,0.49998533725738525,7122.0,0.8907470776637711,1.8150052425594911,115.71623139567538,39.47160387477862,171.51123279977534,107.8355798932884,10.03131142937377,0.8207547169811321,0.0057958984375
bfda9c186a866e66bc7f,test,3,0.4886918067932129,3735.0,0.514394997890091,1.81343912967159,132.72663989290496,41.89725399982372,188.5215528781794,128.44149933065594,8.38661311914324,2.411764705882353,0.00303955078125
bfda9c186a866e66bc7f,test,4,0.4839533865451813,462114.0,0.12471883366925396,1.8536851449687262,126.22395123281268,46.53622197155019,185.63880557611324,119.28899146098149,6.199900890256517,1.021186440677966,0.3760693359375
bfda9c186a866e66bc7f,test,5,0.4325687289237976,24285.0,0.4687045301011291,1.7995851512183727,162.70455013382747,34.405436189876994,224.89964998970558,160.8874613959234,8.970805023677167,1.4378698224852071,0.01976318359375
bfda9c186a866e66bc7f,test,6,0.41718536615371704,3056.0,0.8229200773467009,1.8126340866042363,125.99541884816755,38.02480046255649,179.6020942408377,121.23625654450262,9.87107329842932,1.2678571428571428,0.002486979166666667
bfda9c186a866e66bc7f,test,7,0.37525326013565063,40886.0,0.3402141530112525,1.8067375767917033,142.98302597466125,30.85954876910872,204.90833047987087,137.53101306070536,8.63853152668395,0.6789772727272727,0.033273111979166665
bfda9c186a866e66bc7f,test,8,0.322818398475647,11891.0,0.7640589378783487,1.8159126220329398,151.6943907156673,34.758413214624966,217.50172399293584,146.3273063661593,6.935581532251282,1.61,0.009676920572916666
bfda9c186a866e66bc7f,test,9,0.3143731653690338,376029.0,0.13016937452577698,1.792150354772407,134.10764329346938,47.251979531451035,195.96728177879896,127.4789923117632,6.120732709445282,1.9432739059967585,0.30601318359375
bfda9c186a866e66bc7f,test,10,0.27266183495521545,7120.0,0.3407105027866853,1.7815657371238465,132.30449438202248,23.886917156912578,189.7254213483146,128.02668539325842,3.81123595505618,0.22077922077922077,0.0057942708333333336
c09862351408c1853ad3,test,1,0.9087961912155151,21237.0,0.5372047707337928,1.8093434270355049,115.95305363281066,40.589903246215364,154.3769835664171,114.07623487309884,24.769694401280784,1.0213903743315509,0.01728271484375
c09862351408c1853ad3,test,2,0.8870728611946106,26726.0,0.5527705282260316,1.8049611381590889,138.03101848387337,38.00846178373887,179.13881613410163,137.82709720871063,31.233517922622166,1.0256410256410255,0.021749674479166668
c09862351408c1853ad3,test,3,0.8641806244850159,18338.0,0.5688078933064094,1.86796064239897,133.89289998909368,42.396322030236206,178.51712291416732,132.58659613916458,23.500218126295124,1.7380952380952381,0.014923502604166666
c09862351408c1853ad3,test,4,0.8353373408317566,7240.0,0.7975625896873283,1.8195779943000348,118.22113259668508,44.052274583213,160.80248618784532,115.30773480662984,21.53232044198895,0.788135593220339,0.005891927083333333
c09862351408c1853ad3,test,5,0.7943012714385986,3618.0,0.8151579417299601,1.8404140826107043,143.42924267551132,16.659636876706458,178.9123825317855,146.05776672194582,36.79546710889994,1.456140350877193,0.0029443359375
c09862351408c1853ad3,test,6,0.7706758975982666,4575.0,0.7483094228312475,1.7191978392350598,151.4926775956284,33.39449090621276,196.86120218579234,150.48043715846995,37.60852459016393,1.1710526315789473,0.00372314453125
c09862351408c1853ad3,test,7,0.6832276582717896,36594.0,0.49610235225130217,1.8071528255623417,140.2382357763568,36.265910153860865,188.6472645788927,137.82562715199214,25.59009673717003,1.4292237442922375,0.0297802734375
c09862351408c1853ad3,test,8,0.6775407791137695,27822.0,0.4787291720161075,1.790131071072223,116.31949536338149,32.347416689162806,155.41068219394722,114.98314283660413,20.584968729782187,1.6547619047619047,0.0226416015625
c09862351408c1853ad3,test,9,0.6260972619056702,1978.0,0.4978743507199794,1.7000361317558133,131.41203235591507,21.255145021944863,167.9737108190091,131.90849342770474,32.862992922143576,3.235294117647059,0.0016097005208333334
c09862351408c1853ad3,test,10,0.5967746376991272,6427.0,0.6309917423043419,1.7904411707591934,169.06534930760853,30.088559069036705,215.61226077485608,171.71199626575384,33.285981017582074,1.1914893617021276,0.005230305989583333
c09862351408c1853ad3,test,11,0.5598718523979187,3638.0,0.7009704871803542,1.6523496209548274,154.68691588785046,15.650898742398846,199.85156679494227,155.59565695437053,31.403243540406816,1.2,0.0029606119791666667
c09862351408c1853ad3,test,12,0.5485537648200989,3238.0,0.729541574162966,1.6837386216411991,158.26590487955528,19.197488446714495,202.08492896849907,158.80296479308214,40.45367510809142,1.0757575757575757,0.0026350911458333333
c09862351408c1853ad3,test,13,0.5246644020080566,3632.0,0.5510984908778842,1.731219012922908,159.6863986784141,17.48397479051651,205.3818832599119,160.2293502202643,36.91712555066079,0.7888888888888889,0.002955729166666667
c09862351408c1853ad3,test,14,0.3723772466182709,2772.0,0.6371288064797959,1.654106110242719,165.43903318903318,17.030304631243485,213.4419191919192,165.32611832611832,39.90151515151515,1.0149253731343284,0.002255859375
c09862351408c1853ad3,test,15,0.29781365394592285,1700.0,0.8835113019079525,1.780267260578761,159.82294117647058,20.770478276151206,205.59764705882353,160.44529411764705,36.40352941176471,0.875,0.0013834635416666667
c09862351408c1853ad3,test,16,0.28331446647644043,22514.0,0.6216391656704048,1.7932966538336175,133.98520920316247,34.99705699289607,182.42564626454651,131.0413076308075,21.989562050279826,1.4394904458598725,0.018321940104166667
c38b4d9275fd19213c4e,test,1,0.9258238077163696,17599.0,0.7084996220919741,1.8062514768369202,95.29524404795727,31.628285187211183,129.89630092618899,92.56986192397295,18.53531450650605,0.8516483516483516,0.014322102864583333
c38b4d9275fd19213c4e,test,2,0.825080931186676,20904.0,0.5369092936325327,1.7874158067390367,127.1376291618829,37.85420740195339,168.20570225794106,125.79233639494834,26.34160926138538,1.5857142857142856,0.01701171875
c38b4d9275fd19213c4e,test,3,0.7419574856758118,6396.0,0.7432942075362314,1.7884324847109985,128.0222013758599,30.868573021881456,170.86100687929957,126.22295184490306,24.814727954971858,0.7079646017699115,0.005205078125
c38b4d9275fd19213c4e,test,4,0.6613540649414062,150463.0,0.4205862212744349,1.8435122588029176,102.47106597635299,44.41406247604492,147.22200142227658,96.86399978732312,13.954493795816912,1.185501066098081,0.12244710286458334
c38b4d9275fd19213c4e,test,5,0.2894626259803772,7933.0,0.7685678738741168,1.8356291608576707,89.01689146602799,43.571570452977205,125.53586285138032,84.72305559057104,15.3567376780537,0.7815126050420168,0.006455891927083333
c53fe935f94adcb14491,test,1,0.7678568363189697,10776.0,0.47627087725874784,1.815728142117673,164.6605419450631,49.9145653373533,212.83602449888642,165.4411655530809,34.22327394209354,0.3910891089108911,0.00876953125
c53fe935f94adcb14491,test,2,0.7497824430465698,21428.0,0.640481740866466,1.891150940221163,142.15428411424304,50.75339707423773,190.35369609856264,140.31304834795594,25.190171737913012,0.5299145299145299,0.017438151041666666
c53fe935f94adcb14491,test,3,0.6324549317359924,42679.0,0.5132897506215754,1.839434277587542,127.45193186344572,55.52701420186768,172.90972140865532,124.44673024203941,23.66062934932871,1.355263157894737,0.03473225911458333
c53fe935f94adcb14491,test,4,0.5611342787742615,40525.0,0.5642513674968499,1.8273914969300866,112.9775447254781,59.802394643324135,157.45803824799506,109.06465144972239,16.555410240592227,0.8089887640449438,0.032979329427083336
c53fe935f94adcb14491,test,5,0.5457558035850525,239641.0,0.1697065961741786,1.7747265934352288,115.38225095037994,55.62983136762636,159.2735633718771,111.6281187275967,19.621713312830444,0.6367816091954023,0.19502034505208332
c53fe935f94adcb14491,test,6,0.518608808517456,13540.0,0.6442151475028209,1.876296880738319,98.87555391432792,45.74359800421443,137.22008862629247,95.61558345642541,15.119350073855244,1.9263157894736842,0.011018880208333333
c53fe935f94adcb14491,test,7,0.49832773208618164,4063.0,0.8486628256863356,1.7422051957752036,165.6153088850603,49.83315931793836,211.7418163918287,166.9652965788826,37.611370908195916,0.8192771084337349,0.0033064778645833333
c53fe935f94adcb14491,test,8,0.48098382353782654,13444.0,0.5707720545876571,1.8677101606363653,133.62994644451055,47.58562959520594,177.64809580482,132.0317613805415,26.338961618565904,1.6379310344827587,0.010940755208333333
c53fe935f94adcb14491,test,9,0.38148483633995056,18842.0,0.44087484725625126,1.7747698707071764,123.0823161023246,62.04854927586484,167.73872200403355,119.58868485298801,23.918639210274918,1.1483870967741936,0.015333658854166666
c53fe935f94adcb14491,test,10,0.3630513548851013,1745.0,0.6714870940038081,1.7157042432994367,175.74212034383953,23.499411126618433,216.81203438395414,178.90487106017193,51.607449856733524,1.6097560975609757,0.0014200846354166666
c53fe935f94adcb14491,test,11,0.29647788405418396,6765.0,0.8411597447938615,1.8034068873703704,118.93762010347376,67.12831550765185,160.19379157427937,116.49519586104952,23.364671101256466,0.6991150442477876,0.00550537109375
c53fe935f94adcb14491,test,12,0.2905542850494385,9270.0,0.4134908568688636,1.8983762808281224,160.3724919093851,58.81439071403623,207.41121898597626,162.20377562028048,27.54239482200647,3.5396825396825395,0.0075439453125
c53fe935f94adcb14491,test,13,0.25534674525260925,6839.0,0.7526776644917057,1.8067771815873093,178.41000146220208,42.35824066356958,223.38441292586634,182.55592922941952,38.95905834186284,0.8932038834951457,0.005565592447916667
c6d865f78fc375fd0366,test,1,0.9251186847686768,32557.0,0.6096623219749493,1.8249937390135345,115.30030408207145,40.216389128956635,172.64023097951286,107.2274472463679,6.447215652547839,1.2821782178217822,0.02649495442708333
c6d865f78fc375fd0366,test,2,0.911417543888092,46272.0,0.5668572457953571,1.8444234911496173,156.4402662517289,39.36011702961148,219.06820539419087,153.16867652143844,9.024680152143844,0.7392638036809815,0.03765625
c6d865f78fc375fd0366,test,3,0.8472660779953003,19670.0,0.5808346406326534,1.855581168584155,113.84245043213015,38.09984124764216,165.56888662938485,107.93167259786478,8.57874936451449,0.35877862595419846,0.016007486979166666
c6d865f78fc375fd0366,test,4,0.8209231495857239,10488.0,0.6647183826901705,1.8572512759911641,154.03222730739893,38.51607328299854,218.93954996186116,149.46681922196797,7.358981693363845,1.0573770491803278,0.00853515625
c6d865f78fc375fd0366,test,5,0.8116737604141235,6421.0,0.5835014151739876,1.7857171075691773,164.0004672169444,13.186436416740415,221.61049680735087,162.71281731817473,19.466126771530913,0.8362068965517241,0.005225423177083333
c6d865f78fc375fd0366,test,6,0.8039151430130005,113431.0,0.4443863180491658,1.8510204300489241,110.02598936798583,45.291267161687635,172.1987992700408,98.56791353333745,6.020796783947951,0.8609958506224067,0.09231038411458334
c6d865f78fc375fd0366,test,7,0.7709933519363403,11287.0,0.7845046967583508,1.8278080677134292,138.44856915034995,35.60117162592596,200.98635598476122,131.7264109152122,8.968016301940285,0.8633093525179856,0.009185384114583334
c6d865f78fc375fd0366,test,8,0.7695346474647522,19944.0,0.7102779912111362,1.78981023019629,123.433263136783,42.14573162498817,182.204673084637,116.095617729643,7.052296430004011,0.8839779005524862,0.01623046875
c6d865f78fc375fd0366,test,9,0.6495810151100159,12827.0,0.7523774070228576,1.8552699695396966,143.75372261635613,34.55211992295962,201.96951742418335,138.9164262882981,15.92515787011772,0.8235294117647058,0.010438639322916667
c6d865f78fc375fd0366,test,10,0.5869701504707336,88261.0,0.2551771441258522,1.8156732655295278,125.31854386422089,51.1078471998416,186.24464939214374,116.78480869240094,9.522518439627921,1.4451038575667656,0.07182698567708333
c6d865f78fc375fd0366,test,11,0.5437740683555603,7452.0,0.8402059972028841,1.8174626866649655,112.52173913043478,41.436056640202615,164.99852388620505,105.75268384326355,9.69122383252818,0.9166666666666666,0.006064453125
c6d865f78fc375fd0366,test,12,0.4875132739543915,23434.0,0.4143322513139386,1.8007895155961198,125.74844243407016,32.295457715675504,181.01732525390457,119.95451054024068,10.590893573440301,0.8318181818181818,0.019070638020833332
c7770484b5b6331d2134,test,1,0.9334559440612793,40853.0,0.5906322365803448,1.8275113188904721,121.6810026191467,42.06628275315359,183.07754632462732,113.07629794629526,4.967566641372726,0.5598802395209581,0.03324625651041667
c7770484b5b6331d2134,test,2,0.9083160758018494,11410.0,0.5500530713598419,1.7184661224593258,130.74206836108678,25.782383136730672,185.4920245398773,126.55950920245398,8.59526730937774,1.3157894736842106,0.009285481770833333
c7770484b5b6331d2134,test,3,0.8737277984619141,48068.0,0.533732255681428,1.763355416391408,115.855267537655,40.385568919125475,178.73192144462013,105.41218690188899,4.798015311641841,0.8931034482758621,0.039117838541666665
c7770484b5b6331d2134,test,4,0.8560488820075989,55217.0,0.39038396790246677,1.8619493824062545,117.19095568393791,36.657905885584086,174.74324936160966,109.54351015085933,5.612637412391112,1.7264957264957266,0.04493570963541667
c7770484b5b6331d2134,test,5,0.8494105935096741,9849.0,0.7147262120882568,1.7993684429544563,130.8392730226419,29.81446089235628,186.6627068737943,126.20235556909331,8.236572240836633,0.8283582089552238,0.00801513671875
c7770484b5b6331d2134,test,6,0.8405162692070007,14645.0,0.4363284150489463,1.8854418634475403,124.48405599180607,44.37426529059574,186.00095595766473,116.03646295664049,6.625401160805736,0.36904761904761907,0.011918131510416667
c7770484b5b6331d2134,test,7,0.7557164430618286,22770.0,0.4786784127223183,1.7846559918216283,135.54967061923583,39.69190875561989,193.63258673693457,130.020597277119,11.686517347386912,0.8894472361809045,0.0185302734375
c7770484b5b6331d2134,test,8,0.6248242855072021,15782.0,0.6276562892940026,1.7467439631241644,129.23032568749207,34.466881142800666,187.1992776580915,122.86674692687872,9.931187428716258,1.2253521126760563,0.012843424479166667
c7770484b5b6331d2134,test,9,0.6044559478759766,18130.0,0.610956410581632,1.8255065651725522,132.77473800330944,38.77586607480715,195.32399338113623,125.23761720904578,7.563761720904578,1.3525179856115108,0.014754231770833333
c7770484b5b6331d2134,test,10,0.5861573219299316,11976.0,0.6339096350982334,1.7189590015076845,144.26494655978624,37.51462899311145,209.37808951235806,137.67067468269872,7.400551102204409,1.055944055944056,0.00974609375
c7770484b5b6331d2134,test,11,0.49210622906684875,7112.0,0.5817603505231914,1.8039807489551503,153.68152418447693,25.9825795350781,217.34251968503938,149.6164229471316,7.422525309336333,1.5238095238095237,0.005787760416666667
c7770484b5b6331d2134,test,12,0.41998350620269775,131136.0,0.18556569732669034,1.7897621870048974,143.63633937286482,45.019265471311094,204.7729227672035,138.63791788677403,9.040156783796974,2.5031055900621118,0.10671875
c7770484b5b6331d2134,test,13,0.35605689883232117,34526.0,0.3453620548407413,1.8016389999477147,131.60224178879685,36.81500545763936,191.9765104558883,124.7010658634073,8.791374616231247,1.6523809523809523,0.028097330729166668
c7770484b5b6331d2134,test,14,0.34824588894844055,4296.0,0.8683541171954016,1.7639759002588051,148.06052141527002,6.001673114645072,204.2874767225326,146.28119180633146,9.598696461824954,1.1159420289855073,0.00349609375
c7770484b5b6331d2134,test,15,0.29315364360809326,4140.0,0.7928033310135767,1.7532202253716778,154.093961352657,21.23713847229094,217.44082125603865,150.3584541062802,7.007004830917874,0.948051948051948,0.003369140625
c7770484b5b6331d2134,test,16,0.2907037138938904,9445.0,0.4660321522540651,1.6922917704963019,173.70397035468503,31.134150728230978,234.22795129698252,174.7881418740074,9.287771307570143,0.832258064516129,0.0076863606770833336
c7770484b5b6331d2134,test,17,0.2844923138618469,58293.0,0.46152175563454395,1.7769492206736892,146.83689293740244,40.83356312078024,208.4329336283945,142.14753057828557,9.431698488669308,1.0,0.04743896484375
c7770484b5b6331d2134,test,18,0.2630351483821869,7898.0,0.719048609838208,1.7815549894020626,172.65332995695113,8.35944533677824,236.1967586730818,171.53709799949354,11.44201063560395,1.705128205128205,0.006427408854166667
cac8a223c53448809112,test,1,0.8418063521385193,12677.0,0.7334926423634446,1.8391072235102432,116.98666877021377,51.92880389740255,185.19089689989744,104.62088822276564,1.77384239173306,1.3416666666666666,0.010316569010416667
cac8a223c53448809112,test,2,0.8088898062705994,8157.0,0.8055789492170338,1.853116457844123,118.52408973887458,46.307033647737626,186.8664950349393,106.57226921662375,0.8467573862939807,0.9306930693069307,0.00663818359375
cac8a223c53448809112,test,3,0.7472794055938721,19144.0,0.6553236697412863,1.869127178507002,145.6083890513999,45.570631596450035,215.7135394901797,137.92875052235686,1.2783117425825323,1.9482758620689655,0.015579427083333333
cac8a223c53448809112,test,4,0.7206928133964539,8813.0,0.8351697068821634,1.8522961059489857,127.16623170316578,52.9343835178982,194.6173834108703,117.3259956881879,0.8889141041643027,0.8782608695652174,0.007172037760416666
cac8a223c53448809112,test,5,0.7047803997993469,15532.0,0.5291043453190238,1.8573585309311338,144.42267576616018,40.25290744357841,214.81927633273241,136.28895184135976,1.6708086531032706,0.4343891402714932,0.012639973958333333
cac8a223c53448809112,test,6,0.639829695224762,10012.0,0.8123424728747224,1.7976714205159587,79.2846584099081,49.634137599185884,137.27706751897722,64.91010787055534,1.183979224930084,0.8134328358208955,0.008147786458333334
cac8a223c53448809112,test,7,0.5834919214248657,8657.0,0.7187807026978704,1.8320241198323963,125.49393554349082,43.46294779284931,198.6348619614185,112.10661892110431,2.593854684070694,1.1764705882352942,0.007045084635416666
cac8a223c53448809112,test,8,0.5314451456069946,5700.0,0.8410940654684465,1.7642235107470343,149.19929824561405,43.59390669877989,218.6563157894737,142.1238596491228,3.3643859649122807,0.7244897959183674,0.004638671875
cac8a223c53448809112,test,9,0.5074124932289124,10353.0,0.8603023742880919,1.8752972825064098,98.4518497053994,47.340318865739334,164.94050033806627,83.25239061141698,2.2832029363469526,1.2,0.00842529296875
cac8a223c53448809112,test,10,0.5054197907447815,5150.0,0.8326269097442764,1.7491984807973153,92.87553398058252,55.45375615156116,152.29728155339805,79.37165048543689,6.531844660194174,0.9761904761904762,0.004191080729166667
cac8a223c53448809112,test,11,0.41782718896865845,11906.0,0.641168025838137,1.835204221298198,102.19267596169999,33.45477653515698,176.8053082479422,83.81622711238032,1.119771543759449,1.9381443298969072,0.009689127604166667
cac8a223c53448809112,test,12,0.3410966396331787,35310.0,0.3617585613912035,1.8266542672775832,134.80917587085813,51.63212909832068,203.308297932597,125.5279241008213,2.934409515717927,0.8351648351648352,0.0287353515625
cac8a223c53448809112,test,13,0.30563274025917053,5873.0,0.3134132440128471,1.8163047575092304,161.7691128894943,42.75010027954091,231.2697088370509,157.60939894432147,0.8709347863102332,0.3160621761658031,0.004779459635416667
cac8a223c53448809112,test,14,0.2813890278339386,1360.0,0.6084308372132986,1.8191649917310286,109.92867647058823,56.556765351917,182.4110294117647,94.27132352941176,0.4294117647058823,0.36231884057971014,0.0011067708333333333
cac8a223c53448809112,test,15,0.26602548360824585,7689.0,0.7054465013773413,1.7792356272731418,151.00195083886072,36.400570831586094,223.28066068409416,143.0224996748602,2.4706723891273246,0.6390977443609023,0.00625732421875
cac8a223c53448809112,test,16,0.2642979919910431,78592.0,0.3778060825253241,1.7662233970887469,110.5610621946254,45.90428040076405,180.49702259771988,96.20802371742671,1.0370648412052117,0.48674242424242425,0.06395833333333334
cac8a223c53448809112,test,17,0.2528802156448364,15734.0,0.6301851913134991,1.893003856638867,102.08421253336724,43.56697505588496,173.18348798779712,85.41667725943816,1.4471844413372315,0.7,0.012804361979166666
cc0a6fb8af6e7483933d,test,1,0.9251635670661926,45079.0,0.5046226331385715,1.7492307939849425,134.87925641651324,30.475885623415294,189.12770913285564,130.38831828567626,15.613323276913862,1.2681992337164751,0.03668538411458333
cc0a6fb8af6e7483933d,test,2,0.881014883518219,19343.0,0.5051319710201595,1.7924692782701062,110.65765393165486,40.413205285786184,156.66938944320944,106.44677661169415,11.644470868014269,1.2649006622516556,0.01574137369791667
cc0a6fb8af6e7483933d,test,3,0.8397695422172546,102478.0,0.25580849263622446,1.7785669353620095,139.32419641288863,39.8957085422329,189.5285915025664,136.34024863873222,22.927350260543726,0.7340823970037453,0.08339680989583333
cc0a6fb8af6e7483933d,test,4,0.8153907060623169,28485.0,0.6663553199770766,1.822646076293376,168.41976478848517,34.045418699164316,219.98241179568194,169.50093031420045,27.529296120765316,0.933649289099526,0.02318115234375
cc0a6fb8af6e7483933d,test,5,0.7847555875778198,90010.0,0.3275926394580956,1.788684956354881,153.0741917564715,42.13633663330941,209.9873236307077,150.52673036329296,16.896000444395067,1.9927797833935017,0.07325032552083334
cc0a6fb8af6e7483933d,test,6,0.6288997530937195,186111.0,0.08668913687302557,1.7499406019591022,128.77339329754824,41.92535792021243,183.53186539215844,123.13416187114142,14.135601872001118,0.9385714285714286,0.15145751953125
cc0a6fb8af6e7483933d,test,7,0.6216481328010559,48405.0,0.296478326370436,1.725853943112098,114.72325173019316,41.3338569729796,161.4736287573598,110.39557896911477,14.349571325276315,1.137809187279152,0.03939208984375
cc0a6fb8af6e7483933d,test,8,0.6073477268218994,13234.0,0.7007867476295753,1.739596109790109,130.8015717092338,41.29727147221051,176.86073749433277,128.39103823484962,22.31827111984283,0.9798657718120806,0.010769856770833334
cc0a6fb8af6e7483933d,test,9,0.5394216775894165,31129.0,0.23717361569793483,1.8112225963390507,118.40839731440136,37.203170716579486,164.03768190433357,115.07048090205275,15.859873429920652,2.2468354430379747,0.025332845052083334
cc0a6fb8af6e7483933d,test,10,0.5035883784294128,10117.0,0.7306409582650261,1.8125524531287562,143.13511910645448,30.84565788369404,198.9064940199664,139.3013739250766,16.507166155975092,0.6618705035971223,0.008233235677083334
cfc71e1641a893c4a89a,test,1,0.9176555871963501,14684.0,0.7020970784375745,1.8350330244569237,135.76307545627895,28.8977790800756,183.53384636338873,133.34432034867882,22.843911740670116,0.7272727272727273,0.011949869791666666
cfc71e1641a893c4a89a,test,2,0.8689929842948914,16181.0,0.6416320469142375,1.8398076062910633,122.6608985847599,37.394912475517835,172.65218466102218,118.59458624312465,12.396267226994624,2.0285714285714285,0.013168131510416667
cfc71e1641a893c4a89a,test,3,0.8169676065444946,8842.0,0.49200591850798214,1.813839962729405,109.62859081655733,40.644511102592716,156.9483148608912,104.53867903189324,11.70866319837141,2.5454545454545454,0.007195638020833333
cfc71e1641a893c4a89a,test,4,0.771831750869751,6193.0,0.7491469327531105,1.8000577995330906,134.78766349103827,27.867653871923295,180.60051671241723,133.00645890521557,23.718230259970934,0.9782608695652174,0.005039876302083334
cfc71e1641a893c4a89a,test,5,0.745616614818573,6202.0,0.42495928930636034,1.8580677174386968,163.43356981618834,28.8039921931524,219.94937117059013,161.27200902934538,26.223798774588843,0.42857142857142855,0.005047200520833333
cfc71e1641a893c4a89a,test,6,0.7256612777709961,26151.0,0.6155456536520816,1.817814914142229,127.61967037589385,41.21540789861194,176.6629192000306,123.38893350158693,20.730794233490116,0.8942307692307693,0.02128173828125
cfc71e1641a893c4a89a,test,7,0.5591238141059875,175845.0,0.1531216888204041,1.7400403917242553,135.80430492763514,42.301496677089794,191.58690892547415,130.79116267167106,15.271130825442862,1.0677083333333333,0.14310302734375
cfc71e1641a893c4a89a,test,8,0.5019130706787109,38688.0,0.32683789918598966,1.7266144605296383,146.27401261373035,38.12845063378104,201.55647746071133,142.71264991728702,19.56087158808933,1.1213114754098361,0.031484375
cfc71e1641a893c4a89a,test,9,0.45632094144821167,2075.0,0.344913375855147,1.8008845904112856,134.06072289156626,37.27494942852525,182.41590361445782,131.6722891566265,19.353734939759036,0.26229508196721313,0.0016886393229166667
cfc71e1641a893c4a89a,test,10,0.43319183588027954,67426.0,0.5157721049189206,1.788496148862781,131.0454424109394,34.455242654715846,187.71826891703498,125.28284341352001,12.018301545397918,1.3214285714285714,0.05487141927083333
cfc71e1641a893c4a89a,test,11,0.3071749210357666,2272.0,0.831541503591376,1.8238134017194745,157.61883802816902,9.588218859795735,211.45070422535213,156.37544014084506,22.690140845070424,0.9464285714285714,0.0018489583333333333
d025ae64f33e07193a56,test,1,0.8964925408363342,28367.0,0.588593935916087,1.8353215656896666,132.66260090950752,33.78180801661549,178.28913878802834,130.42041809144428,24.442485987238694,1.1666666666666667,0.023085123697916668
d025ae64f33e07193a56,test,2,0.8662457466125488,9537.0,0.8215094489778669,1.8530971061797303,133.33784208870713,47.05354189700252,188.50508545664255,127.56181189053162,18.351892628709237,1.0545454545454545,0.00776123046875
d025ae64f33e07193a56,test,3,0.8575183153152466,16687.0,0.47340370871416887,1.8417572111561777,124.2811170372146,40.189917601768784,169.59195781147,121.83142566069395,18.007071372925033,0.49107142857142855,0.013579915364583334
d025ae64f33e07193a56,test,4,0.83942049741745,14596.0,0.6067168277117349,1.7736071368791313,102.95060290490545,44.299575738047515,146.34762948753084,98.0508358454371,14.35098657166347,1.303030303030303,0.011878255208333334
d025ae64f33e07193a56,test,5,0.8332226276397705,18645.0,0.30107941083559153,1.8385222696577281,101.39249128452668,46.71179774683488,145.24483775811208,96.3158487530169,12.506891928130866,2.7547169811320753,0.01517333984375
d025ae64f33e07193a56,test,6,0.8296533823013306,10525.0,0.5277916934241661,1.8493709460024845,148.56323040380047,34.97339493758045,206.6203325415677,143.83363420427554,20.580332541567696,0.9051094890510949,0.008565266927083334
d025ae64f33e07193a56,test,7,0.7566484212875366,30553.0,0.4072146525285353,1.8160318818641414,94.6082545085589,39.817283974506616,138.49772526429484,88.76375478676398,9.597780905312082,0.6481481481481481,0.024864095052083333
d025ae64f33e07193a56,test,8,0.7019719481468201,12022.0,0.7199199447155304,1.749099225634564,127.58051904841125,41.09640438407047,182.34120778572617,121.60430876726002,14.689402761603727,1.0075187969924813,0.009783528645833333
d025ae64f33e07193a56,test,9,0.619033932685852,5474.0,0.46050324201755694,1.7407744962028289,146.4008037997808,24.20329588482897,201.24168797953965,142.97058823529412,20.119839240043845,1.086021505376344,0.0044547526041666665
d025ae64f33e07193a56,test,10,0.5856391787528992,24793.0,0.4679489702299987,1.8023922926035028,126.44016456257815,37.13049036046313,181.0824829588997,120.30262574113661,14.674706570402936,0.7598425196850394,0.020176595052083333
d025ae64f33e07193a56,test,11,0.581425666809082,12613.0,0.831207093423437,1.8515053514342161,101.13161024339966,48.759035597985,151.510901450884,93.01403314041069,10.813763577261556,0.823943661971831,0.010264485677083334
d025ae64f33e07193a56,test,12,0.5483997464179993,43332.0,0.3484903119800571,1.7499247667073994,109.26451583125635,38.843204884102676,156.99563832733315,103.7846856826364,12.233984122588387,1.0263157894736843,0.035263671875
d025ae64f33e07193a56,test,13,0.4988655745983124,19316.0,0.6677812378227864,1.779480356841375,152.66095464899564,40.7998758722949,205.35209153033753,151.00569476082003,22.9226547939532,1.0402298850574712,0.015719401041666668
d025ae64f33e07193a56,test,14,0.48959288001060486,2075.0,0.4438938084657898,1.7660149948773316,135.9855421686747,17.23506605193281,183.81686746987953,133.8944578313253,21.148433734939758,2.2857142857142856,0.0016886393229166667
d025ae64f33e07193a56,test,15,0.4545848071575165,6955.0,0.38644704319204826,1.7987074506028375,106.92508986340762,36.94740266764103,152.83235082674335,101.87907979870597,12.4921639108555,2.0821917808219177,0.005659993489583333
d025ae64f33e07193a56,test,16,0.3662135601043701,5748.0,0.6335153118434179,1.7715806435030672,145.0687195546277,25.99886866474943,203.07620041753654,140.1356993736952,18.305845511482254,1.3625,0.004677734375
d025ae64f33e07193a56,test,17,0.34893709421157837,24642.0,0.38447004344393787,1.8141966758008436,114.0041798555312,46.877255623342435,166.48502556610666,106.96376105835566,12.594919243567892,0.4647887323943662,0.0200537109375
d025ae64f33e07193a56,test,18,0.32136473059654236,6517.0,0.682926782675363,1.764235335180672,151.68313641245973,38.28895788537196,205.9475218658892,148.86374098511584,23.81801442381464,1.1649484536082475,0.005303548177083333
d025ae64f33e07193a56,test,19,0.31989914178848267,14341.0,0.5418617997220964,1.8625834290405556,109.52290635241614,37.66187128549059,154.9511191688167,105.22292727145945,12.435046370545987,1.4758064516129032,0.011670735677083334
d025ae64f33e07193a56,test,20,0.2812347710132599,1198.0,0.6450495431977811,1.8524615068645571,117.3280467445743,28.195390251070634,167.92904841402338,110.32721202003339,20.491652754590984,0.43333333333333335,0.0009749348958333333
d064182f454df7879540,test,1,0.835818350315094,6332.0,0.6169220148630742,1.7843934315143595,136.00268477574227,43.729060424137046,197.59996841440304,129.10991787744788,9.946936197094125,0.48175182481751827,0.005152994791666666
d064182f454df7879540,test,2,0.7454595565795898,3631.0,0.6295690974398429,1.7836913606349598,157.4858165794547,22.393128910568848,215.15312586064445,156.242357477279,12.540622418066649,2.6052631578947367,0.0029549153645833334
d064182f454df7879540,test,3,0.6347626447677612,3494.0,0.626402176672516,1.7980880761867954,186.51831711505437,27.03106360204011,239.12936462507156,192.99370349170005,15.193188322839152,1.7017543859649122,0.0028434244791666666
d064182f454df7879540,test,4,0.5620642900466919,12015.0,0.7643394430480382,1.8698914018364812,159.8810653349979,40.27170624593269,219.68772367873493,158.85925925925926,8.252600915522263,1.176991150442478,0.00977783203125
d064182f454df7879540,test,5,0.553928554058075,21912.0,0.33595413361389187,1.7916840831827845,125.05389740781307,35.313145215965605,180.60916392844103,119.71289704271632,6.794952537422417,0.8705882352941177,0.01783203125
d064182f454df7879540,test,6,0.456403523683548,9222.0,0.7852988195708355,1.849993628164589,147.2192582953806,37.38480703990955,204.9931685100846,143.92496204727826,12.675666883539362,0.9145299145299145,0.0075048828125
d064182f454df7879540,test,7,0.4477391541004181,6096.0,0.5859280076062376,1.848582598684655,172.54183070866142,11.997192729714424,234.8182414698163,171.9391404199475,12.196194225721785,2.5454545454545454,0.0049609375
d064182f454df7879540,test,8,0.39051327109336853,40740.0,0.5330399406373215,1.8601731628830809,117.50451644575357,51.35265086950079,177.68674521354933,108.64732449680903,5.384953362788415,1.031496062992126,0.033154296875
d064182f454df7879540,test,9,0.340692937374115,76068.0,0.3745519741171514,1.7692667127704935,122.26247567965504,44.98636560121352,178.0670189830152,115.87459904296156,8.821738444549613,1.4075067024128687,0.061904296875
d0eea8611600bdcb3ed0,test,1,0.9317112565040588,40782.0,0.4678328405761298,1.8284351684666427,130.83603060173607,35.26803305647267,189.63275464665784,124.32725221911628,10.100902358883822,1.047808764940239,0.0331884765625
d0eea8611600bdcb3ed0,test,2,0.9144630432128906,25601.0,0.5008536079944782,1.8161280442214214,129.40494511933127,27.103812518155653,178.69048084059216,126.36643099878911,15.659544549041053,1.4678362573099415,0.020834147135416668
d0eea8611600bdcb3ed0,test,3,0.9103716015815735,24475.0,0.597314772272648,1.8128902051618436,150.08670071501533,42.68176561818057,206.89752808988763,147.24890704800816,15.647517875383043,0.8476190476190476,0.019917805989583332
d0eea8611600bdcb3ed0,test,4,0.7789439558982849,35946.0,0.39594841031522504,1.8701788701273874,107.76100261503366,32.486114360721565,154.92310688254605,102.86582651755411,9.256078562287875,0.7160883280757098,0.0292529296875
d0eea8611600bdcb3ed0,test,5,0.7384117245674133,48631.0,0.306431688909457,1.7613625979754952,123.37969607863297,32.91113689480105,177.93837264296437,117.77802224918263,9.072299562007773,1.167883211678832,0.03957600911458333
d0eea8611600bdcb3ed0,test,6,0.7146273255348206,6082.0,0.7146010016970407,1.7847206532719317,133.7806642551792,39.79438976923286,188.17921736270964,129.4174613613943,13.5,0.9292929292929293,0.004949544270833333
d0eea8611600bdcb3ed0,test,7,0.6822368502616882,11440.0,0.7803245906768248,1.8539371710718375,133.27805944055945,34.18094397759173,191.51048951048952,127.31381118881119,11.166171328671329,0.7412587412587412,0.009309895833333333
d0eea8611600bdcb3ed0,test,8,0.6451329588890076,5811.0,0.8137349672353044,1.7709177416939348,88.36172775770092,63.901610893340944,124.98829805541214,85.20788160385476,8.582343830665979,1.1149425287356323,0.00472900390625
d0eea8611600bdcb3ed0,test,9,0.6284753084182739,2657.0,0.8276478371093298,1.7648732949602148,118.54158825743319,50.50231553584031,163.39969890854346,116.0741437711705,13.512231840421528,0.7647058823529411,0.002162272135416667
d0eea8611600bdcb3ed0,test,10,0.6089522242546082,9701.0,0.37095403526852305,1.8303711064033161,86.5210803009999,59.11258404016719,123.27966189052675,82.93711988454798,8.654159365013916,0.5187165775401069,0.007894694010416667
d0eea8611600bdcb3ed0,test,11,0.5975387096405029,6307.0,0.34934597746352286,1.847870614918614,124.70302838116379,28.781955230829144,175.2054859679721,121.03107658157603,11.118439828761693,4.145833333333333,0.005132649739583333
d0eea8611600bdcb3ed0,test,12,0.4780057966709137,3463.0,0.7091370093402378,1.8322109570049192,133.44989893156222,26.179102006831638,189.62546924631823,128.92607565694485,9.324574068726537,1.3770491803278688,0.0028181966145833333
d0eea8611600bdcb3ed0,test,13,0.4077824354171753,2424.0,0.919355193380986,1.8354548141619131,135.65676567656766,26.567698173511793,190.1427392739274,131.6881188118812,13.023927392739274,1.0,0.00197265625
d0eea8611600bdcb3ed0,test,14,0.3740593492984772,19048.0,0.37927581026530355,1.7548327215162847,117.40345443091138,37.344275891598585,172.4439836203276,110.32097858042839,9.440518689626208,0.7692307692307693,0.015501302083333333
d0eea8611600bdcb3ed0,test,15,0.33842378854751587,1124.0,0.6771470115684092,1.7878646994142935,138.87010676156584,24.36373675510134,188.30338078291814,137.8612099644128,14.304270462633452,2.074074074074074,0.0009147135416666666
d0eea8611600bdcb3ed0,test,16,0.33540886640548706,13062.0,0.7568829832924318,1.7390994541217555,117.951156025111,36.35524636078193,173.08383096003675,111.16528862348798,8.256316031235645,0.9645390070921985,0.0106298828125
d0eea8611600bdcb3ed0,test,17,0.3233131170272827,6252.0,0.4662888564717497,1.7361431217579344,135.75415866922586,26.262166670945017,191.1935380678183,131.69097888675623,11.139635316698657,1.5666666666666667,0.005087890625
d0eea8611600bdcb3ed0,test,18,0.30695679783821106,2088.0,0.5142521888143702,1.8136625277463172,131.897030651341,34.144994960288706,177.11398467432952,130.71599616858236,19.25862068965517,1.1228070175438596,0.00169921875
d0eea8611600bdcb3ed0,test,19,0.3055344223976135,1722.0,0.6804781075671786,1.844810627076719,127.18060394889663,20.85797379775114,178.6178861788618,123.06620209059234,13.361207897793264,0.8545454545454545,0.0014013671875
d0eea8611600bdcb3ed0,test,20,0.278906911611557,12406.0,0.6251868386014661,1.824808480206029,100.45760116072869,30.030629747879267,148.0936643559568,94.42656778977914,6.587135257133645,0.5586592178770949,0.010096028645833333
d0eea8611600bdcb3ed0,test,21,0.2557803988456726,7337.0,0.2506557237206568,1.8175915995426826,126.6389532506474,28.484181357233883,177.01581027667984,123.3137522148017,11.588523919858252,6.061224489795919,0.005970865885416667
d23ed1917bc7a651d232,test,1,0.9033640623092651,17213.0,0.7211706663622759,1.9123472264034582,89.23249869284842,46.70038064934064,127.73967350258526,84.90425840934178,10.617498402370302,1.5081967213114753,0.014007975260416666
d23ed1917bc7a651d232,test,2,0.8866661190986633,26598.0,0.5657322869182879,1.828644454170468,131.39108203624332,54.073547054351245,175.52297165200392,129.65557560718852,24.539100684261975,1.2473684210526317,0.0216455078125
d23ed1917bc7a651d232,test,3,0.8501306176185608,12646.0,0.823755158582466,1.8573015753670723,144.19824450419105,35.13058263893897,193.3567926617112,142.45358216036692,24.16432073382888,1.54,0.010291341145833334
d23ed1917bc7a651d232,test,4,0.7004587054252625,186317.0,0.21497880209853276,1.748530258751532,111.3190798477863,35.52374934408102,149.62064116532576,109.87523951115571,18.25494184642303,0.8716216216216216,0.15162516276041665
d23ed1917bc7a651d232,test,5,0.651926577091217,10947.0,0.6052103782578533,1.8200571711854097,158.84680734447795,29.50776419822653,208.24171005755002,158.5408787795743,30.737736366127706,0.9130434782608695,0.00890869140625
d23ed1917bc7a651d232,test,6,0.6043766736984253,4029.0,0.6566199191869464,1.8291482720142758,155.2499379498635,23.6830927818601,194.11640605609333,158.22139488706875,37.90518739141226,0.5436893203883495,0.00327880859375
d23ed1917bc7a651d232,test,7,0.4165027141571045,11416.0,0.8868687078736113,1.8991662470364636,85.36264891380519,50.68626502949175,122.91704625087597,80.32410651716889,12.906622284512965,1.0,0.009290364583333334
d23ed1917bc7a651d232,test,8,0.35367581248283386,5243.0,0.31035209742469794,1.785113796266279,180.9855044821667,37.20992942308953,221.09574670989892,186.300781995041,48.279038718291055,3.5416666666666665,0.004266764322916667
d23ed1917bc7a651d232,test,9,0.31480109691619873,14625.0,0.6909265617633826,1.8780670917585673,112.25750427350427,39.96497974576044,153.41969230769232,109.94871794871794,16.229128205128205,0.7621951219512195,0.01190185546875
d23ed1917bc7a651d232,test,10,0.26825636625289917,7338.0,0.7556810965997071,1.8106732560368464,151.12482965385664,31.278480956574814,200.95107658762606,150.11406377759607,25.53093485963478,1.4457831325301205,0.0059716796875
d2a301a486c84d41744f,test,1,0.9213083982467651,23255.0,0.5229519911961771,1.794036199825002,125.51821113738981,46.692763348417294,173.17376908191787,121.31455600946033,22.11210492367233,1.387878787878788,0.018924967447916666
d2a301a486c84d41744f,test,2,0.9154235124588013,27868.0,0.7913791823635182,1.8641959071642908,106.29184010334434,31.100241828386277,142.18967991962106,104.35721975025119,22.018336443232382,1.092485549132948,0.022679036458333333
d2a301a486c84d41744f,test,3,0.8935112357139587,66202.0,0.6029949620601901,1.7905193803106358,116.7170478233286,52.59991991032084,156.43004743059123,114.52291471556751,23.84938521494819,0.9935064935064936,0.053875325520833336
d2a301a486c84d41744f,test,4,0.8571367263793945,78392.0,0.4315021100589701,1.813421852582838,103.31616746606797,46.285933075177155,144.10558475354628,99.19281304214715,17.53708286559853,0.9751381215469613,0.06379557291666667
d2a301a486c84d41744f,test,5,0.8461465239524841,17132.0,0.6099260858916552,1.808629106207782,138.7184216670558,40.71892721464635,185.55270838197526,136.4627013775391,27.433924819052066,0.7821229050279329,0.013942057291666667
d2a301a486c84d41744f,test,6,0.8407817482948303,7813.0,0.8034808994061796,1.813142430344587,131.47715346217842,32.91843079681642,169.55497248176115,131.82887495200308,29.668885191347755,1.029126213592233,0.006358235677083333
d2a301a486c84d41744f,test,7,0.797837495803833,13598.0,0.53291488924689,1.8232730552047554,133.71937049566114,38.96786204715641,176.19039564641858,131.77577584938962,32.227827621709075,1.3671875,0.011066080729166667
d2a301a486c84d41744f,test,8,0.6895169615745544,4113.0,0.725813439232108,1.846161503898177,121.0230974957452,25.28214147945133,160.63141259421346,120.3372234378799,20.53026987600292,1.7321428571428572,0.00334716796875
d2a301a486c84d41744f,test,9,0.680199146270752,1957.0,0.6778857133397488,1.7452371347016535,130.95247828308635,23.9588578171,171.0556974961676,130.88247317322433,26.037301992846192,2.1714285714285713,0.0015926106770833334
d2a301a486c84d41744f,test,10,0.6052947044372559,28181.0,0.4391873463502572,1.7838707273460526,139.28622121287393,50.63234480198906,186.32819985096341,136.57308115396899,29.844221283843723,1.2583732057416268,0.022933756510416667
d2a301a486c84d41744f,test,11,0.5827106237411499,2442.0,0.7167793396719421,1.7578195289110425,74.58190008190009,63.58205864716456,102.8038493038493,72.14291564291564,13.158886158886158,0.5064935064935064,0.0019873046875
d2a301a486c84d41744f,test,12,0.4106941819190979,15780.0,0.4113621647395847,1.7221707402500512,139.42148288973385,39.56776423903448,185.0448669201521,137.6223700887199,28.95171102661597,2.0,0.012841796875
d3004d606d2b2e82d3f9,test,1,0.8889830112457275,153810.0,0.4476966899144273,1.843469599104657,114.08228983811196,50.00453574495733,162.39246472921135,109.1551849684676,12.799512385410571,0.7741935483870968,0.1251708984375
d3004d606d2b2e82d3f9,test,2,0.7092390656471252,18285.0,0.6901604358357181,1.766984524142167,143.84572053595843,49.576997551540245,188.7732567678425,143.17281925075199,29.428657369428493,1.4772727272727273,0.01488037109375
d3004d606d2b2e82d3f9,test,3,0.6477742791175842,50158.0,0.6473006219853994,1.868073162963034,116.16561665138164,53.47045223654292,158.58317716017385,113.45575979903505,18.893516487898243,1.157676348547718,0.04081868489583333
d3004d606d2b2e82d3f9,test,4,0.5410588383674622,11623.0,0.7892337549026128,1.8350342813352523,127.49195560526542,52.28692292561719,176.87800051621784,123.67108319710918,17.677449883850986,1.54,0.009458821614583333
d3004d606d2b2e82d3f9,test,5,0.5156030058860779,18833.0,0.6796047062599747,1.7882911275768627,131.4096001699145,40.95832343627122,171.85254606276217,130.02081452769076,32.434343970689746,0.8021390374331551,0.015326334635416666
d3004d606d2b2e82d3f9,test,6,0.3941681683063507,70282.0,0.4258692204238745,1.7785801739522173,121.71463532625708,51.37182587190886,163.47847243960047,119.55327110782277,23.308443129108447,0.683698296836983,0.057195638020833335
d3004d606d2b2e82d3f9,test,7,0.37600669264793396,2189.0,0.6765562827292684,1.818974064337355,143.2453174965738,13.32938760815283,180.65372316126084,144.85427135678393,36.711740520785746,1.1090909090909091,0.0017814127604166667
d3c347c7d551e1119d18,test,1,0.9196208715438843,15796.0,0.5338238601048408,1.7721509891524556,132.04653076728286,23.45976118867164,187.17105596353508,127.51304127627247,10.72999493542669,0.6682464454976303,0.012854817708333334
d3c347c7d551e1119d18,test,2,0.8928064107894897,32958.0,0.5311073565526118,1.8025042740473927,135.4269373141574,36.09330672872586,188.374597973178,132.08398567874264,13.733478973238668,1.8924050632911393,0.0268212890625
d3c347c7d551e1119d18,test,3,0.8263436555862427,19282.0,0.6515069855760992,1.868418055577196,149.98646405974483,37.93469040034632,209.11513328492896,146.40628565501504,13.372212426096878,2.0530973451327434,0.01569173177083333
d3c347c7d551e1119d18,test,4,0.7795434594154358,4369.0,0.9024503629752877,1.7650922832032385,146.19523918516822,28.19900530921564,207.47745479514762,140.81414511329822,13.099336232547493,1.1304347826086956,0.003555501302083333
d3c347c7d551e1119d18,test,5,0.7675018310546875,4337.0,0.8753507159105024,1.7586445386999168,184.69748674198755,21.09535157578432,240.62301129813235,187.80770117592806,21.857505187917916,1.2,0.0035294596354166667
d3c347c7d551e1119d18,test,6,0.6812411546707153,58667.0,0.21909569426518077,1.8384572145725613,151.43262822370326,35.754513939747355,212.29677672285953,147.31637888421088,12.956824108953926,0.51,0.04774332682291667
d3c347c7d551e1119d18,test,7,0.6803253889083862,133669.0,0.22427111419741735,1.7334227349356899,128.48359754318503,44.1697904873456,186.86658088262797,121.43396000568569,11.649440034712612,1.0572519083969465,0.10878011067708333
d3c347c7d551e1119d18,test,8,0.6245317459106445,1944.0,0.8617661631250427,1.7901596831566462,147.6466049382716,13.885966685041506,196.91255144032922,146.66358024691357,23.417181069958847,1.125,0.00158203125
d3c347c7d551e1119d18,test,9,0.5107913017272949,5115.0,0.5817743847492467,1.7834076206702296,128.54975562072337,22.914623670183715,178.40078201368524,125.19628543499512,14.948387096774194,1.3125,0.00416259765625
d3c347c7d551e1119d18,test,10,0.38813233375549316,3813.0,0.8314101098272535,1.727248275473984,188.72619984264358,9.869355792006148,243.58798846052977,192.16863362182008,26.920797272488855,1.1176470588235294,0.00310302734375
d3c347c7d551e1119d18,test,11,0.2725522518157959,2535.0,0.6339373291296988,1.7499203818579645,152.89072978303747,8.240103313869023,206.79881656804733,151.93727810650887,16.237475345167653,0.6144578313253012,0.00206298828125
d4c0509d9969921fe7bf,test,1,0.8487159013748169,40073.0,0.36044281360769614,1.732422423022862,130.77618346517605,49.27570259880546,196.7871883812043,121.95029071943702,3.0613380580440697,0.8865030674846626,0.032611490885416664
d4c0509d9969921fe7bf,test,2,0.7923645973205566,23481.0,0.8971782533205679,1.8206761760032955,93.6786337890209,48.48686223067313,159.62037391933904,77.92095736978834,1.8535837485626676,0.9209039548022598,0.01910888671875
d4c0509d9969921fe7bf,test,3,0.7859420776367188,22203.0,0.6820944242839496,1.8002709099771321,151.50470657118407,41.029019677681056,220.77476016754494,145.02567220645858,3.1598432644237264,1.1222222222222222,0.01806884765625
d4c0509d9969921fe7bf,test,4,0.7688872814178467,10700.0,0.7115861477821012,1.8263020545826458,140.59757009345793,51.63345935473117,207.8988785046729,132.9941121495327,3.242056074766355,0.5769230769230769,0.008707682291666666
d4c0509d9969921fe7bf,test,5,0.6947585940361023,8163.0,0.8325255820832278,1.8421468684419153,152.28935440401813,41.85032883832271,224.51035158642657,144.64302339826045,2.1803258605904694,0.8067226890756303,0.00664306640625
d4c0509d9969921fe7bf,test,6,0.6423172354698181,10718.0,0.8589253267520962,1.8822982286539442,152.40352677738383,37.8608122395924,224.69929091248366,144.88766560925546,1.4322634819929092,1.0775862068965518,0.008722330729166667
d4c0509d9969921fe7bf,test,7,0.6392760872840881,9910.0,0.7066200679351768,1.8507025036584672,160.1021190716448,30.499234338042175,234.37618567103937,153.08930373360243,1.3437941473259334,0.5506329113924051,0.008064778645833333
d4c0509d9969921fe7bf,test,8,0.6153125762939453,10063.0,0.7467092289742923,1.8183869818848493,103.54814667594157,58.37517262829665,165.0747292060022,91.72950412401869,3.003179966212859,1.6704545454545454,0.008189290364583334
d4c0509d9969921fe7bf,test,9,0.5505577921867371,6394.0,0.7133139395489563,1.7953729090211936,157.55536440412888,47.119081438704825,225.5503597122302,152.2314670003128,6.643415702220832,0.7636363636363637,0.005203450520833333
d4c0509d9969921fe7bf,test,10,0.549422025680542,9953.0,0.7897881922379792,1.8086591432054042,111.29940721390535,65.28960575745643,171.1359389128906,102.2671556314679,0.9300713352757962,0.6573426573426573,0.008099772135416667
d4c0509d9969921fe7bf,test,11,0.5156992077827454,6880.0,0.7446713604278569,1.8052855330064392,170.3361918604651,28.14257561493367,233.94956395348837,170.05566860465117,4.870784883720931,0.8888888888888888,0.005598958333333333
d4c0509d9969921fe7bf,test,12,0.4821075201034546,9630.0,0.7391749320294126,1.819075585217214,134.3293873312565,43.04175950885845,207.44029075804778,122.8785046728972,1.5164070612668743,0.8518518518518519,0.0078369140625
d4c0509d9969921fe7bf,test,13,0.4735812842845917,6662.0,0.7699648929624517,1.788770243750567,116.38081657160012,47.662951651421736,188.72170519363556,102.03692584809366,0.5318222755929151,1.6567164179104477,0.005421549479166667
d4c0509d9969921fe7bf,test,14,0.4682005047798157,3557.0,0.6929234666540629,1.866232685550211,161.36885015462468,22.194365099492305,236.19482710149,154.4978914815856,0.42760753443913413,2.1333333333333333,0.002894694010416667
d4c0509d9969921fe7bf,test,15,0.3908628821372986,8903.0,0.8396813423717779,1.8472736122836406,136.3225878917219,43.83817556825562,208.71571380433562,125.45209479950579,2.380096596652814,0.9304347826086956,0.0072452799479166665
d4c0509d9969921fe7bf,test,16,0.35137778520584106,12073.0,0.4708636251572627,1.827596659590468,143.870289074795,55.14452512200188,209.58651536486374,137.98086639609045,1.8698749275242277,0.774390243902439,0.009825032552083333
d4c0509d9969921fe7bf,test,17,0.34921470284461975,8027.0,0.5671642147029267,1.8019588524511079,162.42058054067522,34.39439962136134,234.79581412732028,156.6743490718824,2.1675594867322787,0.564625850340136,0.006532389322916667
d4c0509d9969921fe7bf,test,18,0.3367961347103119,6601.0,0.41534567175966286,1.863483909208748,141.6388425996061,36.02980427444422,217.95621875473412,130.24087259506135,0.14694743220724132,3.0677966101694913,0.0053719075520833335
d4c0509d9969921fe7bf,test,19,0.3170976936817169,8351.0,0.810873991432234,1.8318936392401932,121.01640522093163,49.04137285033883,187.31672853550472,110.08861214225841,3.399712609268351,1.0,0.0067960611979166665
d4c0509d9969921fe7bf,test,20,0.3161014914512634,19385.0,0.6263086337273532,1.8037114064621609,133.57776631416044,44.34698053245808,205.407222078927,122.41160691256125,2.638792881093629,0.71875,0.015775553385416665
d4c0509d9969921fe7bf,test,21,0.30901333689689636,14553.0,0.2164490727759308,1.7433383342189988,131.5949975949976,63.8609304438065,192.02611145468288,125.46093588950731,4.654298082869511,4.790697674418604,0.01184326171875
d4c0509d9969921fe7bf,test,22,0.28033751249313354,5285.0,0.26148887964954154,1.7508367332589276,191.27228003784296,18.270992716305,249.0879848628193,197.35061494796594,8.302743614001892,2.3875,0.004300944010416667
d4c0509d9969921fe7bf,test,23,0.2769409120082855,3477.0,0.7951798987251599,1.8409743702035537,159.2200172562554,33.401914006591,230.70923209663502,153.12884670693126,2.99424791486914,1.2419354838709677,0.00282958984375
d4c0509d9969921fe7bf,test,24,0.26178449392318726,21731.0,0.36002038838853473,1.755636113279155,155.2535088122958,49.04532262357838,222.21494638994983,150.79609774055496,2.5948644793152638,0.6023166023166023,0.017684733072916667
d4c0509d9969921fe7bf,test,25,0.2552199959754944,19813.0,0.7404497805199687,1.8099740845693906,125.80553172159694,35.68502588924465,205.2885479230808,109.67677787311361,0.36647655579669913,0.6238095238095238,0.016123860677083334
d5500391c879f7600224,test,1,0.9270737171173096,143897.0,0.48610141904012205,1.8372028434818564,147.0192707283682,42.186993373953335,199.89580046839058,144.52358978991919,21.131788709980054,1.3537735849056605,0.11710367838541667
d5500391c879f7600224,test,2,0.8715946674346924,8081.0,0.7083281053941426,1.849192444300508,168.65709689394876,29.88893522512326,224.135255537681,168.00965227075858,26.44796436084643,1.351063829787234,0.006576334635416667
d5500391c879f7600224,test,3,0.8673359751701355,22970.0,0.5662380124318473,1.8083979552103235,147.38772311710926,40.89420231652498,203.80396168915976,143.19547235524598,20.914627775359165,1.2553191489361701,0.018693033854166666
d5500391c879f7600224,test,4,0.852889895439148,17616.0,0.3390969199327131,1.8364396103998462,140.62113987284286,35.0957247211855,195.39816076294278,136.4838782924614,18.18789736603088,0.29375,0.0143359375
d5500391c879f7600224,test,5,0.8413863182067871,51545.0,0.31827624993984255,1.7161409116387831,141.9159181297895,37.27331669617958,199.2979532447376,137.15502958579881,15.865573770491803,0.7678571428571429,0.041947428385416666
d5500391c879f7600224,test,6,0.83226478099823,70200.0,0.42053026116851533,1.7971629469876678,122.68488603988604,37.14152082628022,171.47650997150998,118.56917378917379,15.85428774928775,1.4817275747508305,0.05712890625
d5500391c879f7600224,test,7,0.8056855201721191,16783.0,0.6104670159834256,1.7596882419391158,156.90395042602634,44.504265359977474,211.5074182208187,154.7716737174522,24.5995352439969,0.7821229050279329,0.013658040364583334
d5500391c879f7600224,test,8,0.8010880351066589,13187.0,0.41054417422553446,1.7167738027465413,139.33965268825358,28.289763829253236,192.1396830211572,135.9095321149617,18.396071888981574,0.9438202247191011,0.010731608072916666
d5500391c879f7600224,test,9,0.7910314202308655,5121.0,0.8016920410147326,1.8037824197850203,152.2149970708846,26.5088265457386,206.86526069127123,148.90568248388988,25.801796524116384,1.0833333333333333,0.00416748046875
d5500391c879f7600224,test,10,0.7082734704017639,26527.0,0.3778290691916545,1.79431771258236,117.05639537075433,36.52502865528151,162.78116635880423,113.62475967881781,14.74241339013081,0.8235294117647058,0.021587727864583333
d5500391c879f7600224,test,11,0.40551966428756714,741.0,0.439255672024587,1.7348861281183414,143.73009446693658,11.440629995805631,189.69095816464238,143.5357624831309,24.110661268556004,3.611111111111111,0.00060302734375
d60c2d0aa4b5d8e58821,test,1,0.9428930282592773,24875.0,0.6874084659544997,1.8094807564030406,118.94922613065327,38.78548185750326,168.1954974874372,114.30657286432161,13.593929648241206,0.9253731343283582,0.020243326822916668
d60c2d0aa4b5d8e58821,test,2,0.8563202023506165,11462.0,0.6951945850418849,1.8348020056995842,153.21374978188797,49.006913496942495,212.78450532193335,150.26260687489093,12.193683475833188,2.2531645569620253,0.009327799479166666
d60c2d0aa4b5d8e58821,test,3,0.855079174041748,6148.0,0.8601098791843981,1.7828687259429026,134.2312947299935,16.546631228894917,183.36711125569292,131.8332791151594,17.60182173064411,0.8888888888888888,0.005003255208333333
d60c2d0aa4b5d8e58821,test,4,0.7830533981323242,90392.0,0.316383606633964,1.8692953439019353,116.4766019116736,32.77852266790176,167.42205062394902,111.31488406053633,9.413698114877423,0.3588039867109635,0.07356119791666667
d60c2d0aa4b5d8e58821,test,5,0.7476240396499634,42364.0,0.34857085983307945,1.795639638542287,147.29850816731187,33.28593936572745,208.93893400056652,141.87798602587102,13.489401378528939,0.6253101736972705,0.034475911458333335
d60c2d0aa4b5d8e58821,test,6,0.6764041185379028,112359.0,0.2612561783602166,1.8519891648663263,107.99217686166662,42.21691708560016,161.7921839817015,100.12967363540082,7.394182931496364,0.852589641434263,0.09143798828125
d60c2d0aa4b5d8e58821,test,7,0.3550427556037903,782.0,0.7862141583761857,1.906574636373602,139.1381074168798,10.87331633784445,189.69948849104858,137.0447570332481,17.12148337595908,1.0666666666666667,0.0006363932291666666
d60c2d0aa4b5d8e58821,test,8,0.3259865939617157,20961.0,0.6021897788656339,1.7793621308839047,138.28805877582175,40.59098315879531,199.2260388340251,131.6619436095606,12.583607652306664,0.7289719626168224,0.01705810546875
d640ecfb90bb1e12c031,test,1,0.7493841052055359,17915.0,0.4874210348255695,1.78250067942967,126.82048562656992,34.841665448560576,182.05386547585823,121.29466927156014,10.34786491766676,1.7338129496402879,0.014579264322916667
d640ecfb90bb1e12c031,test,2,0.5348455309867859,2690.0,0.8519244844331245,1.8702115748849935,185.51189591078068,16.652518249907875,241.26728624535315,189.05910780669146,20.932342007434944,0.84375,0.0021891276041666667
d640ecfb90bb1e12c031,test,3,0.4929604232311249,414096.0,0.11306101096682605,1.8184276988068244,111.31722354236699,47.69470384669339,167.26960656466133,103.06246136161663,7.156026621846142,1.2059765208110993,0.3369921875
d640ecfb90bb1e12c031,test,4,0.4837753176689148,37260.0,0.4290741390082472,1.8566005460272,115.6048309178744,41.98496891603185,173.70356951154054,107.1842190016103,6.698148148148148,0.5549132947976878,0.030322265625
d640ecfb90bb1e12c031,test,5,0.3336077332496643,1978.0,0.7803964068727559,1.793761043110225,131.8377148634985,40.66756462058499,182.14863498483317,128.37917087967645,17.644084934277046,1.441860465116279,0.0016097005208333334
d640ecfb90bb1e12c031,test,6,0.32089152932167053,12899.0,0.5291154923013537,1.8084720157043963,116.40390727963408,49.887703683009015,173.39351887743237,108.13985580277541,9.495774866268704,0.6185567010309279,0.010497233072916667
d787c15db7a57f907561,test,1,0.8728312849998474,15542.0,0.6832680528583199,1.778910431402752,131.84384249131386,35.84278968449448,191.03326470209754,125.3711877493244,9.90638270492858,1.2137931034482758,0.012648111979166666
d787c15db7a57f907561,test,2,0.8452696204185486,34617.0,0.2814902260679294,1.807856368528044,122.44923014703758,36.214270801076985,173.32622699829562,118.03414507322992,11.671779761388914,2.073298429319372,0.02817138671875
d787c15db7a57f907561,test,3,0.8290890455245972,8367.0,0.7279490262188827,1.8311090926696971,145.35138042309072,43.48099838109811,203.14234492649695,141.5507350304769,13.338114019361779,0.875,0.00680908203125
d787c15db7a57f907561,test,4,0.8013405799865723,14601.0,0.5772440246591495,1.7216204498414325,117.14382576535854,46.21251562765704,166.5509896582426,112.4555167454284,11.701458804191494,0.9559748427672956,0.01188232421875
d787c15db7a57f907561,test,5,0.738679051399231,20765.0,0.6169651367351762,1.7752380508446874,122.48822537924391,51.7125575120357,174.20433421622923,117.22277871418252,14.011991331567542,1.2202380952380953,0.016898600260416667
d787c15db7a57f907561,test,6,0.5252810716629028,3501.0,0.6273780712138536,1.8314487331408125,165.30791202513566,30.281088518437386,226.35618394744358,163.9945729791488,11.956869465866895,1.6071428571428572,0.00284912109375
d787c15db7a57f907561,test,7,0.5216758251190186,64675.0,0.3283680896544594,1.800378594448774,139.63505218399692,42.25173864382339,197.65499806725938,135.05570931580982,11.076119056822574,1.4330218068535825,0.052632649739583336
d787c15db7a57f907561,test,8,0.5205877423286438,10937.0,0.6363516838961826,1.8186443092038223,161.95327786413094,28.744820563760808,222.52628691597332,160.3430556825455,11.39983542104782,2.1294117647058823,0.008900553385416666
d787c15db7a57f907561,test,9,0.5164039731025696,5132.0,0.5039681609890224,1.8624667173450788,120.24201091192518,37.70608072274117,170.83183943881528,115.8078721745908,10.315081839438815,2.457627118644068,0.004176432291666666
d787c15db7a57f907561,test,10,0.5099923610687256,6631.0,0.7102011785775398,1.778721196131902,108.54531744834867,42.37179538563948,165.70049766249434,98.91373850098024,8.212034383954155,0.8660714285714286,0.005396321614583333
d787c15db7a57f907561,test,11,0.5082409381866455,32051.0,0.2751264558182984,1.7838920104982616,127.21181866400424,39.6673277953164,185.0203425790147,120.42491653926554,10.507597266855948,1.3774509803921569,0.026083170572916668
d787c15db7a57f907561,test,12,0.4482031464576721,4119.0,0.8009819202254337,1.8716740065840838,147.87351298858945,33.48020725446827,206.5972323379461,143.64724447681476,15.626122845350814,1.5666666666666667,0.00335205078125
d787c15db7a57f907561,test,13,0.43538522720336914,13921.0,0.44115916252691717,1.7603179499507762,122.51864090223404,50.14114365709344,178.66618777386682,115.45822857553337,11.667768120106315,0.8192090395480226,0.011328938802083334
d787c15db7a57f907561,test,14,0.42660850286483765,9119.0,0.5458384809411722,1.8037313603343614,139.66323061739226,39.623378810953476,197.39730233578243,134.63746024783418,14.064371093321636,0.8947368421052632,0.007421061197916667
d787c15db7a57f907561,test,15,0.3589637577533722,20193.0,0.4533123904933335,1.7738059423236392,131.27024216312583,37.524041576793294,188.47169811320754,125.3709701381667,11.600851780319912,0.7942583732057417,0.01643310546875
d787c15db7a57f907561,test,16,0.3344264030456543,30640.0,0.258993763662434,1.8000686558039785,141.40319843342036,36.00024517910124,198.65146866840732,136.92467362924282,14.266971279373369,0.46685082872928174,0.024934895833333335
d787c15db7a57f907561,test,17,0.293769896030426,2884.0,0.8735807635768338,1.8836413081559944,127.4753814147018,39.28548402691512,174.55721220527045,124.8363384188627,17.47642163661581,1.0508474576271187,0.0023470052083333333
d787c15db7a57f907561,test,18,0.2884996235370636,5080.0,0.450460949002445,1.7987468670302105,145.59606299212598,23.156320548618314,196.26535433070867,144.03838582677164,20.555905511811023,2.6440677966101696,0.004134114583333333
d787c15db7a57f907561,test,19,0.2741098999977112,10703.0,0.21031672909397395,1.8254154415439372,125.58376156217882,31.35694840662342,177.1550032701112,121.62767448378959,10.597869756143137,6.839285714285714,0.008710123697916667
d8b8a6150706f2e59b21,test,1,0.8860103487968445,38614.0,0.4903979289211014,1.8564078159066937,111.88483451597867,47.30093864592908,152.76811519138136,109.09180608069612,18.990702853887193,1.8736263736263736,0.031424153645833335
d8b8a6150706f2e59b21,test,2,0.8585361242294312,7399.0,0.7413276105287573,1.8252712546346639,136.71509663468035,42.277466376612004,183.56318421408298,133.62170563589675,29.714285714285715,0.688,0.0060213216145833335
d8b8a6150706f2e59b21,test,3,0.7341961860656738,6510.0,0.7049681101776891,1.79831785533234,171.46374807987712,35.94324110794131,216.8917050691244,174.12334869431643,38.52319508448541,1.255813953488372,0.0052978515625
d8b8a6150706f2e59b21,test,4,0.6738365888595581,2751.0,0.5469912526711714,1.8313750669959912,123.6604870956016,37.032248882144586,157.78880407124683,124.19011268629589,31.37368229734642,2.675675675675676,0.00223876953125
d8b8a6150706f2e59b21,test,5,0.622530460357666,251467.0,0.1352704110231486,1.811168841514701,126.44806276767926,51.23490197721919,174.61206838273014,122.57667208818653,20.035400271208548,0.8620689655172413,0.20464436848958334
d8b8a6150706f2e59b21,test,6,0.6191418170928955,20269.0,0.5054195998401306,1.7683154073730993,142.63204894173367,45.06792710159155,186.9607282056342,142.4373674083576,27.313730327100497,0.7012448132780082,0.016494954427083333
d8b8a6150706f2e59b21,test,7,0.5064343214035034,6678.0,0.7284134494574157,1.8000934809438576,162.50658879904162,34.9385744520275,203.21578316861337,162.79754417490267,54.129979035639415,1.1382978723404256,0.0054345703125
d8b8a6150706f2e59b21,test,8,0.4990346133708954,37508.0,0.5557770355487313,1.8162682290325598,71.42532259784579,36.95799297676128,106.56180014930148,66.0825157299776,6.86418897301909,1.8830409356725146,0.030524088541666668
d8b8a6150706f2e59b21,test,9,0.36686447262763977,16395.0,0.7959692883746863,1.8673932930988122,133.36175663311985,52.165559408244164,182.15803598658127,130.57114974077462,19.756572125648063,1.3671875,0.01334228515625
d8b8a6150706f2e59b21,test,10,0.36537861824035645,33312.0,0.5125187133936876,1.8104285754929732,97.5066042267051,49.10768817646019,139.0188220461095,92.75927593659942,13.061509365994237,1.3121951219512196,0.027109375
d903101bb44aee50ffcb,test,1,0.6406540870666504,14402.0,0.5683629903640317,1.84630862775114,141.86731009582002,61.43097860117377,191.0970004166088,140.12727398972365,21.735522844049438,1.5691056910569106,0.011720377604166667
d903101bb44aee50ffcb,test,2,0.6187140345573425,327060.0,0.19265556872939038,1.8253146882173634,117.72920565033938,56.1036392908087,161.83098208279827,114.05525591634563,20.994921421145968,0.7788018433179723,0.266162109375
d903101bb44aee50ffcb,test,3,0.5967918634414673,41791.0,0.45471551398486326,1.8294635444495833,124.61970280682444,55.61299420091517,169.30171568040967,121.59838242683831,22.958507812686943,1.3794642857142858,0.034009602864583335
d903101bb44aee50ffcb,test,4,0.48497843742370605,16158.0,0.546492427404466,1.8167066774930574,151.93247926723603,55.782620843297444,199.3468251021166,152.79644758014607,23.14803812353014,2.484848484848485,0.0131494140625
d903101bb44aee50ffcb,test,5,0.43819907307624817,3858.0,0.8419269973264102,1.8636100489290248,159.53421461897355,50.536643167726105,204.99611197511663,160.7731985484707,33.80482115085537,0.7654320987654321,0.0031396484375
d903101bb44aee50ffcb,test,6,0.36402589082717896,17370.0,0.5178366902184235,1.7564046112361953,117.94029936672423,62.44010744142484,160.94093264248704,114.44715025906736,23.154346574553827,1.1589403973509933,0.0141357421875
d903101bb44aee50ffcb,test,7,0.27157625555992126,7118.0,0.34255841091883804,1.8765670608485776,107.41809497049734,46.65608895231046,147.37440292216914,104.88451812306828,15.655521213824107,3.557377049180328,0.005792643229166667
d91c629ab506577f0e4f,test,1,0.9120494723320007,14790.0,0.7461538724378125,1.765164206317132,137.75043948613927,40.03275017644779,184.8788370520622,135.4918187964841,25.677011494252874,1.1164383561643836,0.0120361328125
d91c629ab506577f0e4f,test,2,0.8614343404769897,73571.0,0.49947136345851917,1.872255221818985,118.4235772247217,43.66835579121104,159.4006062171236,115.75668401951856,24.61506571882943,0.4525691699604743,0.05987223307291667
d91c629ab506577f0e4f,test,3,0.8319916129112244,18750.0,0.3678807596408176,1.7422487959805248,159.03093333333334,44.018433749913854,208.45904,159.57818666666665,26.48992,1.2378048780487805,0.0152587890625
d91c629ab506577f0e4f,test,4,0.7776653170585632,17999.0,0.3866115399317176,1.8281736564881965,109.4219123284627,36.596028372147366,150.89604978054336,106.563586865937,15.334018556586477,0.3273381294964029,0.014647623697916667
d91c629ab506577f0e4f,test,5,0.7447459101676941,34043.0,0.3780427146138709,1.781673487082395,121.47099256822254,45.850314418664254,167.21164409717122,119.0780483506154,13.835560908263078,0.3649025069637883,0.02770426432291667
d91c629ab506577f0e4f,test,6,0.5030350089073181,271294.0,0.13314163658667882,1.8098925427051222,118.26635310769866,49.642289969664056,166.15294846181632,113.5597248741218,16.882971978738933,1.0120160213618157,0.22077962239583335
d91c629ab506577f0e4f,test,7,0.4938771426677704,5276.0,0.5482608443312472,1.783808754513546,148.8409780136467,18.04651128267275,186.2018574677786,151.32865807429872,37.93043972706596,1.1734693877551021,0.0042936197916666665
d91c629ab506577f0e4f,test,8,0.3373546302318573,88603.0,0.45912675789752844,1.8218841624874251,147.4349175535817,42.93870431132664,193.24451767998826,147.19047887769037,28.49426091667325,1.2320441988950277,0.07210530598958333
d9676395245e405b6c1e,test,1,0.892402708530426,12066.0,0.8050334928109937,1.833166095460276,110.92657052875849,50.65291008396439,160.45665506381567,105.40485662191281,9.422758163434445,0.8796992481203008,0.0098193359375
d9676395245e405b6c1e,test,2,0.8671044707298279,12382.0,0.6273783454191261,1.7247625393730979,133.8427556129866,43.960738240354104,190.36553060894846,129.34752059441124,8.761104829591343,1.105263157894737,0.010076497395833333
d9676395245e405b6c1e,test,3,0.8634046316146851,19762.0,0.48609477205490037,1.8309773773672005,122.21111223560368,41.76388275327065,175.96012549337112,117.05647201700232,7.776338427284688,0.40441176470588236,0.016082356770833334
d9676395245e405b6c1e,test,4,0.6084581017494202,85173.0,0.33007049802838856,1.8063891600150568,129.9975226891151,39.774621369131765,190.73328402193184,122.74468434832635,8.050379815199653,0.9156908665105387,0.06931396484375
d9676395245e405b6c1e,test,5,0.5102040767669678,5263.0,0.8441446014949777,1.75376778245427,165.09538286148583,15.54477891728342,224.773323199696,163.42181265437964,17.115713471404142,0.9659090909090909,0.004283040364583333
d9676395245e405b6c1e,test,6,0.5100634694099426,5603.0,0.8035744357872632,1.772975411218294,154.06603605211492,29.699048404164817,217.08656077101554,149.72907371051224,11.079421738354453,0.9239130434782609,0.0045597330729166665
d9676395245e405b6c1e,test,7,0.3720545768737793,78990.0,0.2085989340757517,1.7363019470993868,150.93386504620838,48.183819348732484,209.75337384479047,148.4273072540828,9.591214077731358,2.021818181818182,0.0642822265625
d9676395245e405b6c1e,test,8,0.2633388340473175,366008.0,0.09671554075043612,1.8196190181885203,133.75321304452362,47.40485048626101,193.97935564249963,127.54273677078096,7.801127297763983,0.9708029197080292,0.29785807291666666
d97eb6d91db7520a1770,test,1,0.9166679382324219,50670.0,0.5079644473544479,1.7855387380404844,106.37199526346951,39.392946682094994,158.2109729623051,99.38496151568975,6.403256364712848,1.0693430656934306,0.0412353515625
d97eb6d91db7520a1770,test,2,0.8858591914176941,53765.0,0.5002360763241248,1.8517168318324901,138.2744164419232,47.80140712961692,200.82291453547847,132.33754301125268,4.880033479029108,1.8504672897196262,0.04375406901041667
d97eb6d91db7520a1770,test,3,0.871322512626648,13111.0,0.674776062888464,1.8472216165929267,144.20356952177562,48.65505098333274,206.22462054763176,139.52909770421783,5.65502250019068,0.7439024390243902,0.010669759114583333
d97eb6d91db7520a1770,test,4,0.8539940118789673,13060.0,0.7339863312808091,1.8423347974244852,141.64096477794794,43.89662041207875,204.31493108728944,135.96033690658498,6.5801684532924964,0.650887573964497,0.010628255208333333
d97eb6d91db7520a1770,test,5,0.8296076655387878,2875.0,0.8179384880234605,1.7847419066308587,173.9373913043478,19.487224179912985,235.48034782608696,174.27095652173912,10.614260869565218,0.6710526315789473,0.0023396809895833335
d97eb6d91db7520a1770,test,6,0.8146679997444153,12640.0,0.7852716084887388,1.8801198854393242,120.13180379746835,55.933350945675855,178.36534810126582,112.8001582278481,5.185680379746835,0.7619047619047619,0.010286458333333333
d97eb6d91db7520a1770,test,7,0.8145939707756042,10934.0,0.3761418355151858,1.788619377141544,140.71382842509604,34.985878111002535,204.63471739528077,134.19617706237423,6.660234132065118,0.30364372469635625,0.008898111979166666
d97eb6d91db7520a1770,test,8,0.8075229525566101,4485.0,0.4823572342055725,1.8301475735709263,121.72998885172798,42.942246913861226,172.3335562987737,117.91148272017837,8.581716833890747,2.1333333333333333,0.00364990234375
d97eb6d91db7520a1770,test,9,0.7263228893280029,3894.0,0.7945466990608857,1.7505459568741246,162.18746789933232,15.367214987260574,226.91576784797124,159.26759116589625,7.1628145865434005,1.1791044776119404,0.0031689453125
d97eb6d91db7520a1770,test,10,0.5755054354667664,66175.0,0.2735879791232955,1.7684496008665946,120.94732149603324,42.52385776508658,176.57032111824708,114.71407631280695,7.19681148469966,1.2930513595166162,0.053853352864583336
d97eb6d91db7520a1770,test,11,0.49732449650764465,2845.0,0.7804869004331071,1.833685302070208,154.41757469244288,23.420657828048963,213.54551845342706,152.03093145869948,11.586291739894552,1.0833333333333333,0.002315266927083333
d97eb6d91db7520a1770,test,12,0.382995069026947,6975.0,0.8648555702303433,1.797215213318844,84.6384229390681,51.147363319860496,131.45304659498208,76.37132616487455,4.563727598566309,1.25,0.00567626953125
d97eb6d91db7520a1770,test,13,0.29396697878837585,3006.0,0.7788683250701826,1.8139197187357334,78.72255489021956,67.63622465677082,112.49900199600799,75.82235528942115,4.962408516300732,1.5510204081632653,0.0024462890625
d97eb6d91db7520a1770,test,14,0.2924689054489136,2213.0,0.8044905186213693,1.812313508274431,178.6168097605061,19.66852576742712,239.36601897876187,180.62313601446002,8.798011748757343,1.0,0.0018009440104166667
db321b2fccf27672a381,test,1,0.73276686668396,33872.0,0.7793467219560983,1.8765592616726765,138.72830066131317,49.58009215634595,200.41801487954652,132.99468587623997,6.512635805384979,0.7851239669421488,0.027565104166666667
db321b2fccf27672a381,test,2,0.719352662563324,3918.0,0.7842977816015345,1.7313565267373947,171.76722817764164,26.492352581513373,234.19525267993873,171.02986217457888,11.653139356814702,1.2205882352941178,0.0031884765625
db321b2fccf27672a381,test,3,0.6890254020690918,3546.0,0.8284335131583394,1.7211673235070748,155.08488437676255,26.190629687326485,217.32825719120135,151.5107163000564,10.09306260575296,0.9428571428571428,0.0028857421875
db321b2fccf27672a381,test,4,0.6664869785308838,1557.0,0.565046076222793,1.8219886296911312,158.52729608220938,22.346976103867778,221.96467565831728,154.9678869621066,10.111753371868978,3.0384615384615383,0.00126708984375
db321b2fccf27672a381,test,5,0.659442663192749,14790.0,0.6780597123895942,1.8753078015716425,143.1446923597025,31.02188191305182,207.1925625422583,137.1267748478702,6.152941176470589,1.6428571428571428,0.0120361328125
db321b2fccf27672a381,test,6,0.653058648109436,4310.0,0.8517502741921923,1.7764233632887,144.88561484918793,70.21180519607155,196.45313225058004,144.20533642691416,13.072157772621809,0.7831325301204819,0.0035074869791666668
db321b2fccf27672a381,test,7,0.5592900514602661,393603.0,0.18551909680971498,1.856453315134451,107.44335790123552,50.713560157110706,164.00842727316612,98.49862932955287,5.264591479231612,0.7145833333333333,0.32031494140625
db321b2fccf27672a381,test,8,0.5234663486480713,10016.0,0.6006478972036634,1.795082133585918,173.6818091054313,38.4598782237947,233.21505591054313,175.57527955271564,7.737919329073482,2.2567567567567566,0.008151041666666666
db321b2fccf27672a381,test,9,0.41052234172821045,46849.0,0.42036671541678283,1.7533347595223556,147.4006062029072,49.113197397122036,210.68426220410254,142.5713462400478,6.327904544387287,0.7108753315649867,0.03812581380208333
db321b2fccf27672a381,test,10,0.3545450270175934,31231.0,0.616237164635071,1.7929170236671748,123.4160929845346,59.44815757131582,184.28231564791392,115.47203099484487,4.826774679004835,0.7158671586715867,0.025415852864583335
db321b2fccf27672a381,test,11,0.2747206389904022,8052.0,0.6295296596521819,1.91773038102989,82.12891207153503,42.06536055978904,143.3038996522603,66.62481371087928,1.6995777446597118,2.6724137931034484,0.006552734375
db321b2fccf27672a381,test,12,0.2589849531650543,15843.0,0.801424859784154,1.8874423266253415,77.23650823707631,41.725062004993624,131.50602789875654,63.93883734141261,3.5810136969008397,1.4672131147540983,0.01289306640625
db321b2fccf27672a381,test,13,0.2548590898513794,22445.0,0.5889075325926169,1.7956113591905534,143.5041657384718,45.46385905158116,203.75286255290712,139.0004455335264,8.727779015370906,1.047872340425532,0.018265787760416666
dcb0fe2f816510bcc1df,test,1,0.9336326122283936,60032.0,0.3897938552354307,1.7616742829315781,117.30505397121536,54.41127300086487,161.98394189765457,113.47566297974414,19.834954690831555,0.9703264094955489,0.048854166666666664
dcb0fe2f816510bcc1df,test,2,0.9283760190010071,123773.0,0.30950376331257184,1.8227120694995798,105.55948389390255,47.22157631504698,145.43434351595258,101.96217268709654,19.497305551291475,0.6690391459074733,0.10072672526041666
dcb0fe2f816510bcc1df,test,3,0.8996150493621826,9628.0,0.5684696884490995,1.8692798490458735,83.75373909430827,42.701788991439734,121.1517449106772,78.95762359783963,10.399044453676776,1.182608695652174,0.007835286458333333
dcb0fe2f816510bcc1df,test,4,0.8858788013458252,13164.0,0.5136401259492582,1.8327018309265681,101.88802795502886,40.009681441184284,135.7411121239745,100.2538742023701,21.475463384989364,1.8584905660377358,0.010712890625
dcb0fe2f816510bcc1df,test,5,0.6909873485565186,2260.0,0.5510867084004143,1.9076886940666515,164.86991150442478,49.130149323592946,207.97389380530973,165.9274336283186,46.26106194690266,2.875,0.0018391927083333333
e21eb197bf2929be5fab,test,1,0.8562334179878235,10810.0,0.5618562362481607,1.7919098061079082,73.97622571692877,57.482461541149384,111.33024976873266,67.95467160037003,7.135430157261794,2.4814814814814814,0.008797200520833333
e21eb197bf2929be5fab,test,2,0.8318597078323364,6367.0,0.6894826355608827,1.7848196839523285,152.47761897282865,30.895768982574296,216.34380398931992,147.55080885817497,10.3029684309722,0.6724137931034483,0.005181477864583333
e21eb197bf2929be5fab,test,3,0.7956402897834778,15015.0,0.6325591188511936,1.779287849033622,128.76223776223776,25.0102439069899,183.02297702297702,123.95397935397935,11.117682317682318,0.7714285714285715,0.01221923828125
e21eb197bf2929be5fab,test,4,0.6949430108070374,28563.0,0.5458551193730227,1.8887191836795476,93.5583097013619,36.334547417517996,143.7301053810874,85.0477540874558,5.813394951510696,1.310734463276836,0.02324462890625
e21eb197bf2929be5fab,test,5,0.66510009765625,86402.0,0.22843548073892483,1.7863156071232063,100.83839494456147,41.50687232083103,153.43789495613527,92.34639244461934,6.631397421355987,0.5592233009708738,0.07031412760416667
e21eb197bf2929be5fab,test,6,0.5598790049552917,1614.0,0.7241595352107819,1.7348357299328465,86.07682775712516,44.9397260758873,133.50495662949194,78.03531598513011,3.2261462205700124,0.576271186440678,0.0013134765625
e21eb197bf2929be5fab,test,7,0.5507065057754517,63728.0,0.5559895079997089,1.8236068164446422,69.90172294752699,50.679979203184544,113.6043654280693,60.41226776299272,4.272125282450414,1.18,0.05186197916666667
e21eb197bf2929be5fab,test,8,0.4940450191497803,2754.0,0.3678883295350131,1.6365003726177716,174.43173565722586,28.576971613058486,234.2403776325345,174.9720406681191,14.770152505446623,4.090909090909091,0.0022412109375
e21eb197bf2929be5fab,test,9,0.48615947365760803,257702.0,0.16423491596134757,1.81943578688242,127.68654880443303,41.477360221952196,186.52592529355613,120.63232338126984,9.707631295061738,1.2919075144508672,0.20971842447916667
e21eb197bf2929be5fab,test,10,0.2857278883457184,21506.0,0.6631956594905288,1.7853870467580735,107.40081837626708,42.3672015898725,165.39003068911,97.49032828047987,6.387705756533061,0.6267281105990783,0.017501627604166667
e362a4d631712e1cc110,test,1,0.8710822463035583,39305.0,0.6694932437990662,1.887728642203112,99.49729042106603,48.68885920930652,157.41941228851292,88.98336089556037,1.8428444218292839,1.1288888888888888,0.03198649088541667
e362a4d631712e1cc110,test,2,0.8673707842826843,7749.0,0.7140782233645118,1.826612920222907,151.78758549490257,32.620184612457486,217.34920634920636,147.38882436443413,2.652084139889018,1.4651162790697674,0.00630615234375
e362a4d631712e1cc110,test,3,0.8536665439605713,11861.0,0.7044994105130403,1.8444879870263662,121.9494983559565,47.92518755854952,183.835005480145,113.80397942837872,1.7211870837197538,0.46551724137931033,0.009652506510416667
e362a4d631712e1cc110,test,4,0.850455641746521,11204.0,0.65867791229186,1.7992942661862577,139.74634059264548,38.73786977160275,205.700642627633,133.00437343805783,1.723223848625491,1.7857142857142858,0.009117838541666666
e362a4d631712e1cc110,test,5,0.8461092710494995,9616.0,0.6994481754807229,1.805881108546972,139.39080698835275,41.471753497018774,205.71214642262896,132.25571963394341,2.307716306156406,0.6089743589743589,0.007825520833333334
e362a4d631712e1cc110,test,6,0.8217745423316956,8723.0,0.6943733236146846,1.8422503628354328,150.73518284993696,27.67108832361566,217.1162444113264,145.5689556345294,3.444915739997707,0.8861788617886179,0.007098795572916667
e362a4d631712e1cc110,test,7,0.7999847531318665,5560.0,0.6724012862336922,1.7523487280675274,138.0589928057554,41.22336648442605,202.25773381294965,131.57122302158274,3.054136690647482,1.5135135135135136,0.004524739583333334
e362a4d631712e1cc110,test,8,0.794163703918457,10962.0,0.707334292900642,1.8194540731311881,137.1246122970261,46.35191944262429,199.4823024995439,131.41561758803138,3.16082831600073,0.8865248226950354,0.0089208984375
e362a4d631712e1cc110,test,9,0.6572660803794861,35036.0,0.48348972094652976,1.7974606681653393,117.6844674049549,51.022475786345794,179.06507592190889,108.72593903413632,3.0088480420139287,1.982248520710059,0.028512369791666665
e362a4d631712e1cc110,test,10,0.5554794669151306,49807.0,0.3923685138287074,1.8553119867686572,104.25000501937478,46.638133803522,167.29825124982432,91.90617784648744,2.639608890316622,1.6486486486486487,0.040533040364583335
e362a4d631712e1cc110,test,11,0.4088097810745239,10819.0,0.46485969013235945,1.6731385183554972,140.08503558554395,50.279010575503065,202.43784083556704,135.0352158240133,2.7573712912468804,0.7840909090909091,0.008804524739583333
e362a4d631712e1cc110,test,12,0.34533077478408813,20535.0,0.7558042279907241,1.7931862075617762,103.47703920136352,54.193402781064336,163.1654248843438,92.73201850499147,2.4451424397370345,1.1753246753246753,0.01671142578125
e362a4d631712e1cc110,test,13,0.3008749485015869,7604.0,0.6257410797474693,1.7431833305397262,152.55431351920043,29.225813157607416,220.45936349289846,147.09573908469227,2.760126249342451,0.7132352941176471,0.006188151041666667
e362a4d631712e1cc110,test,14,0.26731550693511963,1021.0,0.6653013078416948,1.7707741335755003,174.61900097943192,14.58054704012251,240.66307541625858,174.53085210577865,1.8589618021547503,0.375,0.0008308919270833333
e56106eb7ae05d849f9c,test,1,0.5184292793273926,297178.0,0.21815824293093256,1.8261730907866083,102.49127458963989,55.561301163025426,146.72514452617622,97.20917766456468,13.71598166755278,0.7723156532988357,0.24184407552083334
e56106eb7ae05d849f9c,test,2,0.516228199005127,6759.0,0.6429422044846446,1.800660421341639,153.09897913892587,70.27162945346215,193.94363071460276,155.35478621097795,34.28894806924101,1.4285714285714286,0.00550048828125
e56106eb7ae05d849f9c,test,3,0.44755521416664124,12887.0,0.5709882273888134,1.7446652914973078,132.09854892527352,31.57083849075939,173.03864359431986,131.1305191278032,29.59858772406301,1.3134328358208955,0.010487467447916666
e56106eb7ae05d849f9c,test,4,0.278739333152771,120394.0,0.27479773694022136,1.8449263037765409,147.6599415253252,47.04295493306336,194.54436267588085,147.08140771134774,27.625355084140406,1.1098130841121496,0.09797688802083333
e7d5a9330c4ce10816db,test,1,0.8972617983818054,33173.0,0.538156923242915,1.8165746475149045,132.7938082175263,27.441663129198496,186.1280258041178,128.98721852108642,12.440448557561872,1.1111111111111112,0.026996256510416667
e7d5a9330c4ce10816db,test,2,0.8316382169723511,11633.0,0.4189645798472126,1.8518094385139277,144.189289091378,29.397095418905515,199.85824808733776,141.29132639903722,13.081062494627353,2.0425531914893615,0.009466959635416666
e7d5a9330c4ce10816db,test,3,0.8153419494628906,22062.0,0.47424817827806026,1.7856853166679554,159.59133351464055,22.330926278800508,220.43064998640196,156.47135345843532,15.964327803462968,0.8552631578947368,0.0179541015625
e7d5a9330c4ce10816db,test,4,0.8049298524856567,105353.0,0.2712570500992197,1.873830688152396,154.6422503393354,43.837567592186815,214.54022192059077,151.8143004945279,12.130371228156768,2.76171875,0.08573649088541667
e7d5a9330c4ce10816db,test,5,0.760942280292511,87036.0,0.2295601776918873,1.7947185087263726,119.9464819155292,42.4434889367311,177.2132221149869,112.3736384944161,8.735718553242336,0.8707627118644068,0.070830078125
e7d5a9330c4ce10816db,test,6,0.7195241451263428,109142.0,0.26678376472826115,1.7765706378558992,112.67432335856041,41.88168176304684,163.29968298180353,106.67948177603489,10.750398563339502,1.119914346895075,0.08881998697916667
e7d5a9330c4ce10816db,test,7,0.7154702544212341,12084.0,0.5199994604977696,1.8305639395044004,172.01439920556106,26.30068835139527,225.2571168487256,173.03111552466072,27.01075802714333,1.434782608695652,0.009833984375
e7d5a9330c4ce10816db,test,8,0.6304572224617004,23649.0,0.38846795455030175,1.7929167528109295,142.60526872172184,27.458282900122015,198.26462006850184,139.27104740158146,13.666793521924816,1.5125,0.01924560546875
e7d5a9330c4ce10816db,test,9,0.42243820428848267,7180.0,0.7398356222411462,1.819599675482603,142.2192200557103,25.915259772676027,198.024930362117,138.79094707520892,13.398885793871866,0.8785046728971962,0.005843098958333333
e7d5a9330c4ce10816db,test,10,0.2722909152507782,2355.0,0.8044668373897026,1.8536288829877756,136.85095541401273,14.83435338963104,189.57324840764332,134.4832271762208,10.691295116772825,0.6451612903225806,0.00191650390625
e7d5a9330c4ce10816db,test,11,0.2679905295372009,2804.0,0.8546052042231977,1.7897040366088157,192.78067047075606,11.935366121646386,243.7885164051355,199.26283880171184,25.49750356633381,1.34,0.0022819010416666665
e7f57f92edbc100f4e49,test,1,0.9506998062133789,28525.0,0.5750061874541541,1.8292004063761977,122.13223488168273,39.93758724588695,179.63014899211217,115.07288343558282,7.631200701139352,1.1753554502369667,0.023213704427083332
e7f57f92edbc100f4e49,test,2,0.9258453845977783,14638.0,0.6655275995809001,1.761154069797848,122.79915288973903,45.875166630124646,180.08211504303867,115.59099603771007,9.652616477660883,0.891566265060241,0.011912434895833334
e7f57f92edbc100f4e49,test,3,0.8891195058822632,87474.0,0.3754758652028588,1.8143983314362448,136.3130644534376,51.38057295739657,196.2526122047694,130.45384914374557,9.320872487824953,1.2434782608695651,0.0711865234375
e7f57f92edbc100f4e49,test,4,0.8838991522789001,27490.0,0.47538884613354476,1.7934541294732576,134.0503819570753,37.1851449181306,187.33048381229537,130.30691160421972,13.516842488177518,1.4770114942528736,0.022371419270833335
e7f57f92edbc100f4e49,test,5,0.8684526085853577,9687.0,0.7545245204685265,1.8707259624476507,138.33859812119334,44.45757340883241,196.03396304325383,133.4415195623,12.187570971404975,1.128440366972477,0.00788330078125
e7f57f92edbc100f4e49,test,6,0.6941474080085754,21997.0,0.5708000157853091,1.8097354838273039,118.4868391144247,52.59919264205981,175.58185207073691,111.09192162567624,6.914261035595763,0.9947368421052631,0.017901204427083334
e7f57f92edbc100f4e49,test,7,0.6377242207527161,1852.0,0.5807552411951635,1.8804794442701471,146.48218142548595,18.944479697477085,197.26511879049676,146.158747300216,14.908207343412528,0.3717948717948718,0.0015071614583333332
e7f57f92edbc100f4e49,test,8,0.5696224570274353,49948.0,0.5745973913909348,1.7693419243031159,98.69782573876832,54.58137683718545,148.70273084007368,90.71462320813646,8.71664531112357,0.930921052631579,0.040647786458333335
e7f57f92edbc100f4e49,test,9,0.47405868768692017,70697.0,0.3093053293959686,1.8182380360456756,104.70967650678247,42.2131685355291,155.39380737513613,97.76648231183785,7.560561268512101,1.2816901408450705,0.05753336588541667
e7f57f92edbc100f4e49,test,10,0.45857009291648865,24412.0,0.2802718550663522,1.8012386745343152,132.6196542683926,38.1526657100348,187.51724561690972,128.45240045879075,10.0179419957398,0.9840637450199203,0.019866536458333334
e7f57f92edbc100f4e49,test,11,0.4130474925041199,8510.0,0.6243932600164566,1.8026753031565972,124.09553466509988,43.498019634699354,172.8327849588719,120.44218566392479,15.040188014101057,0.7608695652173914,0.006925455729166667
e7f57f92edbc100f4e49,test,12,0.408805251121521,1542.0,0.8574851491080091,1.7468658509398105,149.7029831387808,11.27069263628732,197.58365758754863,150.27496757457848,21.075226977950713,0.9130434782608695,0.0012548828125
e7f57f92edbc100f4e49,test,13,0.40224123001098633,11333.0,0.6233289836438237,1.810170603801425,142.34748080825906,38.07261497908135,197.16721080031766,139.26612547427865,14.391864466601959,1.7281553398058251,0.009222819010416666
e7f57f92edbc100f4e49,test,14,0.30419835448265076,63426.0,0.36117905750647344,1.756955938725605,107.85666761265097,54.05187895530646,160.0234288777473,100.3964304859206,9.498139564216567,1.483974358974359,0.0516162109375
e7f57f92edbc100f4e49,test,15,0.28836992383003235,6702.0,0.86323784381082,1.8208115958682531,138.0171590569979,44.37074049598236,192.24246493584005,134.01313040883318,16.3995822142644,1.0217391304347827,0.0054541015625
e7f57f92edbc100f4e49,test,16,0.28493359684944153,8829.0,0.6912926758387258,1.7704435158286729,139.33140786045985,28.236839345584904,196.864650583305,135.04496545475138,10.439347604485219,0.7342657342657343,0.00718505859375
ea8f77284e8c4f73ea9b,test,1,0.7040683031082153,60116.0,0.6612299652318476,1.8871426708965915,152.81613879832324,47.325563307937834,213.04830660722604,149.49361234945772,12.018114977709761,1.4889867841409692,0.048922526041666664
ea8f77284e8c4f73ea9b,test,2,0.319505900144577,1452.0,0.48268742337037945,1.803055187810157,163.14807162534436,27.683387583025397,224.07575757575756,162.5750688705234,6.242424242424242,3.6956521739130435,0.001181640625
ea8f77284e8c4f73ea9b,test,3,0.3030340373516083,6434.0,0.7602719347121483,1.8118167504410614,177.61408144233758,40.13404018885763,234.83602735467827,180.65899906745415,11.731737643767485,1.054945054945055,0.005236002604166666
ea8f77284e8c4f73ea9b,test,4,0.2911090552806854,313835.0,0.1657018121257551,1.8261058927812714,113.57913871939077,48.61350672291054,174.4580081890165,103.50056239743815,5.908649449551516,1.4822695035460993,0.25539957682291664
ea8f77284e8c4f73ea9b,test,5,0.28515592217445374,17033.0,0.5358549262158879,1.7776600143315244,160.25544531204133,41.73760797854003,224.9839722890859,157.31949744613397,5.731638583925322,1.3202614379084967,0.013861490885416666
ea8f77284e8c4f73ea9b,test,6,0.27740806341171265,1827.0,0.6943310801986401,1.7782150165248702,193.19649698960043,10.911407627332771,245.56540777230433,200.6223316912972,17.46360153256705,0.7288135593220338,0.00148681640625
ea8f77284e8c4f73ea9b,test,7,0.2748994529247284,12940.0,0.6264368496002524,1.8562548985269676,113.2548686244204,40.18365435762373,177.28183925811436,102.01731066460587,3.3283616692426583,0.7421383647798742,0.010530598958333333
ef39380ba932ffe2b47a,test,1,0.9163710474967957,24239.0,0.5730174152007039,1.8098836821099769,130.25780766533273,47.63619140209095,175.56933041792152,126.9102273196089,28.588390610173686,1.5696202531645569,0.019725748697916667
ef39380ba932ffe2b47a,test,2,0.8523707985877991,47705.0,0.42915047870667,1.8567092156316005,135.10139398385914,54.80806015415854,178.7072633895818,133.8362016560109,27.260056597840897,0.7387096774193549,0.03882242838541667
ef39380ba932ffe2b47a,test,3,0.7736159563064575,28199.0,0.5400246461633819,1.8081093249658153,104.03418560941877,44.97388118882542,146.20231213872833,99.52789105996666,16.623426362636973,0.7335907335907336,0.022948404947916667
ef39380ba932ffe2b47a,test,4,0.7724034190177917,9873.0,0.5825147223921244,1.7977594014990974,181.2888686316216,34.80464522077259,226.47746379013472,186.08133292818798,37.955940443634155,0.632258064516129,0.00803466796875
ef39380ba932ffe2b47a,test,5,0.7679939270019531,35881.0,0.5082313181335694,1.8451562309682759,119.77598171734344,51.86736018288288,161.00958724673225,116.69239987737242,27.475962208411136,1.871345029239766,0.029200032552083335
ef39380ba932ffe2b47a,test,6,0.6395956873893738,22605.0,0.6162052744830752,1.7887995246483763,106.17527095775272,45.77342407484652,144.74558725945587,103.27117894271178,19.95403671754037,0.6160714285714286,0.01839599609375
ef39380ba932ffe2b47a,test,7,0.59893798828125,297662.0,0.20644766919441188,1.8243924136810925,132.56015547836137,48.22903626563735,183.25671735055198,129.05087649750388,17.66430044815932,1.5545023696682465,0.24223795572916668
ef39380ba932ffe2b47a,test,8,0.41368094086647034,4883.0,0.8681089549050821,1.7379486334681749,98.34097890640999,77.89710714579562,124.68462011058776,97.32541470407536,34.406717182060206,1.118421052631579,0.003973795572916667
ef39380ba932ffe2b47a,test,9,0.406908243894577,43361.0,0.26908222107699314,1.8180718258449824,135.1582989322202,49.234903974527995,178.1269574041189,133.4746200502756,31.065473582251332,1.728110599078341,0.035287272135416665
ef39380ba932ffe2b47a,test,10,0.378745973110199,6185.0,0.8163846239910431,1.835110204289056,145.90945836701698,49.163938543838874,190.19822150363782,144.83993532740502,35.206952303961195,1.4,0.005033365885416667
ef39380ba932ffe2b47a,test,11,0.35813140869140625,2492.0,0.5523460096019771,1.5665017720338896,185.1621187800963,33.481365076543405,231.79695024077046,185.69422150882826,60.04534510433387,1.0845070422535212,0.0020279947916666667
ef39380ba932ffe2b47a,test,12,0.34756889939308167,9046.0,0.849969158993924,1.8525676782531646,127.10910899845236,40.563910466667735,172.25569312403272,123.95390227724961,24.87375635640062,0.9130434782608695,0.007361653645833333
ef39380ba932ffe2b47a,test,13,0.30363085865974426,15284.0,0.5068636100365926,1.8202673889224612,167.46303323737243,41.28110250256737,213.6568306725988,169.00287882753207,38.27924627060979,1.8389830508474576,0.012438151041666666
ef39380ba932ffe2b47a,test,14,0.2704788148403168,7572.0,0.5098455339420892,1.7793420580678823,136.16574220813524,26.681860585446692,174.18872160591653,137.26558372952985,30.67472266244057,1.8860759493670887,0.006162109375
ef39380ba932ffe2b47a,test,15,0.2686711549758911,30297.0,0.29171266107967336,1.7728418706577485,113.9501600818563,43.832726846016406,152.25418358253293,112.09139518764233,23.024160808000794,0.6821192052980133,0.02465576171875
ef39380ba932ffe2b47a,test,16,0.25431740283966064,21163.0,0.5445649113991193,1.809862915579601,139.96380475357935,44.17818531327568,186.2830411567358,137.95081037660066,28.79563388933516,1.0053191489361701,0.017222493489583334
ef70ba2e952667891902,test,1,0.878260612487793,51567.0,0.5092311730301795,1.7349102050528658,131.7872088738922,47.328939838336765,196.87687862392616,121.20840847829038,15.516318575833381,1.0724637681159421,0.04196533203125
ef70ba2e952667891902,test,2,0.8492398858070374,25420.0,0.5414529639115168,1.8995465172075252,131.53634933123524,42.788477336889635,198.44992132179385,120.27663257277734,13.98556254917388,2.5535714285714284,0.020686848958333334
ef70ba2e952667891902,test,3,0.8392623662948608,42396.0,0.5621900065798902,1.838630616559757,128.72462024719314,65.93935641870034,186.51559109349938,121.57868666855364,14.00117935654307,1.6157407407407407,0.034501953125
ef70ba2e952667891902,test,4,0.8226593732833862,20208.0,0.5729346824702196,1.7896557760709773,130.24925771971496,50.48599982361558,194.32952296120348,119.62841448931117,16.859709026128264,1.0785340314136125,0.0164453125
ef70ba2e952667891902,test,5,0.7567968964576721,16223.0,0.6816499406527319,1.7555618521982386,144.65813967823462,46.96187935677121,210.85107563336004,136.28453430314985,14.140479566048203,0.9342105263157895,0.013202311197916667
ef70ba2e952667891902,test,6,0.7012990713119507,9661.0,0.7565938120590235,1.8684874307841677,153.24407411241071,40.39960891007797,217.76099782631198,146.0993685953835,20.792878583997517,0.944,0.007862141927083333
ef70ba2e952667891902,test,7,0.5276510119438171,83090.0,0.4448774630819985,1.8391390558350045,131.99134673245877,46.14640851805723,200.79054037790348,120.25443495005416,11.971934047418461,0.9260143198090692,0.06761881510416666
ef70ba2e952667891902,test,8,0.5140231847763062,3611.0,0.7188007191874296,1.82937057963481,115.34367211298809,57.846861170219825,179.37053447798394,104.1476045416782,4.988645804486292,0.5568181818181818,0.0029386393229166668
ef70ba2e952667891902,test,9,0.4725477993488312,62353.0,0.3358147606332196,1.7825027372921518,126.29427613747534,51.022992959850384,190.73132006479238,115.5799400189245,12.44923259506359,1.0840840840840842,0.05074300130208333
ef70ba2e952667891902,test,10,0.38172483444213867,16707.0,0.9043149999134501,1.7964369361042258,83.5771832166158,47.696392989892374,143.9968276770216,67.64242533069971,7.1471838151672955,0.9403973509933775,0.01359619140625
ef70ba2e952667891902,test,11,0.370925635099411,26219.0,0.6405948520995212,1.8249652503759222,147.45344978832145,40.12645346937037,214.09413021091575,138.76829779930586,17.35451390213204,1.0421052631578946,0.021337076822916665
ef70ba2e952667891902,test,12,0.3585507869720459,85089.0,0.2571179648584774,1.7940724787288633,139.94183737028288,50.665637449775325,204.36351349763189,131.25612006252277,15.680217184359906,1.0336787564766838,0.06924560546875
ef70ba2e952667891902,test,13,0.3577905595302582,33592.0,0.49137244526055557,1.8288491756505352,133.85940104786854,40.310156990309345,203.6552750654918,122.22291021671826,10.697040962133842,1.564516129032258,0.027337239583333332
ef70ba2e952667891902,test,14,0.3522258400917053,110039.0,0.17308876557504108,1.8317792405112956,135.6559310789811,48.93241343882288,201.202800825162,125.89590054435246,13.981406592208216,0.6043771043771043,0.08954996744791667
ef70ba2e952667891902,test,15,0.34088918566703796,3563.0,0.7298598307065652,1.8871873309042975,187.8984002245299,31.751186863066742,241.1150715689026,190.93236037047433,32.67723828234634,0.7560975609756098,0.0028995768229166667
ef70ba2e952667891902,test,16,0.31984561681747437,14796.0,0.34597531026112316,1.7247027324603337,149.3501622060016,38.4566028235809,215.08948364422818,141.64233576642334,16.609894566098944,0.7953216374269005,0.012041015625
ef70ba2e952667891902,test,17,0.274183452129364,6456.0,0.688626453631811,1.843931449589053,144.51765799256506,41.83068705681408,211.17394671623296,135.4282837670384,16.459417596034697,0.652542372881356,0.00525390625
ef70ba2e952667891902,test,18,0.2643895149230957,5599.0,0.7084697471677627,1.753724109162164,157.72816574388284,36.40288802936389,225.92909448115734,150.2804072155742,17.179317735309876,0.6636363636363637,0.0045564778645833335
ef70ba2e952667891902,test,19,0.2600720524787903,12924.0,0.6885981328894923,1.7382256703692807,156.42107706592387,43.813164155801154,220.1870164035902,150.77189724543484,18.271355617455896,1.0283687943262412,0.010517578125
f01c0e481a3213613a8b,test,1,0.711653470993042,9175.0,0.49729607392313196,1.7979412796212426,151.51302452316077,43.86195112842467,216.23182561307902,147.1458310626703,4.2369482288828335,0.5561797752808989,0.007466634114583333
f01c0e481a3213613a8b,test,2,0.6974127292633057,18438.0,0.8260747082665075,1.7795798300109846,130.71005532053368,36.41915143675707,202.20902484000433,119.35112268141881,1.6416639548758,0.8095238095238095,0.0150048828125
f01c0e481a3213613a8b,test,3,0.693983793258667,28978.0,0.6104766291468224,1.9197521847782395,105.22848367727241,49.66743642950383,165.09576230243633,94.67658223479881,2.5500379598315965,2.3464566929133857,0.023582356770833333
f01c0e481a3213613a8b,test,4,0.557417631149292,33448.0,0.6497766028487937,1.80201316863031,89.76889500119589,43.743290584158046,152.49121023678546,74.8812784022961,1.9104281272422865,1.2464454976303319,0.027220052083333335
f01c0e481a3213613a8b,test,5,0.5447346568107605,7004.0,0.7120424143975318,1.8004546526903134,109.81953169617361,38.39072896971101,174.76413478012563,97.69517418617933,1.8804968589377498,0.5511811023622047,0.005699869791666667
f01c0e481a3213613a8b,test,6,0.5057346820831299,26729.0,0.687032080667468,1.8178101554995891,92.6124434135209,47.55590006835466,154.29035878633692,78.78719742601669,2.0149276067192936,0.8873873873873874,0.021752115885416666
f01c0e481a3213613a8b,test,7,0.44015058875083923,9981.0,0.8026429079869855,1.8290846170798076,146.53291253381425,35.291461710101665,215.80232441639114,139.16912133052801,2.7631499849714456,1.2710280373831775,0.00812255859375
f01c0e481a3213613a8b,test,8,0.3882111608982086,10687.0,0.8079272709389784,1.8874565291573735,92.80714887246187,41.15484085476981,154.6562178347525,78.88762047347244,2.2938149153176757,0.9354838709677419,0.008697102864583334
f01c0e481a3213613a8b,test,9,0.38316529989242554,33443.0,0.26761350789431015,1.8068944746168023,98.59913883323864,44.03319868402556,159.2568848488473,86.3578028286936,2.5292886403731725,2.7682119205298013,0.02721598307291667
f01c0e481a3213613a8b,test,10,0.31361156702041626,19282.0,0.5156961963201779,1.8818552165493447,127.67280365107354,48.75998761688573,191.4448190021782,119.25106316772118,3.743958095633233,1.811965811965812,0.01569173177083333
f01c0e481a3213613a8b,test,11,0.29391929507255554,17885.0,0.7304992352098303,1.82490277810597,83.32630696114062,40.90644847847192,141.26759854626783,69.66111266424377,1.7232876712328766,1.12,0.014554850260416667
f2c73d1ccf75dd9ce574,test,1,0.8814944624900818,25506.0,0.5899243751555537,1.8228532391984926,84.40343448600329,46.10858652059075,130.1779581274994,76.46847800517526,5.298674821610601,0.606425702811245,0.0207568359375
f2c73d1ccf75dd9ce574,test,2,0.8810375928878784,62014.0,0.45318853129822667,1.7779552903565004,108.55026284387397,58.715420272568096,159.2856290515045,101.7937884993711,10.319153739478182,1.0182926829268293,0.050467122395833335
f2c73d1ccf75dd9ce574,test,3,0.7905569672584534,6928.0,0.602247349480136,1.8771920462834233,131.69038683602773,41.97961000122532,184.57505773672057,128.30932448036953,10.300375288683602,2.5762711864406778,0.005638020833333333
f2c73d1ccf75dd9ce574,test,4,0.7180137634277344,17268.0,0.5506156100444839,1.8024460814903316,147.4798471160528,30.23680570052496,198.71959694232106,146.10099606208016,20.1246814917767,1.1290322580645162,0.014052734375
f2c73d1ccf75dd9ce574,test,5,0.5403448939323425,51834.0,0.3821126358335419,1.736654393604002,108.20222247945364,39.66777676508712,154.44752479067793,103.69788169927075,10.125998379442064,0.8778877887788779,0.0421826171875
f2c73d1ccf75dd9ce574,test,6,0.5292764902114868,8853.0,0.45021581556136014,1.8077960911211566,121.05410595278437,42.768389084127385,173.00384050604316,116.23178583531006,9.656952445498701,1.2796610169491525,0.00720458984375
f2c73d1ccf75dd9ce574,test,7,0.5195950865745544,3838.0,0.2914265200789037,1.844528472597186,184.460917144346,25.891703536656937,238.69437206878584,188.75351745700885,19.988275143303802,7.75,0.0031233723958333333
f2c73d1ccf75dd9ce574,test,8,0.5050923228263855,7024.0,0.8273134927211605,1.7920858860291622,155.123861047836,38.89037554359005,210.3992027334852,153.94533029612757,16.17767653758542,0.9702970297029703,0.0057161458333333335
f2c73d1ccf75dd9ce574,test,9,0.4486444592475891,59196.0,0.25702191435837307,1.7454420464533462,110.37179877018717,42.00668269036664,159.12551523751605,105.30213190080411,8.574396918710724,1.6666666666666667,0.048173828125
f2c73d1ccf75dd9ce574,test,10,0.3529255986213684,32295.0,0.3133644523145961,1.8784796962612722,109.17290602260412,40.4231521225195,156.4217371110079,104.78838829540176,7.818083294627652,3.710526315789474,0.02628173828125
f2c73d1ccf75dd9ce574,test,11,0.2703370153903961,9761.0,0.751804841123463,1.8562286907394037,89.90830857494109,38.07205401086667,133.9973363384899,83.80186456305707,5.828808523716832,0.784,0.007943522135416667
f2c73d1ccf75dd9ce574,test,12,0.2690262794494629,4075.0,0.6886334612256053,1.6860375929153735,169.65104294478527,10.347031026314044,227.14576687116565,168.38871165644173,25.193374233128836,0.9166666666666666,0.0033162434895833335
f2c73d1ccf75dd9ce574,test,13,0.2615419328212738,25300.0,0.43411756470037094,1.8007271393110162,109.22430830039525,43.793210643141876,159.86754940711464,102.88557312252965,8.984861660079051,0.8458333333333333,0.020589192708333332
f36b10c3ce09e47bc2a7,test,1,0.954542338848114,64787.0,0.7064128956965148,1.8177502341964784,123.82229459613811,44.22060858421684,187.9208174479448,114.01366014786917,6.245450476175776,0.8738461538461538,0.05272379557291667
f36b10c3ce09e47bc2a7,test,2,0.9332571625709534,19624.0,0.6063040634120213,1.7728179039091085,114.57934162250305,39.65623561676762,167.46743783122707,107.92014879739095,10.097533632286995,0.822429906542056,0.015970052083333332
f36b10c3ce09e47bc2a7,test,3,0.9328291416168213,99628.0,0.6176733273609094,1.8430020320470726,81.25592202995142,52.562971176033756,131.30437226482516,70.6566527482234,4.651734452162043,0.9019607843137255,0.08107747395833333
f36b10c3ce09e47bc2a7,test,4,0.9304453730583191,23687.0,0.4852562416706465,1.8975497469244331,115.53620129184785,33.63308479153773,173.10419217292187,107.61755393253684,5.319795668510153,0.46360153256704983,0.019276529947916666
f36b10c3ce09e47bc2a7,test,5,0.9085268974304199,11630.0,0.7881458761158036,1.8345469884409686,119.66457437661221,41.72812395567428,169.60111779879622,115.48435081685297,10.115907136715391,1.1680672268907564,0.009464518229166666
f36b10c3ce09e47bc2a7,test,6,0.858066976070404,21848.0,0.5492359706192013,1.78577310882574,154.3689582570487,34.300193029040734,220.32391980959355,149.61799707067007,5.943518857561333,1.8880597014925373,0.017779947916666667
f36b10c3ce09e47bc2a7,test,7,0.8256826400756836,9861.0,0.8639713634522878,1.858495365650438,153.97089544670925,42.93551132506132,216.7755805699219,150.16752864821012,8.827198052935808,0.9747899159663865,0.00802490234375
f36b10c3ce09e47bc2a7,test,8,0.7685359120368958,13106.0,0.5078223785157348,1.8232104581199566,163.57866625972838,26.536137531252333,227.15702731573325,160.86319243094766,10.78170303677705,2.247191011235955,0.010665690104166667
f36b10c3ce09e47bc2a7,test,9,0.7043222188949585,20545.0,0.6119541978806357,1.8392056917606467,139.88435142370406,42.20580896039777,203.92737892431248,132.99834509613044,7.418057921635435,1.2483221476510067,0.016719563802083334
f38571910b4b2504913d,test,1,0.8625450134277344,6691.0,0.70469717409764,1.809257551829579,124.52368853684054,33.30941476289843,179.1621581228516,119.00941563293976,9.498430727843372,0.7964601769911505,0.005445149739583334
f38571910b4b2504913d,test,2,0.8253107070922852,9296.0,0.5748255827264273,1.7814827734452838,121.02850688468159,53.63301567749266,174.56959982788297,115.80228055077453,7.478485370051635,0.7671232876712328,0.007565104166666667
f38571910b4b2504913d,test,3,0.8035910129547119,12926.0,0.478733100970436,1.8446958292205766,110.01802568466657,27.70354433210107,162.12424570632834,103.61712826860591,6.286244777966888,0.5141509433962265,0.010519205729166667
f38571910b4b2504913d,test,4,0.7956085205078125,6706.0,0.7783681449134204,1.788425888256257,134.1191470325082,42.85376580060061,196.11929615269906,126.7291977333731,9.435281837160751,0.6521739130434783,0.005457356770833333
f38571910b4b2504913d,test,5,0.7888115644454956,10439.0,0.3241710546112696,1.7698602579540912,133.7381933135358,23.80047156712046,190.74959287288056,128.4731296101159,11.21505891368905,0.30268199233716475,0.008495279947916667
f38571910b4b2504913d,test,6,0.7448059320449829,11107.0,0.7362436966852639,1.8158817973966792,177.30701359503016,26.53110326240889,234.45079679481407,179.37282794634015,16.670117943639145,0.7152317880794702,0.009038899739583333
f38571910b4b2504913d,test,7,0.7354089617729187,2716.0,0.891335592438442,1.8741294216723532,145.87039764359352,16.987394399148396,204.84278350515464,142.04675994108985,10.790500736377025,1.0701754385964912,0.002210286458333333
f38571910b4b2504913d,test,8,0.7344427108764648,2558.0,0.8847452896515483,1.8517419601961937,136.01759186864737,22.692303982486777,189.0656763096169,133.00390930414386,12.247849882720876,1.1111111111111112,0.002081705729166667
f38571910b4b2504913d,test,9,0.731222927570343,4044.0,0.7197192911418804,1.871253648555581,177.6179525222552,18.665377697523766,237.1397131552918,178.3296241345203,17.669634025717112,1.5161290322580645,0.003291015625
f38571910b4b2504913d,test,10,0.7078911662101746,14423.0,0.5982877434257403,1.7596783661170239,124.35075920404908,37.62569081976034,181.54676558274977,117.86459127782015,7.672328919087568,0.9024390243902439,0.011737467447916667
f38571910b4b2504913d,test,11,0.6407726407051086,1340.0,0.26716587495848143,1.7745872600180002,132.7231343283582,14.874807984106734,186.83283582089553,129.32462686567163,8.200746268656717,4.48,0.0010904947916666667
f38571910b4b2504913d,test,12,0.6397534012794495,2900.0,0.7350013928337074,1.8180876295129538,156.51310344827587,17.224686595106547,210.84103448275863,155.91,16.945172413793102,1.5625,0.0023600260416666665
f38571910b4b2504913d,test,13,0.5415613651275635,2000.0,0.9032116683986818,1.8221774888249425,145.1375,8.751319543360305,194.96,144.0135,20.0825,1.0416666666666667,0.0016276041666666667
f38571910b4b2504913d,test,14,0.5310595631599426,1585.0,0.755898505663691,1.8318767985577606,141.46750788643533,10.047476468212073,194.44416403785488,139.43280757097793,12.773501577287066,1.0434782608695652,0.0012898763020833333
f38571910b4b2504913d,test,15,0.45009946823120117,3075.0,0.7190192813329231,1.7994828621499153,152.77723577235773,20.45723206053443,215.4887804878049,148.35154471544715,10.910894308943089,0.611764705882353,0.00250244140625
f38571910b4b2504913d,test,16,0.4080650508403778,45898.0,0.3121342457050832,1.7481172135321812,123.29532877249554,41.83891112137816,183.34833761819687,115.24027190727264,7.240359057039522,1.0520231213872833,0.037351888020833335
f38571910b4b2504913d,test,17,0.29801392555236816,3479.0,0.472985094677863,1.768771505486967,130.54009772923254,32.26154325867088,190.6338028169014,123.2394366197183,10.45242885886749,0.2781954887218045,0.0028312174479166665
f38571910b4b2504913d,test,18,0.2618430256843567,2479.0,0.788940017204354,1.7579945195020834,178.41064945542558,7.294915779505847,239.93344090359017,178.72488906817264,15.348931020572811,0.6338028169014085,0.0020174153645833334
f38571910b4b2504913d,test,19,0.2612330913543701,1773.0,0.8087097176444648,1.7692376386596929,145.0439932318105,16.918212877715586,199.60349689791315,142.21545403271293,16.377890580936267,0.6440677966101694,0.00144287109375
f38571910b4b2504913d,test,20,0.25116094946861267,2189.0,0.7767679834665354,1.7775103677991824,141.7231612608497,8.021448968039332,192.4933759707629,140.39515760621288,15.143444495203289,0.6,0.0017814127604166667
f5379e38edcb97101276,test,1,0.6400300860404968,24937.0,0.6166597955144725,1.8149255530536057,140.47507719453023,48.733359416579525,206.1692665517103,133.7696996431006,2.6450655652243653,1.1206896551724137,0.020293782552083334
f5379e38edcb97101276,test,2,0.6105155944824219,12427.0,0.8131429974756577,1.8421854018165917,99.9638689949304,57.41961102865012,159.41353504466082,88.5913736219522,2.4776695904079826,1.0873015873015872,0.010113118489583333
f5379e38edcb97101276,test,3,0.480497270822525,16004.0,0.7077577727900407,1.8817314158123692,107.96963259185203,46.84631584514317,170.66702074481378,96.63334166458385,1.8770932266933267,1.6428571428571428,0.013024088541666666
f5379e38edcb97101276,test,4,0.4665771424770355,4136.0,0.689932882104389,1.8141756718489739,142.47195357833655,40.703813957068164,210.50483558994196,134.7877176015474,3.526112185686654,0.5,0.0033658854166666668
f5379e38edcb97101276,test,5,0.4524925947189331,13298.0,0.5470024399458117,1.8240412864395696,97.05737704918033,62.74818626086163,154.7013836667168,85.95698601293428,2.9682659046473154,0.49528301886792453,0.010821940104166667
f5379e38edcb97101276,test,6,0.4373972713947296,12607.0,0.28095426545553254,1.6817761388016463,136.80883636075197,48.43276895082281,205.21757753628935,128.21583247402236,1.589117157134925,4.953846153846154,0.010259602864583333
f5379e38edcb97101276,test,7,0.43392863869667053,2518.0,0.4927909909540767,1.8555192743778772,168.4515488482923,13.197732327410554,234.01945988880064,166.25059571088164,7.704527402700556,0.6867469879518072,0.002049153645833333
f5379e38edcb97101276,test,8,0.4111129343509674,15983.0,0.4433401908791299,1.7437761450801348,141.24425952574612,49.27699145067655,210.24832634674343,133.1663016955515,1.8026653319151598,1.1646341463414633,0.013006998697916666
f5379e38edcb97101276,test,9,0.36551737785339355,2502.0,0.5567490828823607,1.862099726338592,152.4836131095124,26.481557977669222,217.24340527577937,148.64348521183052,2.260191846522782,3.1875,0.0020361328125
f5379e38edcb97101276,test,10,0.3606109619140625,7485.0,0.8159549629164201,1.8159062720744812,132.72411489645958,38.253172199633696,203.724916499666,122.00267201068804,1.6605210420841683,0.7304347826086957,0.00609130859375
f5379e38edcb97101276,test,11,0.32391807436943054,18125.0,0.7112974410274081,1.809416393935968,92.09103448275862,53.25630921631388,151.51387586206897,79.42775172413793,1.3860413793103448,0.7553191489361702,0.014750162760416666
f5379e38edcb97101276,test,12,0.3115229904651642,4723.0,0.25031329229675137,1.7395903934981005,160.4592420071988,22.129184472966333,225.64831674782977,157.40842684734278,5.046157103535888,2.738095238095238,0.0038435872395833335
f5379e38edcb97101276,test,13,0.30931925773620605,5265.0,0.8432538127552419,1.8149496378747318,143.84957264957265,35.00693964993268,213.83076923076922,135.78138651471986,1.7962013295346628,0.8666666666666667,0.00428466796875
f5379e38edcb97101276,test,14,0.29124557971954346,4533.0,0.4462088176009845,1.779733297705797,107.07434370174278,50.23128933255349,181.6474740789764,89.64813589234502,1.1945731303772336,4.27027027027027,0.00368896484375
f5379e38edcb97101276,test,15,0.2866106927394867,6797.0,0.6598555702425999,1.883978893137957,129.52096513167575,40.24800683525204,201.35133146976608,117.82153891422686,1.3151390319258496,2.3,0.005531412760416667
f5379e38edcb97101276,test,16,0.27724626660346985,12777.0,0.5580008030618754,1.7352186590550267,168.76074195820615,31.868259170623606,234.11051107458715,167.71112154652891,2.6792674336698754,1.1333333333333333,0.01039794921875
f5379e38edcb97101276,test,17,0.26477810740470886,40743.0,0.45947547104869874,1.741739460191755,143.71590211815527,42.11876124739411,209.4044375720983,137.73678914169304,2.1848170237832267,1.1481481481481481,0.03315673828125
f56e4dc30c35b9dc3fb7,test,1,0.9140284657478333,15479.0,0.7163857565556145,1.8473309182268434,134.98481814070675,32.94460033369525,193.6894502228826,129.62090574326507,8.60727437172944,0.49743589743589745,0.012596842447916666
f56e4dc30c35b9dc3fb7,test,2,0.8579897880554199,24770.0,0.4182068548323851,1.866163685597396,110.20052482842148,48.72056588646964,168.01752119499395,101.15821558336698,5.142753330641906,3.081818181818182,0.020157877604166666
f56e4dc30c35b9dc3fb7,test,3,0.7898613810539246,53401.0,0.4520200216085078,1.7812692378746697,123.376004194678,38.678531334556816,182.431752214378,115.82350517780566,7.3577835621055785,0.919093851132686,0.04345784505208333
f56e4dc30c35b9dc3fb7,test,4,0.6101499795913696,11510.0,0.5726407457768059,1.6765984773430762,132.47723718505648,54.280139854611505,194.3435273675065,125.0629887054735,8.47984361424848,1.1240875912408759,0.009366861979166667
f56e4dc30c35b9dc3fb7,test,5,0.5509393215179443,11597.0,0.7748439571218583,1.901239366060096,119.85720444942658,39.87317517266821,180.28981633180996,111.29119599896525,5.55376390445805,1.0973451327433628,0.009437662760416667
f56e4dc30c35b9dc3fb7,test,6,0.4398018419742584,140420.0,0.2027216991021096,1.8218683182132542,127.9477496083179,44.019888718113954,189.92463324312777,119.81920666571713,7.330672268907563,0.8615107913669064,0.11427408854166667
f56e4dc30c35b9dc3fb7,test,7,0.38960540294647217,4016.0,0.8893860902782983,1.7430326819018562,123.98256972111554,40.58518284673985,191.3523406374502,113.09238047808765,3.506723107569721,0.9466666666666667,0.0032682291666666667
f56e4dc30c35b9dc3fb7,test,8,0.3469596207141876,27394.0,0.2509474608639126,1.8254807610095254,142.06464919325398,39.33206497030151,202.05541359421773,136.9932832007009,10.831459443673797,3.2049180327868854,0.022293294270833333
f56e4dc30c35b9dc3fb7,test,9,0.2958354949951172,1035.0,0.7276076325968134,1.8414158744324876,154.74009661835748,10.70983502086936,210.6743961352657,154.0685990338164,11.257971014492753,0.5957446808510638,0.00084228515625
f56e4dc30c35b9dc3fb7,test,10,0.27047839760780334,136502.0,0.34698033397630523,1.8549830808709844,130.85798010285563,46.25267885968574,194.5671638510791,122.65308933202444,6.0895151719388725,0.8339622641509434,0.11108561197916667
f56e4dc30c35b9dc3fb7,test,11,0.2683853805065155,44775.0,0.5063182472066031,1.8461813882972264,147.51752093802344,42.88101830628963,212.0743495254048,141.83600223338917,7.494115019542155,1.7135678391959799,0.03643798828125
f600628c9ebaa0335661,test,1,0.931469738483429,35061.0,0.6394955334847202,1.8419330610929614,119.41156840934372,37.6018052100067,183.05307891959728,109.96802715267677,1.3634807906220587,0.6886446886446886,0.02853271484375
f600628c9ebaa0335661,test,2,0.9008315205574036,19794.0,0.5204086575335191,1.7715267114864868,121.26654541780337,43.154953252413904,188.04572092553298,110.38067091037688,2.409113872890775,0.8364485981308412,0.0161083984375
f600628c9ebaa0335661,test,3,0.8903037309646606,16650.0,0.6534523730988896,1.7412772981118572,102.35927927927928,48.733901964461694,165.57615615615615,89.67855855855856,2.048828828828829,0.9707602339181286,0.0135498046875
f600628c9ebaa0335661,test,4,0.8889136910438538,35295.0,0.5115433968670485,1.8358032189756373,117.59526845162205,43.223228019502194,182.24085564527553,107.19025357699391,1.895537611559711,1.092741935483871,0.02872314453125
f600628c9ebaa0335661,test,5,0.801996111869812,9643.0,0.6177625392944741,1.807344091399606,106.67022710774656,56.00415286060302,167.08192471222648,96.35103183656538,1.5537695737840922,0.5741935483870968,0.007847493489583333
f600628c9ebaa0335661,test,6,0.7999781966209412,8664.0,0.9120541092329215,1.83402452076254,118.668513388735,59.17773943160593,176.3774238227147,111.81567405355494,2.8206371191135733,1.0380952380952382,0.00705078125
f600628c9ebaa0335661,test,7,0.7707271575927734,11275.0,0.6131829046129165,1.8270444629757707,98.28949002217296,37.5392006248624,154.97951219512194,88.2410643015521,1.497738359201774,1.8202247191011236,0.009175618489583334
f600628c9ebaa0335661,test,8,0.5508626699447632,7406.0,0.8756677338968822,1.83723997757514,134.01363759114233,39.15963303779517,193.9952741020794,128.77423710504996,3.603969754253308,0.883495145631068,0.006027018229166667
f600628c9ebaa0335661,test,9,0.5201426148414612,2433.0,0.33670060781653305,1.8102663181164098,165.60172626387177,15.307118614935147,232.2963419646527,163.59432799013564,1.2860665844636252,0.24793388429752067,0.00197998046875
f600628c9ebaa0335661,test,10,0.5030929446220398,88892.0,0.13749908328516214,1.7441086553616953,98.21351752688656,42.88276546078852,157.23801916932908,86.86663591774288,1.9911578094766682,1.5216216216216216,0.07234049479166667
f600628c9ebaa0335661,test,11,0.4690468907356262,2684.0,0.6225932195997887,1.767136941137369,154.89232488822654,13.607411765378817,218.8371833084948,152.0048435171386,2.0715350223546944,1.6538461538461537,0.002184244791666667
f600628c9ebaa0335661,test,12,0.3831822872161865,27815.0,0.49089530276235255,1.788160401898278,100.98396548624842,48.192603295042005,163.47140032356643,88.4578824375337,1.795146503685062,0.724907063197026,0.022635904947916667
f600628c9ebaa0335661,test,13,0.3197425305843353,51474.0,0.25520447267444923,1.7372814920734088,91.68858064265454,40.64240716163853,150.18129541127558,79.37523798422505,1.8594824571628394,1.3285198555956679,0.0418896484375
f600628c9ebaa0335661,test,14,0.3112446665763855,15203.0,0.7627882704415815,1.7725261109126336,83.73774912846149,42.251012103810034,144.5081891731895,68.75458791028086,1.6953890679471157,0.8165680473372781,0.012372233072916667
f600628c9ebaa0335661,test,15,0.27057281136512756,14562.0,0.5010062739910225,1.764986202017692,99.38305177860184,43.849600724161455,159.20800714187612,87.81898090921577,2.1742205740969647,1.3450704225352113,0.0118505859375
f642ee502088db916f3d,test,1,0.9235357046127319,13897.0,0.78862758004872,1.7623240449902753,96.4243361876664,43.92105070881162,131.47240411599626,93.12520687918256,21.488018996905808,0.9855072463768116,0.011309407552083333
f642ee502088db916f3d,test,2,0.9052764177322388,15201.0,0.8174502819239925,1.7767974832011362,115.13913558318532,50.06190544943247,161.02309058614566,110.21380172357082,20.129465166765346,1.16793893129771,0.01237060546875
f642ee502088db916f3d,test,3,0.8223124742507935,12350.0,0.5178850245296338,1.7909027155870776,135.91368421052633,53.66422219613801,184.95716599190283,132.4668016194332,25.009797570850203,2.397590361445783,0.010050455729166666
f642ee502088db916f3d,test,4,0.8196627497673035,17770.0,0.2977754842522249,1.8428300714522572,94.33157006190208,46.09304064135164,132.30028137310074,90.53275182892516,14.319808666291502,3.063063063063063,0.014461263020833334
f642ee502088db916f3d,test,5,0.7823824882507324,118672.0,0.263312768772554,1.7913725955532855,127.39381657004179,52.830681061175845,173.73515235270324,124.16329041391398,22.458313671295674,1.0865191146881288,0.09657552083333333
f642ee502088db916f3d,test,6,0.7280234694480896,49980.0,0.5643969638160675,1.768892791115986,97.10730292116847,49.507452225084286,136.76810724289714,92.33725490196079,17.62939175670268,0.9517684887459807,0.040673828125
f642ee502088db916f3d,test,7,0.6878303289413452,46886.0,0.4357311893854358,1.8694323256119245,123.70886831890117,50.24020534819717,171.4737234995521,118.88416584908074,23.19937721281406,1.4081632653061225,0.038155924479166665
f642ee502088db916f3d,test,8,0.6809985041618347,10536.0,0.6731674610587991,1.6888936937863441,132.95918754745634,28.766884465662972,172.72703113135915,132.3480447987851,31.703682611996964,0.9855072463768116,0.00857421875
f642ee502088db916f3d,test,9,0.5797362923622131,7693.0,0.6604970384562002,1.780802317956803,137.34069933705968,28.60784764203137,176.78512933835955,137.8358247757702,31.222150006499415,0.6044776119402985,0.006260579427083334
f642ee502088db916f3d,test,10,0.5760779976844788,1294.0,0.5867896261612284,1.804858201198345,149.95672333848532,29.550647802612737,196.00540958268934,148.47372488408038,36.72642967542504,0.4142857142857143,0.0010530598958333334
f642ee502088db916f3d,test,11,0.4078798294067383,100032.0,0.25464946194000865,1.7674161036423037,111.36280390275112,51.61624526677113,154.94930622200897,106.74201255598209,20.78840770953295,1.4379746835443037,0.08140625
f642ee502088db916f3d,test,12,0.3898375630378723,18954.0,0.37575619714600916,1.736978272354415,135.33655165136648,28.677464467635456,174.75925925925927,135.30188878337026,32.008283211986914,1.1494845360824741,0.0154248046875
f642ee502088db916f3d,test,13,0.34276676177978516,3785.0,0.7512375201360633,1.821129786479709,175.19550858652576,24.61141771765519,222.41743725231177,176.8309114927345,42.72549537648613,1.390625,0.0030802408854166668
f642ee502088db916f3d,test,14,0.30028560757637024,80632.0,0.4522480381993002,1.7929098883442536,119.22106607798392,53.25894861816176,165.08548715150312,115.06729338227998,20.303924000396865,1.1257142857142857,0.06561848958333333
fa05270be37f95a9bfb0,test,1,0.9323182702064514,16053.0,0.623862189481271,1.7592774110343832,111.55217093378185,39.091483981878945,150.24824020432317,109.26275462530369,21.82046969413817,0.9820359281437125,0.01306396484375
fa05270be37f95a9bfb0,test,2,0.8833062052726746,17930.0,0.7358185589281825,1.8613733324439379,94.68516452872281,32.329571807568314,132.9047406581149,90.83909648633575,14.256553262688232,0.5392156862745098,0.014591471354166666
fa05270be37f95a9bfb0,test,3,0.8356105089187622,45241.0,0.5371297893310347,1.853396461652134,80.04243938020822,41.37926635633961,113.0570279171548,76.17338255122566,13.43666143542362,1.6237623762376239,0.036817220052083335
fa05270be37f95a9bfb0,test,4,0.6854514479637146,16755.0,0.7973946019976047,1.7880239751407072,121.86189197254551,55.203216130983584,165.8614145031334,118.80716204118174,22.25323783945091,1.0123456790123457,0.01363525390625
fa05270be37f95a9bfb0,test,5,0.5364687442779541,3891.0,0.31878499975111974,1.8795499035454595,162.34130043690567,33.55817801212002,215.59367771781032,160.97558468260087,29.74248265227448,6.033333333333333,0.00316650390625
fa05270be37f95a9bfb0,test,6,0.3292858898639679,84376.0,0.4039239411503345,1.8107338743137744,97.78162036598084,51.29268222416817,141.80807338579692,91.55922300180146,14.423686830378307,1.470059880239521,0.06866536458333333
fa05270be37f95a9bfb0,test,7,0.32401737570762634,3151.0,0.8791511798252497,1.8150142842080352,152.12123135512536,13.055258015852093,196.7534116153602,151.8022849888924,36.52142177086639,1.2,0.0025642903645833335
fb03c9f310af170683d4,test,1,0.9499300122261047,40669.0,0.49921476287028904,1.8608328647137529,111.91895546976812,43.12140281448054,167.20588162974255,104.71181981361725,4.0798396813297595,0.7697841726618705,0.03309651692708333
fb03c9f310af170683d4,test,2,0.8870528936386108,7994.0,0.8664811272180049,1.8188656219000083,149.38441330998248,42.04115312588867,205.64686014510883,146.68388791593696,15.663622717037779,1.0721649484536082,0.006505533854166667
fb03c9f310af170683d4,test,3,0.8445800542831421,13019.0,0.5939378099686518,1.857389440243018,164.91066902219833,33.30654580408877,224.3907366157155,164.42414932022427,11.349335586450572,0.7721518987341772,0.010594889322916667
fb03c9f310af170683d4,test,4,0.7216776013374329,7093.0,0.5781796248359705,1.803792982957357,181.85676018609897,28.476743520302456,237.0009868884816,186.29042718172846,14.161003806569857,1.2777777777777777,0.005772298177083334
fb03c9f310af170683d4,test,5,0.7066755890846252,15265.0,0.4792819209747587,1.8497304377514712,116.1133966590239,39.35517984752287,172.20268588273828,109.2945299705208,4.145365214543072,1.7741935483870968,0.012422688802083333
fb03c9f310af170683d4,test,6,0.702843427658081,29539.0,0.4674843184453071,1.7665807244528196,83.1169301601273,50.91617780730129,128.7757540878161,75.16391888689529,4.4455465655573985,0.8015267175572519,0.024038899739583335
fb03c9f310af170683d4,test,7,0.7017699480056763,15536.0,0.6625826805748107,1.730837212034522,109.48963697219361,34.78089459691813,164.01519052523173,102.31893666323379,3.452368692070031,1.1278195488721805,0.012643229166666667
fb03c9f310af170683d4,test,8,0.6373496651649475,5657.0,0.5074302106214995,1.7506524978902642,142.013434682694,33.3358666206884,202.50645218313593,137.19851511401802,8.054269047198162,1.1627906976744187,0.004603678385416666
fb03c9f310af170683d4,test,9,0.6318191885948181,4489.0,0.8346953658727655,1.7765072116869303,125.97794609044331,32.31860224295763,178.3922922699933,122.19648028514146,7.861661840053464,1.0,0.0036531575520833332
fb03c9f310af170683d4,test,10,0.6085819005966187,4535.0,0.7910291460016271,1.7198064926247414,135.07431091510475,33.791526234439836,193.03395810363835,130.37772877618522,7.188313120176406,1.0,0.0036905924479166668
fb03c9f310af170683d4,test,11,0.5873677134513855,2384.0,0.8757736289421751,1.8373750716223904,185.42911073825502,16.23154630705092,241.7353187919463,189.73993288590603,15.364513422818792,0.8032786885245902,0.0019401041666666666
fb03c9f310af170683d4,test,12,0.582368791103363,2328.0,0.2993550784008657,1.6957769477947335,136.2787800687285,21.57791834315338,189.3109965635739,134.31958762886597,7.143041237113402,3.7714285714285714,0.00189453125
fb03c9f310af170683d4,test,13,0.5313785672187805,4499.0,0.9006012555960449,1.7733775734349644,130.41453656368083,26.646116685355633,186.25294509891086,126.23049566570349,5.488553011780396,1.0972222222222223,0.0036612955729166665
fb03c9f310af170683d4,test,14,0.5208269357681274,91745.0,0.24318682577475706,1.807583167128522,117.91497084309772,42.779382345300505,171.43489018475123,112.19698076189438,7.0371028393917925,1.1922141119221412,0.07466227213541667
fb03c9f310af170683d4,test,15,0.5197802186012268,3445.0,0.7852814404175594,1.7148430258543859,176.60145137880986,13.240521354196938,236.64963715529754,176.89724238026125,17.45544267053701,0.8701298701298701,0.002803548177083333
fb03c9f310af170683d4,test,16,0.4550907611846924,26911.0,0.41708971357912783,1.764938522221093,111.93615993459923,32.18559981958176,162.76697261342946,106.7368362379696,5.410464122477797,1.5681818181818181,0.021900227864583333
fb03c9f310af170683d4,test,17,0.3396570086479187,20669.0,0.612440479508423,1.7839662161731997,123.45009434418695,33.228995343172386,176.43156417823795,118.53611689002855,9.73578789491509,0.9296482412060302,0.016820475260416665
fb03c9f310af170683d4,test,18,0.3318673372268677,10657.0,0.7718693718695836,1.8479648388021361,118.32785962278315,34.909572937462116,170.51628037909356,112.9027869006287,9.343060898939664,0.8527131782945736,0.008672688802083333
fb03c9f310af170683d4,test,19,0.3141673505306244,71021.0,0.2227070824634468,1.7348243138684458,127.2393799017192,38.734840952430304,184.4324354768308,121.31996170146859,7.697821771025471,1.537313432835821,0.05779703776041667
fbb42b6235b2a6beaf75,test,1,0.8442553281784058,27240.0,0.567756107763893,1.7646777858384293,121.83906020558003,57.433799099478975,169.2928046989721,118.36453744493392,15.329368575624082,1.9513888888888888,0.02216796875
fbb42b6235b2a6beaf75,test,2,0.766225278377533,73789.0,0.42153367430848454,1.7879666439504032,77.65275312038379,51.66240849777491,116.51485993847321,71.69101085527653,6.545826613722912,1.3578595317725752,0.060049641927083335
fbb42b6235b2a6beaf75,test,3,0.7615684270858765,15590.0,0.8800025475975879,1.7786045490649964,120.80301475304682,48.481646513300035,172.38948043617702,115.00846696600385,15.31616420782553,0.9459459459459459,0.012687174479166667
fbb42b6235b2a6beaf75,test,4,0.7341325283050537,15116.0,0.7819325541693535,1.8698904819860052,111.38217782482138,73.4591579963795,154.6851680338714,108.11689600423392,14.723670283143688,0.7012195121951219,0.012301432291666666
fbb42b6235b2a6beaf75,test,5,0.6079849600791931,233492.0,0.22096885950443923,1.7880023406071661,116.81242183886386,59.01212991498315,162.74053929042537,112.73573398660339,17.380548369965567,1.0758064516129033,0.19001627604166665
fbb42b6235b2a6beaf75,test,6,0.5483341217041016,34302.0,0.4657741609148937,1.8003964785125706,83.3995102326395,58.95331950930719,119.92429012885546,79.60602880298525,7.240598215847473,0.9301470588235294,0.0279150390625
fddf08aa4be5486c4724,test,1,0.956402063369751,44447.0,0.654225356134276,1.8459218280557101,127.31889666344185,35.99248963548151,187.27999640020698,120.61725200800954,4.57047719756114,1.2922374429223744,0.03617106119791667
fddf08aa4be5486c4724,test,2,0.884925901889801,6170.0,0.5937005689562246,1.7420140313851413,125.82106969205834,32.472106122074166,180.7573743922204,121.03711507293355,6.33095623987034,1.957142857142857,0.005021158854166667
fddf08aa4be5486c4724,test,3,0.8248711228370667,7326.0,0.5963826589810483,1.735979113459726,183.07357357357358,27.754538489210937,238.96068796068795,188.33183183183183,9.259077259077259,2.0273972602739727,0.0059619140625
fddf08aa4be5486c4724,test,4,0.8216145634651184,19410.0,0.6314116720547003,1.769986775430159,148.1758887171561,40.689862251579704,208.0077794951056,144.54070066975785,9.990984028851107,1.4545454545454546,0.0157958984375
fddf08aa4be5486c4724,test,5,0.8114235401153564,6338.0,0.7194963963619382,1.7695938565735079,119.70779425686337,30.97053953647139,173.040549069107,114.82123698327548,5.0186178605238245,0.591304347826087,0.005157877604166666
fddf08aa4be5486c4724,test,6,0.7735120058059692,17958.0,0.6031590642219972,1.7862652658521383,125.2171177191224,37.776732906110965,179.909789508854,119.79134647510858,9.704421427775921,0.826530612244898,0.0146142578125
fddf08aa4be5486c4724,test,7,0.7491610646247864,25487.0,0.7925135914433205,1.8217895415482026,110.56008945737042,48.60909246556546,169.1584729469926,101.41468199474242,4.016204339467179,1.2682926829268293,0.020741373697916666
fddf08aa4be5486c4724,test,8,0.6943836212158203,7620.0,0.843053636729423,1.8051952165581693,120.2476377952756,55.297133085638855,175.3202099737533,114.48359580052494,5.488320209973753,0.908256880733945,0.006201171875
fddf08aa4be5486c4724,test,9,0.6676925420761108,12252.0,0.6628985814131151,1.7252141808612569,124.48555337904016,33.733975461975355,182.72910545217107,118.04178909565785,4.917564479268691,1.0069444444444444,0.009970703125
fddf08aa4be5486c4724,test,10,0.40874728560447693,29935.0,0.3950812212117284,1.8264180351422497,112.95109403708034,39.35252163203449,163.90162017705026,107.40728244529815,7.8575580424252545,1.1434977578475336,0.024361165364583333
fddf08aa4be5486c4724,test,11,0.3873775005340576,8312.0,0.8143052677523123,1.846747105291819,149.24518768046198,35.772702913837755,211.08553897978825,144.97738209817132,9.062439846005775,1.3932584269662922,0.006764322916666667
fddf08aa4be5486c4724,test,12,0.3372511863708496,7505.0,0.8804885280127706,1.8285098571796476,104.83397734843437,41.37730574219598,158.0431712191872,96.9303131245836,6.027848101265823,0.92,0.0061075846354166664
fe9e4bac7dd64709d651,test,1,0.8955157995223999,33404.0,0.6308234895420274,1.8074240386998779,128.12726020835828,59.48192942950721,173.4613219973656,125.39426415998084,23.30607112920608,1.4974093264248705,0.027184244791666666
fe9e4bac7dd64709d651,test,2,0.8923384547233582,47822.0,0.4287632133572171,1.8534305815652674,128.46185855882229,43.51490484256196,176.82884446489064,124.46361507256074,22.110179415331856,1.4823529411764707,0.03891764322916667
fe9e4bac7dd64709d651,test,3,0.7930000424385071,9223.0,0.6376525317182464,1.8469092157681892,132.3716794969099,39.15847401581933,174.26412230293832,130.76536918573132,30.654559254038816,0.9590163934426229,0.007505696614583333
fe9e4bac7dd64709d651,test,4,0.7639585137367249,12678.0,0.4667941317625935,1.7107368363674247,124.54772046064048,56.820858186037086,174.27441236788138,119.22866382710207,21.542987852973656,1.0405405405405406,0.0103173828125
fe9e4bac7dd64709d651,test,5,0.7339139580726624,15394.0,0.7596911280882106,1.8566624384512544,128.35455372222944,57.78775844164819,173.77673119397167,125.1816941665584,25.50110432636092,0.8050314465408805,0.012527669270833333
fe9e4bac7dd64709d651,test,6,0.7038229703903198,2454.0,0.6059182209962646,1.802587421507546,122.08557457212714,22.20991604113211,158.30969845150776,121.45680521597392,30.19722901385493,2.5,0.0019970703125
fe9e4bac7dd64709d651,test,7,0.6189656257629395,10188.0,0.5999459408796093,1.8369024050244678,108.45023557126031,45.0471329414216,149.8647428347075,104.81723596387907,18.480074597565764,0.5823529411764706,0.008291015625
fe9e4bac7dd64709d651,test,8,0.5585913062095642,121239.0,0.12389887287437319,1.8322949605267043,102.1691369938716,43.508677530698876,142.60246290385106,98.58260130815991,14.574138684746657,2.167630057803468,0.09866455078125
fe9e4bac7dd64709d651,test,9,0.4350002706050873,97382.0,0.2314571058531615,1.8208894798553585,122.22210470107412,51.03107542294371,168.09917643917768,118.4318662586515,21.376989587398082,1.1498771498771498,0.07924967447916667
fe9e4bac7dd64709d651,test,10,0.4082193076610565,5747.0,0.8486138343937661,1.7677103886254744,178.42056725247954,11.923473353020977,220.70419349225682,180.09552810161824,58.71585174873847,1.3287671232876712,0.004676920572916667
fe9e4bac7dd64709d651,test,11,0.31116873025894165,62292.0,0.4833090959635851,1.8690458421699032,93.39525139664805,43.98073997686842,132.73951711295192,89.15374365889681,12.063282604507801,1.7113821138211383,0.050693359375
fe9e4bac7dd64709d651,test,12,0.27814820408821106,18122.0,0.4762874616300224,1.7950341587065834,109.03261229444874,41.20347953590165,152.21355258801458,104.98808078578523,16.544586690210792,1.1329479768786128,0.014747721354166667
