image_id,split,instance_id,confidence,area_px,compactness,fractal_dimension,mean_brightness,std_brightness,mean_r,mean_g,mean_b,elongation,area_fraction
03def1e004c9ff72659f,test,1,,10450.0,0.46537704259909063,1.6983474425442604,126.44765550239235,39.449350808249385,186.55224880382775,118.90650717703349,7.616650717703349,0.891156462585034,0.008504231770833334
03def1e004c9ff72659f,test,2,,23504.0,0.47691165881727376,1.7998593816590125,138.1590793056501,24.527698429218564,194.0866235534377,134.29258849557522,11.323859768550035,1.3646408839779005,0.019127604166666666
03def1e004c9ff72659f,test,3,,65984.0,0.3432528701164477,1.865237823867023,134.40809893307468,42.29810275562511,195.86805892337537,127.79264670223084,7.319395611057226,0.4377431906614786,0.053697916666666665
03def1e004c9ff72659f,test,4,,15078.0,0.4805402023025338,1.7316673521631616,112.6039262501658,39.89226990957854,162.62276163947473,107.48182782862449,7.741477649555644,1.1055900621118013,0.0122705078125
03def1e004c9ff72659f,test,5,,43566.0,0.5146041547081132,1.8378166766676411,107.25680576596429,37.30936082421627,158.8526832851306,100.28962952761327,7.78593398521783,0.8338870431893688,0.0354541015625
03def1e004c9ff72659f,test,6,,7331.0,0.6961974958949412,1.8039810452191827,184.7522848178966,14.811562013681462,241.72473059609877,188.75378529532125,14.5982812713136,1.1855670103092784,0.005965983072916667
03def1e004c9ff72659f,test,7,,7040.0,0.6949404498678374,1.8093792072854433,124.54034090909092,27.85167833807179,178.29147727272726,119.87088068181818,7.595596590909091,0.7521367521367521,0.005729166666666666
03def1e004c9ff72659f,test,8,,6049.0,0.5817893802815963,1.7806900898108542,154.62440072739295,21.569514308490017,217.4275086791205,150.63068275748057,10.346007604562738,1.7205882352941178,0.0049226888020833335
03def1e004c9ff72659f,test,9,,2873.0,0.6244433839055314,1.6227020274929906,145.02471284371737,24.586105645401744,208.8722589627567,139.1277410372433,7.90462930734424,1.144927536231884,0.0023380533854166666
03def1e004c9ff72659f,test,10,,5352.0,0.6363619128476089,1.8756548415033185,172.38677130044843,32.78255175304342,230.12387892376682,174.18292227204782,11.632286995515695,1.9516129032258065,0.00435546875
03def1e004c9ff72659f,test,11,,4528.0,0.43312991239328186,1.7707231794489788,127.6232332155477,32.66179229260695,189.53953180212014,119.91629858657244,4.899955830388692,0.3724137931034483,0.0036848958333333334
03def1e004c9ff72659f,test,12,,141.0,0.711601213234593,1.7191243561093308,184.7872340425532,10.179807931026987,244.66666666666666,189.46808510638297,3.879432624113475,2.2222222222222223,0.00011474609375
03def1e004c9ff72659f,test,13,,4700.0,0.32034994784786686,1.7366844245804725,169.18297872340426,29.309226774275885,232.59851063829788,168.2308510638298,7.711702127659574,3.3653846153846154,0.0038248697916666665
03def1e004c9ff72659f,test,14,,4248.0,0.8143886422185801,1.9013657771400914,110.21751412429379,35.93649261078569,160.95127118644066,104.28366290018832,7.698681732580038,0.7294117647058823,0.00345703125
03def1e004c9ff72659f,test,15,,13396.0,0.5815265611289245,1.820956587481657,124.36003284562555,44.69826393234593,186.81397432069275,115.23753359211705,7.5496416840848015,0.7111111111111111,0.010901692708333334
03def1e004c9ff72659f,test,16,,6934.0,0.47903921221049856,1.8002676544053984,133.13801557542544,23.414595496101995,188.45341794058263,129.1681569079896,8.405537929045284,1.08,0.005642903645833333
03def1e004c9ff72659f,test,17,,4224.0,0.40176508100156555,1.6663031526573624,132.80894886363637,20.537618049450437,189.5551609848485,127.95880681818181,8.834990530303031,0.5259259259259259,0.0034375
03def1e004c9ff72659f,test,18,,11378.0,0.5799328623089163,1.820584611527137,118.18693970820883,26.919440926776623,170.62216558270347,112.99929688873264,7.325716294603621,2.0919540229885056,0.009259440104166667
03def1e004c9ff72659f,test,19,,8125.0,0.7376213633788604,1.8057412102799346,131.88,32.08504084700293,192.89267692307692,124.7908923076923,8.385107692307692,1.4395604395604396,0.006612141927083333
03def1e004c9ff72659f,test,20,,4453.0,0.7787158983929292,1.725468253053525,142.60184145519875,46.80307173806637,200.05277341118347,138.52930608578487,12.86862789130923,1.2253521126760563,0.0036238606770833334
03def1e004c9ff72659f,test,21,,1880.0,0.8520965592638603,1.7918608951259032,91.87074468085106,51.356511483801896,137.64840425531915,84.0281914893617,12.283510638297873,1.1666666666666667,0.0015299479166666667
03def1e004c9ff72659f,test,22,,4778.0,0.6782944309878579,1.7669393883028444,137.43386354123064,31.51828321509471,201.6113436584345,130.21850146504815,6.223524487233152,1.3733333333333333,0.0038883463541666665
03def1e004c9ff72659f,test,23,,8631.0,0.42261070597494926,1.7686563792986005,108.62124898621249,41.45799658191152,169.3081914030819,97.58753331016105,6.285482562854826,0.5732484076433121,0.00702392578125
03def1e004c9ff72659f,test,24,,3332.0,0.4413603219357849,1.8152728579098742,124.23889555822329,30.41522293285253,181.3703481392557,117.97929171668667,6.604141656662665,0.4957983193277311,0.002711588541666667
03def1e004c9ff72659f,test,25,,4360.0,0.32919213873867925,1.7929643845155285,109.94495412844037,30.80821404302482,161.85963302752293,103.3756880733945,7.579357798165137,2.982142857142857,0.0035481770833333333
04ee55fe28feb0998127,test,1,,19805.0,0.5012672028738147,1.8034690637023412,154.8994698308508,43.48552754078406,206.239333501641,154.69901540015147,21.22171168896743,1.2289156626506024,0.016117350260416666
04ee55fe28feb0998127,test,2,,14826.0,0.6519938257961707,1.8758908164961199,117.77964386887899,52.674840452615136,169.197153648995,112.11324699851612,12.149062457844327,1.576271186440678,0.0120654296875
04ee55fe28feb0998127,test,3,,305288.0,0.10331819763460007,1.8077386632114694,103.78475734388512,50.49602999051529,148.0393661067582,98.86879929771233,13.040980975341316,0.9186046511627907,0.24844401041666667
04ee55fe28feb0998127,test,4,,7642.0,0.5785835579784983,1.778189491835165,99.04920177963884,50.29666699519772,143.2562156503533,93.65244700340224,10.90054959434703,1.8433734939759037,0.006219075520833333
04ee55fe28feb0998127,test,5,,40650.0,0.2717637558392277,1.7331136177670179,124.24482164821649,48.60172895525956,172.52157441574417,120.52164821648216,16.733776137761378,1.0,0.0330810546875
069acde265fe883cbfa4,test,1,,31221.0,0.583606751261403,1.8395649667813931,89.82354825277858,60.521976784071754,129.70571089971494,84.6976394093719,11.66365587264982,1.0857142857142856,0.02540771484375
069acde265fe883cbfa4,test,2,,43520.0,0.5279058074094014,1.844471439626068,112.92318474264705,50.522788567868965,162.0787224264706,106.92934283088235,14.876585477941177,0.6350574712643678,0.035416666666666666
069acde265fe883cbfa4,test,3,,75785.0,0.21293963632782317,1.7894032198101126,110.1432473444613,47.25706873804795,162.97108926568583,102.7222933298146,9.78626377251435,1.3406593406593406,0.06167399088541667
069acde265fe883cbfa4,test,4,,491.0,0.5159544684328229,1.7360285118365992,141.4439918533605,30.38380456743011,190.979633401222,140.21588594704684,17.773930753564155,1.7826086956521738,0.0003995768229166667
069acde265fe883cbfa4,test,5,,3053.0,0.31083421824947827,1.6262100781053381,162.09171306911236,21.20315163260269,219.57746478873239,160.78480183426137,17.92302653128071,0.8620689655172413,0.0024845377604166665
069acde265fe883cbfa4,test,6,,1055.0,0.8618826887101751,1.623003638661838,195.93649289099525,4.343404328392887,246.5298578199052,202.38578199052134,29.84644549763033,1.131578947368421,0.0008585611979166667
069acde265fe883cbfa4,test,7,,1071.0,0.7625315728251684,1.7057016639530762,188.52380952380952,8.313148824443775,242.84500466853407,191.79551820728292,29.023342670401494,1.606060606060606,0.00087158203125
069acde265fe883cbfa4,test,8,,100067.0,0.2199984814749904,1.7744617354475307,136.6017768095376,40.423628675624585,195.30370651663387,130.937571826876,11.81433439595471,1.8575757575757577,0.08143473307291667
069acde265fe883cbfa4,test,9,,88953.0,0.6654041730131637,1.8412864348037272,68.26021606916012,54.961374501864356,113.82895461648286,57.29257023371893,5.392353265207469,0.8802083333333334,0.07239013671875
084107d77415fb4726ba,test,1,,20556.0,0.5432502764199586,1.8622851456799414,131.0663066744503,36.12210286826807,195.5250535123565,123.31022572484919,2.1507102549134074,2.4363636363636365,0.016728515625
084107d77415fb4726ba,test,2,,7011.0,0.6435312202347074,1.7986468974602725,141.0176864926544,24.327385416386026,202.8465268863215,136.18784766795036,3.7709313935244615,1.1386138613861385,0.00570556640625
084107d77415fb4726ba,test,3,,15181.0,0.5478644804558437,1.7748237355383802,114.75877741914235,36.89739826879291,173.65213095316514,106.70634345563533,1.8928924313286344,1.019736842105263,0.012354329427083333
084107d77415fb4726ba,test,4,,20886.0,0.5039829196511303,1.8207012871511004,115.24820453892559,30.451010938986453,170.52623767116728,108.98094417313033,2.578425739729963,0.9641025641025641,0.0169970703125
084107d77415fb4726ba,test,5,,7426.0,0.7302318212063887,1.8293312462488756,92.72704012927552,37.499187010384794,142.10018852679775,85.19714516563425,2.15903582009157,1.0,0.0060432942708333335
084107d77415fb4726ba,test,6,,7922.0,0.6648559400850104,1.8365722666061794,128.43562231759657,25.072018627824285,185.12395859631405,123.93701085584448,2.944206008583691,1.2758620689655173,0.006446940104166667
084107d77415fb4726ba,test,7,,23111.0,0.517877913342798,1.8940594538176998,80.10787071091688,34.493338577575194,129.0878802301934,70.44030980918177,1.5654450261780104,2.603448275862069,0.018807779947916665
084107d77415fb4726ba,test,8,,6566.0,0.5937082187026202,1.758756397303385,150.50167529698447,37.35993536218697,211.99558330795006,147.75890953396285,3.431769722814499,1.7866666666666666,0.005343424479166667
084107d77415fb4726ba,test,9,,4380.0,0.6783330094941777,1.7653892502208217,147.79954337899542,31.938632649179894,212.4675799086758,143.25045662100456,1.8753424657534246,1.1891891891891893,0.003564453125
084107d77415fb4726ba,test,10,,8830.0,0.8337469995555636,1.8283155714981862,104.82785956964892,46.79718698477606,168.3519818799547,92.61325028312571,1.3910532276330692,0.98989898989899,0.007185872395833333
08f820d7e48c99c1ad51,test,1,,704.0,0.7553081285697691,1.7253932431850016,141.0440340909091,24.60418579685397,202.60227272727272,135.02272727272728,10.53125,0.5333333333333333,0.0005729166666666667
08f820d7e48c99c1ad51,test,2,,42501.0,0.43768386109215,1.8304282248897363,155.00289404955177,41.10938998562592,215.80045175407636,151.83245100115292,11.862073833556858,0.8698630136986302,0.03458740234375
08f820d7e48c99c1ad51,test,3,,14416.0,0.6721060234507544,1.770851130819948,87.06437291897892,59.036328065759754,137.42889844617093,77.06610710321864,6.628884572697003,1.135483870967742,0.011731770833333334
08f820d7e48c99c1ad51,test,4,,41303.0,0.4106286891512259,1.8292742715962793,146.92920611093626,40.86875593229635,205.18078589932935,142.79575333510883,15.435343679635862,1.5427350427350428,0.03361246744791667
08f820d7e48c99c1ad51,test,5,,53274.0,0.5290749906033355,1.7812314695479983,120.49326125314413,40.029594975993334,180.9098809926043,111.79881368021924,6.832995457446409,0.846875,0.0433544921875
08f820d7e48c99c1ad51,test,6,,10957.0,0.7259655369407564,1.8194905396297927,155.7620699096468,32.62079050250819,218.00292050743818,151.79592954275805,12.927534909190472,0.9465648854961832,0.008916829427083333
08f820d7e48c99c1ad51,test,7,,37367.0,0.43758793484358965,1.739052026947756,131.51922819600182,42.819586700866125,193.98030347632937,123.70690716407525,7.960419621591243,0.9792387543252595,0.030409342447916668
08f820d7e48c99c1ad51,test,8,,62865.0,0.3129681976464367,1.7524965310451919,101.79358943768392,52.00404722372321,156.91198600174977,92.29447228187385,6.192841803865426,0.7821100917431193,0.05115966796875
08f820d7e48c99c1ad51,test,9,,15087.0,0.45631518480540323,1.769650382156165,143.1989792536621,39.20977286106149,206.6512229071386,136.75343010538876,10.016239146284882,0.6487804878048781,0.01227783203125
08f820d7e48c99c1ad51,test,10,,17953.0,0.2307479807056821,1.7388916027625039,110.9984960730797,42.08935740230494,168.39029688631427,102.36968751740656,4.943129282014148,0.7689075630252101,0.014610188802083333
08f820d7e48c99c1ad51,test,11,,27162.0,0.38445793896079805,1.805894012967247,78.76923643325233,71.67849640473437,117.19902805389883,73.49528753405492,5.122340033870849,1.7166666666666666,0.0221044921875
08f820d7e48c99c1ad51,test,12,,4193.0,0.23895393434290488,1.7529836643759107,136.15358931552586,24.075062918686374,189.58526114953494,132.68685905079894,13.736704030527068,6.090909090909091,0.0034122721354166666
08f820d7e48c99c1ad51,test,13,,1536.0,0.4067460575921855,1.7682428310156768,195.85286458333334,12.528736432131893,246.59309895833334,202.265625,29.582682291666668,3.9545454545454546,0.00125
08f820d7e48c99c1ad51,test,14,,1599.0,0.7348892366385967,1.8387507499943319,171.66604127579737,22.690423659651145,231.4590368980613,170.13445903689805,22.555347091932457,1.0444444444444445,0.00130126953125
08f820d7e48c99c1ad51,test,15,,5085.0,0.4570017175682841,1.7205608566889545,91.69773844641101,36.626468777934754,150.333726647001,78.86234021632252,4.142969518190757,0.7099236641221374,0.00413818359375
08f820d7e48c99c1ad51,test,16,,583.0,0.846834717242832,1.7898266102458003,137.1320754716981,11.002793204437742,194.7581475128645,132.4408233276158,10.090909090909092,1.0357142857142858,0.00047444661458333334
09b7d6911cccc8b351d7,test,1,,857.0,0.7806231534937105,1.796663174775555,134.70595099183197,22.9204371831133,177.81330221703618,133.92298716452743,25.551925320886813,0.8857142857142857,0.0006974283854166666
09b7d6911cccc8b351d7,test,2,,10883.0,0.6161631322745549,1.8177437227545477,106.28209133510981,43.249025134665054,147.1316732518607,102.926398970872,16.40733253698429,1.3603603603603605,0.008856608072916666
09b7d6911cccc8b351d7,test,3,,21866.0,0.5439714109292635,1.8388474097463685,124.42499771334492,42.04608538580566,172.93473886398976,120.41781761639075,17.804673922985458,1.3154761904761905,0.017794596354166668
09b7d6911cccc8b351d7,test,4,,12219.0,0.60660033366246,1.868649646831954,110.18872248138146,50.81387110989563,156.4937392585318,105.13200752925772,14.83280137490793,1.3360655737704918,0.00994384765625
09b7d6911cccc8b351d7,test,5,,12826.0,0.7945476095458727,1.8495230694018707,77.92632153438328,43.855564871932025,113.07781069702168,73.2264930609699,9.997816934352098,0.8439716312056738,0.010437825520833333
09b7d6911cccc8b351d7,test,6,,11845.0,0.4723437429578086,1.8471295676745998,121.13575348248206,39.3627839958049,164.52579147319545,118.41392992823977,21.256226255804137,2.0105263157894737,0.009639485677083334
09b7d6911cccc8b351d7,test,7,,26159.0,0.43363841565464845,1.7901804554975835,90.45796857678046,38.16433765568589,130.1956496807982,85.9041247754119,9.691922474100691,1.829268292682927,0.021288248697916668
09b7d6911cccc8b351d7,test,8,,3490.0,0.5542513339230126,1.7665527631318367,132.289111747851,57.86684964919687,183.77994269340974,127.54785100286533,21.613753581661893,2.738095238095238,0.0028401692708333332
09b7d6911cccc8b351d7,test,9,,3993.0,0.7153193885976572,1.8701448203999358,88.79338842975207,41.1506262520423,122.59629351364889,85.9526671675432,14.731279739544203,1.4262295081967213,0.00324951171875
09b7d6911cccc8b351d7,test,10,,6918.0,0.572422997821718,1.797240353559177,98.81815553628216,34.214282405255815,133.04842440011564,96.5046256143394,20.901705695287657,0.696,0.0056298828125
09b7d6911cccc8b351d7,test,11,,14205.0,0.41407738827762985,1.7071322845640615,134.25716297078495,45.934375839342025,182.51819781766983,131.79549454417457,20.348891235480465,1.232394366197183,0.01156005859375
09b7d6911cccc8b351d7,test,12,,1906.0,0.8033481121613799,1.8085721004481228,144.900314795383,5.565929363596623,179.8137460650577,147.14900314795383,41.531479538300104,1.0851063829787233,0.0015511067708333334
0c2cddb80301461fdfc0,test,1,,241.0,0.8497678516337694,1.580560079052228,130.4149377593361,26.449239431218096,187.06639004149378,124.41908713692946,12.634854771784232,1.1111111111111112,0.00019612630208333334
0c2cddb80301461fdfc0,test,2,,8949.0,0.46367713776503333,1.7859632227988844,123.66465526874511,44.04113396205789,179.41971169963125,117.5511230305062,8.912392446083361,0.8287671232876712,0.00728271484375
0c2cddb80301461fdfc0,test,3,,75896.0,0.2606383756120085,1.7975843261746045,117.37373511120481,42.516215695597346,173.75134394434488,109.92454147781174,7.873945926004006,0.7488372093023256,0.06176432291666667
0c2cddb80301461fdfc0,test,4,,10049.0,0.2152219832260091,1.7222670383350729,119.59647726141905,40.12258893726407,167.3475967757986,116.6459349188974,9.536272265897104,0.30564784053156147,0.008177897135416667
0c2cddb80301461fdfc0,test,5,,4680.0,0.6917323186069053,1.779855225703833,176.06858974358974,28.210809676905082,229.83632478632478,178.6017094017094,21.89508547008547,0.9310344827586207,0.00380859375
0c2cddb80301461fdfc0,test,6,,3498.0,0.796281280100029,1.7038208122886294,145.22327044025158,23.634634499165365,200.8076043453402,141.8496283590623,16.70926243567753,0.9285714285714286,0.0028466796875
0c2cddb80301461fdfc0,test,7,,7642.0,0.612441133345998,1.8240452430132281,103.69929337869668,52.47802966990187,158.29010730175347,95.13687516356974,4.6915728866788795,0.9489795918367347,0.006219075520833333
0c2cddb80301461fdfc0,test,8,,21225.0,0.41405609278219446,1.7776204285879336,93.65922261484098,46.326021483972504,139.7483156654888,87.09295641931685,6.63095406360424,0.9296482412060302,0.01727294921875
0c2cddb80301461fdfc0,test,9,,6155.0,0.6933083314115994,1.7561376971737621,99.87181153533713,40.73921711842083,147.8047116165719,93.42567018683997,7.309504467912267,0.9603960396039604,0.0050089518229166664
0c2cddb80301461fdfc0,test,10,,1712.0,0.5507641343572847,1.7393561881353208,130.54205607476635,22.901263228363614,181.95443925233644,127.21553738317758,12.660046728971963,0.4074074074074074,0.0013932291666666667
0c2cddb80301461fdfc0,test,11,,9041.0,0.3426186264759169,1.7736564124436573,162.22608118570955,27.661358345153523,220.5435239464661,160.6625373299414,17.189470191350516,0.472636815920398,0.007357584635416667
0c2cddb80301461fdfc0,test,12,,14352.0,0.6299640348690869,1.7719232197521548,110.01902173913044,40.057701037639845,159.4816750278707,104.82929208472687,6.976240245261985,1.1843971631205674,0.0116796875
0c2cddb80301461fdfc0,test,13,,1995.0,0.8424146157271217,1.7893864376037376,150.44110275689223,22.559148982041684,203.0531328320802,149.24511278195487,18.43609022556391,1.14,0.00162353515625
0cc49eb88837a3d298a9,test,1,,6012.0,0.6847264766510028,1.8379303548800732,130.77095808383234,30.984934015448367,181.1708250166334,127.39820359281437,15.894710578842316,0.6936936936936937,0.004892578125
0cc49eb88837a3d298a9,test,2,,5185.0,0.22267257822477596,1.885902431854282,108.2933461909354,40.80658052998749,157.0036644165863,102.38360655737705,10.973770491803279,0.1341991341991342,0.004219563802083334
0cc49eb88837a3d298a9,test,3,,2805.0,0.6019686796508779,1.8074296350596384,121.41319073083778,32.39301938369591,166.2837789661319,119.42281639928699,13.910873440285204,0.5517241379310345,0.00228271484375
0cc49eb88837a3d298a9,test,4,,2890.0,0.7701418570015232,1.8307069046314306,125.63425605536332,23.229786455579095,170.9871972318339,123.91349480968859,15.469896193771627,0.7183098591549296,0.0023518880208333332
0cc49eb88837a3d298a9,test,5,,5024.0,0.81651406026848,1.741974482759185,105.71337579617834,35.114080632528236,157.0722531847134,98.3343949044586,8.977707006369426,1.2638888888888888,0.0040885416666666665
0cc49eb88837a3d298a9,test,6,,2303.0,0.7311414930660157,1.7862954989756155,165.85584020842379,28.382537754608,218.32522796352583,166.12071211463308,26.76769431176726,1.7857142857142858,0.0018741861979166667
0cc49eb88837a3d298a9,test,7,,4651.0,0.508592266741988,1.8439210684385794,157.21866265319287,26.35202626635489,216.46312620941734,154.44657062997206,16.040421414749517,0.46564885496183206,0.0037849934895833335
0cc49eb88837a3d298a9,test,8,,811.0,0.6777282050324986,1.7811195352143028,161.67200986436498,12.248996769303325,220.403205918619,159.73612823674475,17.454993834771887,1.1935483870967742,0.0006599934895833333
0cc49eb88837a3d298a9,test,9,,14766.0,0.38037649018150294,1.7369800008369676,121.101246105919,30.792251977869263,176.15996207503724,115.0964377624272,7.602736015169985,0.6618357487922706,0.0120166015625
0cc49eb88837a3d298a9,test,10,,150.0,0.775114389168177,1.634216016357182,143.25333333333333,19.483732245702367,201.34,138.93333333333334,13.16,0.5263157894736842,0.0001220703125
0cc49eb88837a3d298a9,test,11,,8191.0,0.7457931081720712,1.8262680621424294,112.9258942742034,40.235071108619515,162.0766695153217,107.36039555609815,12.646319130753266,1.21,0.006665852864583334
0cc49eb88837a3d298a9,test,12,,5405.0,0.6031308216924333,1.7981798309050345,156.9753931544866,25.119266766085772,216.1432007400555,154.44162812210917,14.758371877890841,1.2962962962962963,0.0043986002604166664
0cc49eb88837a3d298a9,test,13,,11489.0,0.4872621751688714,1.8235726055938708,105.91678997301767,34.22644845440823,153.95230220210635,100.46836104099573,7.95621899207938,2.010752688172043,0.009349772135416667
0cc49eb88837a3d298a9,test,14,,3965.0,0.7126890050114959,1.7341351679388224,120.7515762925599,38.912804852646765,171.85044136191678,116.30063051702396,9.558890290037832,1.3846153846153846,0.0032267252604166667
0cc49eb88837a3d298a9,test,15,,4875.0,0.6356220308908003,1.781326617292546,127.8531282051282,20.626390065578843,174.7259487179487,125.74051282051282,15.71651282051282,1.5,0.00396728515625
0cc49eb88837a3d298a9,test,16,,3974.0,0.6690971611065729,1.7554825293165848,111.16406643180675,33.264503361191935,160.55334675390034,106.14645193759436,7.435832913940614,1.2463768115942029,0.0032340494791666665
0cc49eb88837a3d298a9,test,17,,2668.0,0.49695565181459767,1.7342338365935075,164.26349325337333,26.81545966699999,223.36431784107947,163.53410794602698,13.026611694152924,2.4047619047619047,0.002171223958333333
0cc49eb88837a3d298a9,test,18,,2889.0,0.5428329490015393,1.74668701026711,158.5109034267913,16.42944265206247,216.6386292834891,156.36067843544478,17.084804430598822,0.5257731958762887,0.00235107421875
0cc49eb88837a3d298a9,test,19,,16101.0,0.4472485090992864,1.7602551383830316,106.2925284143842,39.76004215525096,151.78256008943544,102.62685547481523,5.893795416433762,0.5648535564853556,0.01310302734375
0cc49eb88837a3d298a9,test,20,,16969.0,0.43025354056804777,1.75067971815791,130.91997171312394,33.67303983863021,187.69850904590723,125.55789969945194,9.549531498615123,1.1920529801324504,0.013809407552083333
0cc49eb88837a3d298a9,test,21,,12288.0,0.3221841869253094,1.6645331219277086,116.925537109375,31.007802154790465,166.28841145833334,112.185546875,11.77880859375,1.3945578231292517,0.01
0cc49eb88837a3d298a9,test,22,,4673.0,0.8228814762329009,1.781183017989501,109.64241386689493,37.73305914051725,157.280975818532,105.15728653969613,7.770811042157073,0.9036144578313253,0.0038028971354166666
0daa1d125f2ebc009bba,test,1,,2707.0,0.43350560834618485,1.7768379173302962,150.84189139268562,16.805635340801757,209.33099371998523,148.78463243442926,7.983376431473957,0.47191011235955055,0.0022029622395833334
0daa1d125f2ebc009bba,test,2,,5344.0,0.7042693426992354,1.7924880783713872,151.6624251497006,23.151249525623683,211.625748502994,147.9124251497006,13.614146706586826,0.81,0.004348958333333333
0daa1d125f2ebc009bba,test,3,,4739.0,0.7070943403285488,1.7427329050274167,169.88267566997257,29.12941910021471,233.17894070479005,168.73496518252796,9.705212070056975,0.8105263157894737,0.0038566080729166667
0daa1d125f2ebc009bba,test,4,,135400.0,0.1540673848833733,1.8219585734207802,137.02999261447562,44.429193597478786,202.3064327917282,129.26227474150664,5.917215657311669,2.47741935483871,0.11018880208333333
0daa1d125f2ebc009bba,test,5,,19041.0,0.5236235957595006,1.821920064985602,94.10671708418676,41.42324281698333,150.7696024368468,82.77495929835618,3.9220103986135184,1.9069767441860466,0.01549560546875
0daa1d125f2ebc009bba,test,6,,11246.0,0.5464348774093192,1.8221105715279653,142.40645562866797,31.701186731774875,202.53147785879423,137.98630624221946,7.483371865552196,0.43820224719101125,0.009152018229166666
0daa1d125f2ebc009bba,test,7,,9594.0,0.6532368595355614,1.8721026855414729,147.74744632061706,34.51554450429639,208.052220137586,143.56295601417554,11.120908901396707,0.8740157480314961,0.0078076171875
0daa1d125f2ebc009bba,test,8,,14495.0,0.6188895105968735,1.8285991880379364,112.62911348740946,43.988659294649565,166.6714039323905,105.6120041393584,7.024353225250087,0.4489795918367347,0.011796061197916667
0daa1d125f2ebc009bba,test,9,,24886.0,0.5444586310217556,1.7991309353573024,108.19914811540625,41.777528061360776,168.80683918669132,97.45929438238367,4.646990275656996,0.9609756097560975,0.020252278645833333
0daa1d125f2ebc009bba,test,10,,10563.0,0.6789836367163922,1.809645999825753,137.12468048849757,42.81242129559794,196.60541512827794,131.34469374230807,10.901827132443435,0.9029850746268657,0.00859619140625
0daa1d125f2ebc009bba,test,11,,23651.0,0.44320705913933606,1.7373400997265793,134.6667371358505,44.006606577183376,198.98325652192295,126.39144222231619,8.628218679971248,0.5413793103448276,0.019247233072916668
0daa1d125f2ebc009bba,test,12,,8620.0,0.7626361828300532,1.8393537530312507,126.69628770301624,39.44532013918032,185.80614849187936,119.30034802784223,9.777262180974478,1.1634615384615385,0.0070149739583333336
0daa1d125f2ebc009bba,test,13,,1322.0,0.7922041652162158,1.6856610408729142,168.48260211800303,23.13474474484238,225.78139183055976,168.53857791225417,17.841149773071105,1.3513513513513513,0.0010758463541666666
0daa1d125f2ebc009bba,test,14,,76155.0,0.2878175071477033,1.7649444962705236,126.85432341934214,47.14710325079818,189.42069463593987,118.49748539163548,5.864552557284486,1.7195121951219512,0.06197509765625
0daa1d125f2ebc009bba,test,15,,14627.0,0.29967780735548966,1.706458514457611,117.58002324468448,36.464934754596925,177.58822725097423,108.92835167840295,4.792985574622274,1.45,0.011903483072916667
0daa1d125f2ebc009bba,test,16,,49357.0,0.20128870105192806,1.7657316760011341,114.35502562959661,41.029403053712976,170.89375367222482,106.32668111919281,7.387381729035395,1.0336700336700337,0.040166829427083335
0daa1d125f2ebc009bba,test,17,,5041.0,0.6704650282603895,1.7493540735416668,134.85419559611188,31.943586934367808,203.79567546121802,124.82602658202738,5.753223566752628,1.175,0.004102376302083334
0daa1d125f2ebc009bba,test,18,,3821.0,0.4446567579044315,1.8189438344351654,71.00523423187647,23.735599197810014,124.98717613190264,56.902381575503796,2.1481287621041614,3.8157894736842106,0.0031095377604166666
0daa1d125f2ebc009bba,test,19,,6311.0,0.52485477125527,1.7706443967730352,134.70480114086516,30.85099217263583,194.9640310568848,128.4498494691808,8.923308508952623,0.8828828828828829,0.005135904947916666
0daa1d125f2ebc009bba,test,20,,52527.0,0.1875005768669136,1.786762889074156,114.14805718963581,46.675833750487655,174.27835208559407,104.65012279399166,5.399870542768481,2.83248730964467,0.04274658203125
0e9aea56a1632e399082,test,1,,1051.0,0.647572133544055,1.6228587706743596,137.74500475737392,26.223907085531987,189.63368220742151,136.30637488106566,8.939105613701237,0.8695652173913043,0.0008553059895833334
0e9aea56a1632e399082,test,2,,4274.0,0.6747790258638934,1.7135175769684563,139.40407112774918,39.27281554097308,193.03766963032288,135.9941506785213,16.168460458586804,0.8160919540229885,0.0034781901041666665
0e9aea56a1632e399082,test,3,,20360.0,0.5395500836466887,1.7698984044433261,126.0,32.96523143101818,175.82775049115912,122.3708742632613,13.942485265225933,0.7777777777777778,0.016569010416666665
0e9aea56a1632e399082,test,4,,14714.0,0.5734600396595725,1.7419270527706883,134.0475057768112,38.69292663079498,189.6883240451271,129.13436183226858,13.305015631371482,0.9937888198757764,0.011974283854166667
0e9aea56a1632e399082,test,5,,45044.0,0.3130690908002049,1.8364281936503684,124.23257259568422,39.51742624954844,174.04912973980996,120.10582985525264,14.738788739898766,1.4716157205240175,0.03665690104166667
0e9aea56a1632e399082,test,6,,4580.0,0.7580692115142698,1.7769717767324686,141.42598253275108,46.442531300030154,196.70960698689956,137.2947598253275,17.605021834061134,0.9135802469135802,0.003727213541666667
0e9aea56a1632e399082,test,7,,40711.0,0.2999657433172701,1.6820228863164595,152.9267274201076,38.50953792262482,212.374026675837,149.86573653312374,12.786003782761416,1.251908396946565,0.03313069661458334
0e9aea56a1632e399082,test,8,,92.0,0.4492659962521872,1.676818477307348,101.1304347826087,23.262312023539906,147.6413043478261,95.54347826086956,7.945652173913044,3.2857142857142856,7.486979166666666e-05
0e9aea56a1632e399082,test,9,,54870.0,0.33961542381340487,1.756051317384584,111.42329141607436,39.855508718905604,164.41709495170403,104.59845088390742,7.5738655002733735,1.2904411764705883,0.0446533203125
0e9aea56a1632e399082,test,10,,4203.0,0.5382964441025115,1.8431027809084095,122.29883416607186,37.98841710932926,174.88032357839637,117.22246014751369,10.443254817987151,2.0508474576271185,0.00342041015625
0e9aea56a1632e399082,test,11,,11273.0,0.6997198713428832,1.8554860463625122,141.67737070877317,63.38279184365017,193.62698483101215,139.98873414352877,14.120376119932581,1.0826446280991735,0.009173990885416667
0e9aea56a1632e399082,test,12,,8099.0,0.6449715972256879,1.7964782517708435,109.03123842449685,68.45533032923787,153.95517965180886,104.68489937029263,13.491171749598715,0.6946564885496184,0.0065909830729166665
0e9aea56a1632e399082,test,13,,8278.0,0.6117904389879953,1.7939009018373524,155.1220101473786,37.57062893676298,214.68132399130224,152.491785455424,12.46629620681324,0.8015267175572519,0.006736653645833333
0e9aea56a1632e399082,test,14,,16560.0,0.5119727111298087,1.7531372790277693,147.62530193236714,53.73560362112995,202.41117149758455,145.86002415458938,13.054045893719806,0.9107142857142857,0.0134765625
0e9aea56a1632e399082,test,15,,8630.0,0.5735490170560569,1.816430482185445,147.6590961761298,47.68902142929906,203.81587485515644,144.81019698725376,15.051680185399768,0.47770700636942676,0.0070231119791666664
0e9aea56a1632e399082,test,16,,9304.0,0.6132581900367521,1.8088597829310058,168.00752364574376,28.167391093936597,224.49430352536544,168.22151762682716,18.684006878761824,0.7404580152671756,0.007571614583333333
0e9aea56a1632e399082,test,17,,213064.0,0.09867140971384292,1.7636827389060898,140.90161641572485,39.1238716757533,196.21280460331167,137.12603724702436,15.235577103593286,1.1066460587326121,0.17339192708333334
0e9aea56a1632e399082,test,18,,8420.0,0.5314310889563456,1.853548739102351,112.27897862232778,40.06486972561105,164.09287410926365,105.84061757719715,9.46710213776722,2.6231884057971016,0.006852213541666667
0e9aea56a1632e399082,test,19,,7650.0,0.7632607016963714,1.833653585681842,115.29803921568627,46.98034141867698,174.61359477124182,105.63385620915032,9.588627450980391,0.7565217391304347,0.0062255859375
0e9aea56a1632e399082,test,20,,126544.0,0.21381111393526714,1.7454318298793823,127.3305727652042,46.9046936531876,184.47841067138702,120.98033095207991,10.161540649892528,0.963302752293578,0.10298177083333333
112f717e209533777994,test,1,,34266.0,0.45753784981012097,1.8643035620604425,127.93249868674488,34.13224547570111,182.9735597968832,122.97501896924065,9.112035253604155,0.8636363636363636,0.0278857421875
112f717e209533777994,test,2,,10363.0,0.7046071831549976,1.888248494365535,118.53613818392357,37.17417713607777,169.149088101901,113.81501495705876,10.014378075846762,1.1061946902654867,0.008433430989583334
112f717e209533777994,test,3,,42671.0,0.4087214771782439,1.7093749249322459,142.42499589885404,41.771701669081786,202.937498535305,137.07410184903097,11.241475475147055,0.8875,0.03472574869791667
112f717e209533777994,test,4,,8308.0,0.5994187122526146,1.847664544356145,123.56379393355802,31.040318084711988,177.01986037554164,118.55284063553202,9.137578237843043,0.8373983739837398,0.006761067708333333
112f717e209533777994,test,5,,5479.0,0.7118762386990694,1.813770147073311,133.1033035225406,36.21461028159024,187.4236174484395,128.91713816389853,12.100383281620733,1.5070422535211268,0.004458821614583333
112f717e209533777994,test,6,,2525.0,0.6524512336160654,1.8194912115895572,185.57940594059406,5.31626792003455,242.32990099009902,188.45742574257426,21.702178217821782,1.9024390243902438,0.0020548502604166665
112f717e209533777994,test,7,,10214.0,0.5969266795017486,1.8424770441258351,133.8921088701782,30.038281013008405,189.64999020951635,129.39269629919718,10.712061875856667,0.900709219858156,0.008312174479166667
112f717e209533777994,test,8,,23947.0,0.3764300114378446,1.7312940442358826,136.63623835971103,29.99348231168597,195.39315989476762,131.24984340418425,10.18115003967094,1.6022099447513811,0.019488118489583334
112f717e209533777994,test,9,,55406.0,0.3260742488459843,1.8826842296145332,105.38638414612136,43.043306194342335,158.2670468902285,97.69485254304588,6.293867090206837,2.4870466321243523,0.04508951822916667
112f717e209533777994,test,10,,9683.0,0.37722654090094254,1.8184520290414523,128.96881131880616,31.71385375812772,180.0895383662088,125.9617887018486,10.323866570277806,0.8187919463087249,0.007880045572916666
112f717e209533777994,test,11,,13094.0,0.6216189374610817,1.8834827036963029,170.2449213380174,31.42946107016332,228.51153199938904,170.5474263021231,15.74996181457156,0.6726190476190477,0.010655924479166667
112f717e209533777994,test,12,,1983.0,0.6907081280806743,1.8086321407273418,193.25063035804337,14.705727281658929,247.59909228441754,200.3363590519415,14.108421583459405,1.2127659574468086,0.00161376953125
112f717e209533777994,test,13,,9764.0,0.41691765237207307,1.7881429938097029,176.8827324866858,34.067926112164585,231.10610405571487,179.78727980335927,19.652908643998362,1.4375,0.007945963541666667
112f717e209533777994,test,14,,225698.0,0.14054429500023413,1.8140481860118276,124.29014435218744,41.37292871615297,178.09505179487633,118.95331815080328,10.631968382528866,1.0729166666666667,0.18367350260416668
13d042556b8f13e6624f,test,1,,11508.0,0.76007509747503,1.8263212930782347,127.80100799443865,45.16651144786493,188.71732707681613,120.26242613833854,6.764250955856795,0.8897058823529411,0.009365234375
13d042556b8f13e6624f,test,2,,40506.0,0.5202143183939026,1.7254884338193226,120.3298276798499,41.994891540212144,182.49888905347356,110.93840418703402,5.629190737174739,1.0265151515151516,0.0329638671875
13d042556b8f13e6624f,test,3,,26829.0,0.398610962230058,1.8705824422644477,147.46311826754632,49.26312536118747,208.00540459950054,143.79686160497968,7.577583957657758,2.7203389830508473,0.02183349609375
13d042556b8f13e6624f,test,4,,936.0,0.8290287469444624,1.672101283843602,134.8696581196581,13.033737381868951,191.73717948717947,130.35576923076923,8.902777777777779,1.0,0.00076171875
13d042556b8f13e6624f,test,5,,6386.0,0.6259109818775468,1.7772807136204352,111.41121202630755,48.274316885070014,162.3379267146884,105.82915753210148,6.531161916692765,0.5859375,0.005196940104166666
13d042556b8f13e6624f,test,6,,46191.0,0.4028988027554878,1.8434189608726674,132.388603840575,41.22548607222617,189.83488125392392,126.7134723214479,10.967114805914573,1.7547169811320755,0.03759033203125
13d042556b8f13e6624f,test,7,,138.0,0.25701411383081396,1.5105308077639128,159.15217391304347,17.88040064311088,231.85507246376812,149.7753623188406,17.014492753623188,6.666666666666667,0.0001123046875
13d042556b8f13e6624f,test,8,,1623.0,0.6954128469538392,1.8116361771895708,127.94824399260628,49.91504583464699,188.1256931608133,120.07024029574862,10.591497227356747,1.0638297872340425,0.00132080078125
13d042556b8f13e6624f,test,9,,10564.0,0.5348157042834608,1.7044284057854464,112.48608481635745,44.85606472320639,175.097879591064,101.28833775085195,5.989208633093525,1.055944055944056,0.008597005208333333
13d042556b8f13e6624f,test,10,,13802.0,0.402988834766218,1.760455019382197,125.25706419359513,39.84745941040203,190.8182147514853,115.05484712360527,5.96210694102304,1.3257575757575757,0.011232096354166667
13d042556b8f13e6624f,test,11,,2890.0,0.6740068079175228,1.7937130875573137,146.41072664359862,33.52503308598853,211.49100346020762,139.53217993079585,11.113148788927335,0.7272727272727273,0.0023518880208333332
13d042556b8f13e6624f,test,12,,8054.0,0.6844046148744585,1.8382623900929564,114.9543084181773,37.588599392082855,167.62776260243356,108.71926992798609,8.90004966476285,0.8632478632478633,0.006554361979166667
13d042556b8f13e6624f,test,13,,7133.0,0.3025653046296228,1.8605949673482556,96.05593719332678,31.795758117580334,150.7016683022571,86.2126734894154,3.4536660591616433,2.967741935483871,0.005804850260416667
13d042556b8f13e6624f,test,14,,959.0,0.8586696082322197,1.6665568443391838,122.05005213764338,27.422230493377103,177.25547445255475,116.48175182481752,5.978102189781022,0.9736842105263158,0.0007804361979166667
13d042556b8f13e6624f,test,15,,1214.0,0.6377078056910968,1.7288731977532894,130.61037891268535,23.895825344282038,186.9818780889621,125.75535420098846,7.757001647446458,1.6666666666666667,0.0009879557291666667
13d042556b8f13e6624f,test,16,,516.0,0.8450285688395855,1.7577043362524138,141.15503875968992,19.674955399180398,198.9108527131783,137.66472868217053,7.501937984496124,0.7419354838709677,0.000419921875
13d042556b8f13e6624f,test,17,,1544.0,0.7716548615601884,1.7342107023265245,139.22797927461139,13.026670312861416,196.2571243523316,135.43393782383419,9.018782383419689,1.2682926829268293,0.0012565104166666666
13d042556b8f13e6624f,test,18,,1847.0,0.45164674497982865,1.7093321050088364,121.69247428262047,59.030735047381704,169.6654033567948,119.1142393069843,9.149972929074174,1.851063829787234,0.0015030924479166666
13d042556b8f13e6624f,test,19,,3262.0,0.5799245158509886,1.6602551274471558,124.61925199264255,46.129004691986886,181.6845493562232,118.64960147148989,5.795524218270999,1.0909090909090908,0.0026546223958333333
142d956143fa7aa21631,test,1,,8078.0,0.6439507822147488,1.8053444465595925,110.67033919286952,49.4552537497801,172.83436494181728,98.91681109185441,8.213914335231493,1.6470588235294117,0.0065738932291666665
142d956143fa7aa21631,test,2,,17314.0,0.6563621448372886,1.8028389205166802,147.0597204574333,29.19179748051911,204.79860228716646,143.89655769897192,11.88777867621578,1.0632911392405062,0.014090169270833333
142d956143fa7aa21631,test,3,,5053.0,0.6426859774378537,1.7083533075551567,146.04413219869386,25.077316258369475,204.53196121116167,142.707104690283,9.823075400752028,1.4411764705882353,0.004112141927083333
142d956143fa7aa21631,test,4,,5222.0,0.5079223301793151,1.836292989149037,140.05457679050173,56.17956494108419,202.5923018000766,134.08062045193412,6.887399463806971,3.1458333333333335,0.004249674479166667
142d956143fa7aa21631,test,5,,5359.0,0.2928204463716616,1.793857007314971,140.00727747714126,35.66688449782761,195.61392050755737,136.7305467437955,10.898115320022391,3.7755102040816326,0.004361165364583333
142d956143fa7aa21631,test,6,,3753.0,0.7339072141701969,1.8671100517581558,49.012256861177725,59.80098318793464,80.78523847588596,42.1119104716227,1.515054622968292,0.8051948051948052,0.00305419921875
142d956143fa7aa21631,test,7,,268.0,0.6932629493171761,1.7534276824486887,175.3320895522388,15.716642480429847,231.44776119402985,178.0597014925373,14.332089552238806,1.6875,0.00021809895833333333
142d956143fa7aa21631,test,8,,28119.0,0.4383261907393878,1.8131030250130715,121.10722287421316,42.8387283400467,181.16874711049468,112.35883210640492,8.627049326078453,0.8893805309734514,0.02288330078125
142d956143fa7aa21631,test,9,,45482.0,0.6645498095510459,1.8882697353517255,88.36394617650939,50.121755497894064,139.7705026164197,78.33402225056066,5.275537575304516,0.6463022508038585,0.037013346354166664
142d956143fa7aa21631,test,10,,43.0,0.7242974987522812,1.4764221091276524,138.53488372093022,19.495197783412873,186.5581395348837,140.30232558139534,3.186046511627907,1.25,3.4993489583333335e-05
142d956143fa7aa21631,test,11,,52788.0,0.2390817301797682,1.8153402619663839,125.68420853224218,37.930795411032584,177.02074335076153,121.72823368947488,11.346158217776768,0.34944237918215615,0.042958984375
142d956143fa7aa21631,test,12,,5152.0,0.6474997390024245,1.7797284484809133,134.6011257763975,61.31496635948115,186.39091614906832,131.81094720496895,13.122282608695652,1.2345679012345678,0.004192708333333333
142d956143fa7aa21631,test,13,,8072.0,0.5888684279661367,1.796740531084716,118.13887512388503,38.40319861868217,175.5652874132805,109.78493557978196,10.508919722497522,1.9375,0.006569010416666667
142d956143fa7aa21631,test,14,,20182.0,0.4833572441062471,1.7802338978370966,162.90769002081063,42.288466398925415,222.87587949658112,161.7322366465167,11.612129620453869,0.8009049773755657,0.01642415364583333
142d956143fa7aa21631,test,15,,19647.0,0.36761712557773385,1.7566662359983924,139.19010535959688,41.1880268164811,199.51030691708658,133.47080979284368,10.398025143787855,1.3588235294117648,0.01598876953125
142d956143fa7aa21631,test,16,,143.0,0.6797974130401577,1.8502198590705434,184.72027972027973,6.362483565759032,243.24475524475525,187.34265734265733,17.265734265734267,3.0,0.00011637369791666667
142d956143fa7aa21631,test,17,,18415.0,0.36967881245082923,1.8672709699481702,120.88932935107249,40.96814816293195,183.2101547651371,111.01330437143633,8.308878631550366,1.7401574803149606,0.014986165364583333
142d956143fa7aa21631,test,18,,40.0,0.7844374381463907,1.445121111183233,73.65,22.88290846898619,136.95,55.125,3.475,0.8888888888888888,3.255208333333333e-05
142d956143fa7aa21631,test,19,,7078.0,0.7537985056551083,1.7886932195098706,126.53772252048601,31.569344967717278,187.33597061316758,118.87369313365357,6.584910991805595,1.099009900990099,0.005760091145833333
142d956143fa7aa21631,test,20,,427.0,0.7917074925839979,1.6798112614128344,190.81030444964873,15.595714497263154,242.92271662763466,197.4192037470726,19.875878220140514,1.4545454545454546,0.00034749348958333333
142d956143fa7aa21631,test,21,,1228.0,0.828602703971901,1.747680336574413,191.85097719869708,8.616783903703766,246.19218241042344,197.42671009771988,20.354234527687296,1.3333333333333333,0.0009993489583333334
14844311e271c7be8221,test,1,,10408.0,0.5805154914182239,1.8039187606602027,69.79016141429669,34.735164873072,127.26364335126826,53.99106456571868,0.40161414296694853,2.043010752688172,0.008470052083333334
14844311e271c7be8221,test,2,,10640.0,0.5388433841236808,1.6716951249258136,94.64680451127819,30.719848429528632,160.53825187969926,79.36926691729323,0.5328007518796992,1.053030303030303,0.008658854166666667
14844311e271c7be8221,test,3,,2860.0,0.7247047043426426,1.6607643572041235,126.2951048951049,25.99812346286546,196.0262237762238,115.18846153846154,0.5681818181818182,0.9178082191780822,0.0023274739583333333
14844311e271c7be8221,test,4,,4935.0,0.8187210495872412,1.796490885807469,109.62695035460993,37.12414676009693,177.4840932117528,96.25045592705168,0.4774062816616008,1.1097560975609757,0.00401611328125
14844311e271c7be8221,test,5,,9689.0,0.4293999183055743,1.8205222532608232,87.47486840747239,40.62939664652413,149.4529879244504,72.84343069460212,0.26432036329858605,0.7933333333333333,0.007884928385416667
14844311e271c7be8221,test,6,,3366.0,0.7687487817650729,1.8443504855743051,86.8098633392751,46.53064053691013,148.53119429590018,72.11764705882354,0.6039809863339275,0.5542168674698795,0.0027392578125
14844311e271c7be8221,test,7,,16172.0,0.4527743394065974,1.751115111187899,110.99220875587434,44.09605533503832,181.15897848132576,96.58205540440267,1.181981202077665,0.9893617021276596,0.013160807291666667
14844311e271c7be8221,test,8,,31465.0,0.43220808395168636,1.809546253631808,104.80661051962498,42.07902345588801,173.08549181630383,90.30888288574607,0.36316542189734624,0.953307392996109,0.025606282552083335
14844311e271c7be8221,test,9,,2529.0,0.8084584593308815,1.7956749960917955,106.62040332147093,43.757742746764904,175.5780941083432,91.90233293792012,1.6188216686437327,0.803030303030303,0.00205810546875
14844311e271c7be8221,test,10,,3893.0,0.6981541927988572,1.8655309990291857,92.56537374775237,36.41300119665005,156.03776008219882,77.98638582070383,1.2072951451322886,1.403225806451613,0.0031681315104166666
14844311e271c7be8221,test,11,,3005.0,0.3564175623393668,1.8492984237092607,59.082196339434276,42.94611683163596,105.42762063227953,46.86422628951747,0.3873544093178037,4.833333333333333,0.002445475260416667
14844311e271c7be8221,test,12,,7168.0,0.7924918612976667,1.8174734972411615,115.79031808035714,31.270269872711648,185.83747209821428,102.310546875,1.4553571428571428,1.1797752808988764,0.005833333333333334
14844311e271c7be8221,test,13,,4024.0,0.6124652097943337,1.828568642239784,118.4843439363817,41.05886955097733,188.86058648111333,105.4965208747515,0.7567097415506958,0.5277777777777778,0.0032747395833333335
14844311e271c7be8221,test,14,,5549.0,0.7353076174813057,1.7567298981234323,134.36150657776176,29.600094300396417,208.41016399351236,122.34204361146152,1.9663002342764462,1.0869565217391304,0.0045157877604166665
14844311e271c7be8221,test,15,,13393.0,0.4342617189806672,1.7556391837032368,107.36011349212275,52.36251721733101,172.2182483386844,94.73172552826104,2.215485701485851,1.2595419847328244,0.010899251302083333
14844311e271c7be8221,test,16,,19193.0,0.8178159124154342,1.9305171909134633,71.32933882144532,45.40335976971347,129.26587818475485,55.58458813108946,0.3887354764757985,0.6544502617801047,0.015619303385416667
14844311e271c7be8221,test,17,,2207.0,0.5916401183987864,1.7671686416271362,93.79655641141821,40.34143838576532,164.53103760761215,75.95740824648844,0.054825555052106935,0.4827586206896552,0.0017960611979166666
14844311e271c7be8221,test,18,,14858.0,0.7216337735473918,1.7718570104543698,73.55417956656346,50.32060818244267,127.88686229640598,59.9141876430206,1.2508412976174452,0.9245283018867925,0.012091471354166666
14844311e271c7be8221,test,19,,17532.0,0.41581679576782815,1.7331481265729929,75.67396760209903,39.35085457531133,134.12383070955966,60.526123659593885,0.3698380104950947,1.5931034482758621,0.014267578125
14844311e271c7be8221,test,20,,8787.0,0.7977204824627749,1.8398157536929136,62.02014339364971,49.13923639865704,108.49470809149881,50.364629566404915,0.2518493228633208,1.0091743119266054,0.00715087890625
14ac1676e25f4f04f201,test,1,,41465.0,0.7236785067403525,1.866946941317371,110.54790787411069,52.73438765786305,164.53174966839504,102.95024719643072,8.07112022187387,0.8113207547169812,0.03374430338541667
14ac1676e25f4f04f201,test,2,,9870.0,0.7509310087235016,1.8775782534247936,121.8323201621074,62.526683657349444,177.83941236068895,115.35592705167173,8.410131712259371,1.2058823529411764,0.0080322265625
14ac1676e25f4f04f201,test,3,,15741.0,0.5955183472069967,1.8326567722990907,92.22349278953052,42.23131698089787,141.3704974271012,83.91563433072866,6.166317260656883,0.5023255813953489,0.01281005859375
14ac1676e25f4f04f201,test,4,,119172.0,0.5320584404103048,1.8742933882509765,138.7439667035881,41.7185273113629,197.64225657033532,133.33260329607626,12.137725304601751,0.8823529411764706,0.096982421875
14ac1676e25f4f04f201,test,5,,7023.0,0.6678385294282526,1.8006968811430755,138.74341449522996,30.43965567258487,197.37305994589207,133.70482699700983,10.828990459917414,1.134020618556701,0.00571533203125
14ac1676e25f4f04f201,test,6,,8852.0,0.6266504686812961,1.8524492630335463,154.95187528242207,33.23208366729539,216.02406235878897,151.1476502485314,14.292702214188884,0.904,0.007203776041666667
14ac1676e25f4f04f201,test,7,,62339.0,0.3371087097280977,1.8073042693061612,141.25342081201174,49.32281120138809,200.79685269253596,136.11827267039894,11.529508012640562,1.2154340836012862,0.05073160807291666
14ac1676e25f4f04f201,test,8,,5269.0,0.7363537315181311,1.7330409243994245,73.99981021066615,68.70614424444686,106.30783829948757,70.18751186183337,8.906054279749478,0.8350515463917526,0.004287923177083333
14ac1676e25f4f04f201,test,9,,16701.0,0.38450084603836016,1.791949460515205,133.38961738818034,28.689722188464096,185.36949883240524,130.26339740135322,13.045566133764446,1.2331288343558282,0.01359130859375
14ac1676e25f4f04f201,test,10,,55152.0,0.6652696140531439,1.787004000126325,93.64282346968378,43.40182396551643,149.04890121845082,82.61125616478097,5.199974615607775,1.1743772241992882,0.0448828125
14ac1676e25f4f04f201,test,11,,1404.0,0.3489102363473249,1.78990664663339,130.10256410256412,43.86242762921294,182.27920227920228,126.38888888888889,12.295584045584045,4.217391304347826,0.001142578125
14ac1676e25f4f04f201,test,12,,2232.0,0.39645791621014403,1.6786168697575907,137.49283154121864,21.539555649404008,188.9377240143369,135.60394265232975,12.248207885304659,0.4,0.00181640625
14ac1676e25f4f04f201,test,13,,1357.0,0.6716615365179548,1.6935750054346117,158.08327192336034,16.935083263835136,220.54532056005894,154.8798820928519,10.76271186440678,1.1041666666666667,0.0011043294270833334
14ac1676e25f4f04f201,test,14,,978.0,0.8557376235666412,1.7976937500087429,148.10838445807772,13.884290723075011,199.10020449897752,147.4836400817996,17.353783231083845,1.21875,0.0007958984375
14ac1676e25f4f04f201,test,15,,53387.0,0.2487896862091741,1.6960918765339366,85.34371663513589,51.50238335656899,140.87086743963886,72.86790791765786,4.089815872778017,1.9565217391304348,0.04344645182291667
14ac1676e25f4f04f201,test,16,,3394.0,0.8744114469192071,1.792912292156245,144.18621096051857,8.500897984958035,194.08544490276958,142.32144961697114,22.700648202710667,1.03125,0.002762044270833333
15660cb99ff49759beb4,test,1,,3236.0,0.6970171679314453,1.8163409177313814,173.38411619283065,25.2828592906313,217.99227441285538,176.27163164400494,41.38164400494438,0.7037037037037037,0.0026334635416666668
15660cb99ff49759beb4,test,2,,25364.0,0.511004282170101,1.8320161040940581,112.5227487777953,46.915454208979845,156.86867213373284,108.05933606686642,19.155693108342533,0.9362745098039216,0.020641276041666667
15660cb99ff49759beb4,test,3,,143906.0,0.15367383206172944,1.7655035530551566,103.41904437619002,46.19611808875218,146.09279668672605,99.08476366517031,13.788000500326602,0.8663366336633663,0.11711100260416667
15660cb99ff49759beb4,test,4,,49433.0,0.3199793540786546,1.7744648953859654,99.82673517690611,44.38550675543182,142.94228551777152,94.67568223656262,13.232476281026845,1.1720430107526882,0.04022867838541667
15660cb99ff49759beb4,test,5,,12960.0,0.5925130898584821,1.8506473115888655,116.80763888888889,38.401135130379906,153.71720679012347,116.43611111111112,21.841203703703705,1.3252032520325203,0.010546875
15660cb99ff49759beb4,test,6,,10098.0,0.2126457833868333,1.7659854228409693,170.82640126757775,40.81504578110251,219.25381263616558,173.14101802337098,31.80065359477124,6.735849056603773,0.0082177734375
15660cb99ff49759beb4,test,7,,4930.0,0.6845393550996066,1.7407237805319784,153.95476673427993,33.35777204760638,203.1993914807302,154.33306288032455,22.810750507099392,0.8297872340425532,0.004012044270833333
15660cb99ff49759beb4,test,8,,80639.0,0.33550969797674357,1.8008526544254653,93.54807227272164,35.41094234773725,131.36071875891318,89.79274296556257,13.698458562234155,0.8162790697674419,0.06562418619791667
1587608d01a3068138cf,test,1,,146.0,0.7368352988102878,1.6295567096615626,151.36986301369862,12.420714965540727,212.2945205479452,145.8013698630137,19.82191780821918,1.6363636363636365,0.00011881510416666667
1587608d01a3068138cf,test,2,,8104.0,0.6864732666641592,1.7785262680416074,121.14536031589338,51.232883359308154,176.0930404738401,114.89782823297138,9.230873642645607,0.753731343283582,0.006595052083333333
1587608d01a3068138cf,test,3,,39680.0,0.4322509140198436,1.8248289257449302,138.8157258064516,45.033704500134824,198.6759576612903,133.42764616935483,9.605166330645162,0.8585858585858586,0.03229166666666667
1587608d01a3068138cf,test,4,,6003.0,0.47892324088906557,1.7507763864807966,173.36448442445445,36.870688821421986,228.72413793103448,175.9217058137598,14.957021489255371,0.9487179487179487,0.00488525390625
1587608d01a3068138cf,test,5,,46884.0,0.6010980768095971,1.8603205857261158,123.90877484856242,37.743370850101634,174.80048630662913,119.6562579984643,12.267425987543724,0.7838709677419354,0.038154296875
1587608d01a3068138cf,test,6,,3911.0,0.713193012758249,1.74086160543264,138.11454870877014,33.501507127981505,197.92406034262336,132.35489644592175,10.864996164663768,0.974025974025974,0.0031827799479166668
1587608d01a3068138cf,test,7,,28227.0,0.3116606903227348,1.7621396492328771,130.2452970560102,35.92423602260034,187.6466857972863,124.37772345626527,9.821730966804832,1.0862745098039215,0.02297119140625
1587608d01a3068138cf,test,8,,2910.0,0.3805640719280169,1.7183489059509967,149.9384879725086,14.200140231472997,199.94364261168386,150.7979381443299,14.237800687285223,0.3140495867768595,0.0023681640625
1587608d01a3068138cf,test,9,,2776.0,0.6275849243866575,1.7600854452587806,104.62536023054756,48.94381731242782,160.05727665706053,95.0342219020173,8.69164265129683,1.679245283018868,0.0022591145833333335
1587608d01a3068138cf,test,10,,3373.0,0.6405563587419847,1.70776692424224,151.75659650163058,41.151420639062465,210.27245775274235,148.438482063445,15.378891194782094,0.8765432098765432,0.0027449544270833335
1587608d01a3068138cf,test,11,,3348.0,0.7051242070061481,1.8278461685974625,175.72759856630825,21.358125504301377,233.86977299880525,177.42383512544802,14.39516129032258,1.3278688524590163,0.002724609375
1587608d01a3068138cf,test,12,,2483.0,0.8288462016404884,1.8443775015160149,132.372935964559,56.71324830891116,185.63229963753523,128.22472815142973,13.968989126057188,1.1090909090909091,0.002020670572916667
1587608d01a3068138cf,test,13,,5454.0,0.7233866154736934,1.7419412245258687,37.736156949028235,49.286856563341765,61.564173083975064,32.502933626696006,2.281078107810781,1.2839506172839505,0.0044384765625
1587608d01a3068138cf,test,14,,134.0,0.7522127427412205,1.4995921092238618,147.90298507462686,19.710164588461833,208.87313432835822,143.80597014925374,8.738805970149254,2.111111111111111,0.00010904947916666666
1587608d01a3068138cf,test,15,,12680.0,0.7111176478819087,1.8601651337296294,125.28635646687697,41.41624252735016,187.43572555205049,116.32152996845426,8.484148264984228,1.4272727272727272,0.010319010416666666
1587608d01a3068138cf,test,16,,1658.0,0.7629323843200603,1.7751114406460013,149.29071170084438,21.848638718421935,207.7798552472859,145.8522316043426,13.450542822677924,1.0,0.0013492838541666666
1587608d01a3068138cf,test,17,,2029.0,0.6479637871172031,1.7946507624198593,132.09807787087234,33.74152674610407,184.20847708230656,128.43124691966486,14.157220305569245,1.1090909090909091,0.0016512044270833334
1587608d01a3068138cf,test,18,,26454.0,0.468965424757098,1.7626183071875545,124.22393588871248,47.33671780277686,178.9379299916837,118.22956830725032,11.571217963256974,0.6297709923664122,0.0215283203125
1587608d01a3068138cf,test,19,,17082.0,0.5773167233155364,1.786985469549386,132.44783983140147,43.759459495714616,193.44134176325957,125.55110642781875,8.047476876244,1.7121212121212122,0.0139013671875
1587608d01a3068138cf,test,20,,16999.0,0.4647860412994148,1.729334675595124,130.99994117301017,46.02442909382606,191.31160656509206,124.10206482734279,8.398199894111418,1.4557823129251701,0.013833821614583333
1587608d01a3068138cf,test,21,,8449.0,0.5229734928894294,1.7817141978192756,100.17800923186176,51.08408181706265,148.14628950171618,94.13682092555332,5.483725884720085,0.9015151515151515,0.0068758138020833335
1587608d01a3068138cf,test,22,,9443.0,0.5654200904524054,1.7685788008136663,114.79868685799005,30.20799144931677,174.7508207137562,105.60055067245578,4.928306682198454,0.785234899328859,0.007684733072916667
1587608d01a3068138cf,test,23,,7229.0,0.5482380540644581,1.7213677187211802,176.85668833863605,25.559332997307127,232.87895974546964,179.36242910499377,16.947295614884492,1.6941176470588235,0.005882975260416667
1587608d01a3068138cf,test,24,,57461.0,0.4148433613653641,1.770032705197279,143.49362176084648,39.212877488430145,202.11581768503854,139.18750108769427,11.955308818154922,1.099337748344371,0.046761881510416665
1587608d01a3068138cf,test,25,,222.0,0.6130892221758506,1.668364885734859,127.4054054054054,27.32038092752068,179.0900900900901,124.87387387387388,4.873873873873874,0.5769230769230769,0.0001806640625
1587608d01a3068138cf,test,26,,17751.0,0.43785982290993614,1.7344625464650714,102.32646048109966,47.97424287421276,158.42177905470115,92.08962875330967,7.928116725818263,1.5902777777777777,0.01444580078125
1587608d01a3068138cf,test,27,,2381.0,0.5057173831579418,1.7291150621459581,146.48845023099537,13.092295575493981,201.13229735405292,144.897522049559,11.19487610247795,0.5609756097560976,0.0019376627604166666
1587608d01a3068138cf,test,28,,5048.0,0.5454704260758618,1.7208894547266729,172.41640253565768,16.995225871716887,231.5964738510301,172.81656101426307,15.002377179080824,2.0307692307692307,0.004108072916666667
1587608d01a3068138cf,test,29,,2508.0,0.5107427134331736,1.7079893879223713,186.0231259968102,9.038960917636949,241.19497607655504,189.80901116427432,21.629186602870814,2.340909090909091,0.002041015625
1587608d01a3068138cf,test,30,,492.0,0.7968713345920659,1.7282621375497906,161.47560975609755,6.3224190269053455,218.39430894308944,161.53252032520325,11.648373983739837,0.9310344827586207,0.000400390625
1587608d01a3068138cf,test,31,,14591.0,0.5609016860478938,1.8435156303426414,96.90233705708998,38.35649541979369,148.92036186690424,88.04632992940854,6.070317318895209,2.082474226804124,0.011874186197916666
1587608d01a3068138cf,test,32,,4666.0,0.24231295255392207,1.63378501354509,104.83347621088727,62.98175259286665,149.24474924989283,100.81783111873125,8.969995713673383,1.4310344827586208,0.003797200520833333
1587608d01a3068138cf,test,33,,776.0,0.8294714819276585,1.749621868715447,148.26546391752578,19.985475216520154,212.34407216494844,143.125,6.619845360824742,1.3214285714285714,0.0006315104166666666
181bd9899e978bce6cd0,test,1,,15168.0,0.34073370239677303,1.7221028790588193,133.0678401898734,46.91106642904556,204.82647679324896,122.06019251054852,1.5537315400843883,1.3509933774834437,0.01234375
181bd9899e978bce6cd0,test,2,,2992.0,0.691646988109389,1.8127284480066668,106.67647058823529,59.897307460512685,164.5581550802139,97.77239304812834,0.7245989304812834,1.7083333333333333,0.002434895833333333
181bd9899e978bce6cd0,test,3,,10419.0,0.6115743082538657,1.8050128374156473,130.9702466647471,38.81318666028323,209.3057875035992,116.35751991553892,0.7251175736634994,1.9885057471264367,0.00847900390625
181bd9899e978bce6cd0,test,4,,5479.0,0.6772213806100618,1.8915450578025796,137.88684066435482,47.12022625230318,211.94323781711992,126.55740098558131,1.9925168826428181,1.8412698412698412,0.004458821614583333
181bd9899e978bce6cd0,test,5,,16317.0,0.8107448016051176,1.789166116160098,110.36838879696023,45.5668005211549,178.3598700741558,96.97205368633941,1.0058221486792915,1.006578947368421,0.01327880859375
181bd9899e978bce6cd0,test,6,,28296.0,0.5768649969896688,1.8333979568360776,117.03141786824993,41.92107618046303,190.77046225614927,102.0185891998869,0.8953208934124964,0.7835497835497836,0.02302734375
181bd9899e978bce6cd0,test,7,,6359.0,0.6793082903038177,1.7833538072685127,124.84667400534676,47.92914173364988,193.27394244378047,113.58232426482151,3.388740367982387,1.5432098765432098,0.005174967447916666
181bd9899e978bce6cd0,test,8,,5078.0,0.7089888057435415,1.7830012504614694,126.23887357227255,57.47653809462105,187.41827491138244,119.37672311933832,1.094525403702245,1.4794520547945205,0.0041324869791666665
181bd9899e978bce6cd0,test,9,,21601.0,0.5415015275023963,1.8039879322396082,130.66936715892783,53.6243661136704,197.78996342761909,121.4022036016851,2.3542428591268925,1.0380434782608696,0.017578938802083333
19815b5e2091107d3927,test,1,,227414.0,0.21013191018422786,1.8189774843777669,116.71499555876068,57.016693272048855,163.3006279296789,112.06155733595996,18.5,0.8131578947368421,0.18506998697916666
19815b5e2091107d3927,test,2,,22651.0,0.7527091908809768,1.8038495087693887,72.4086353803364,52.85321512608536,108.47106088031434,66.30731535031566,9.366518034523862,1.236024844720497,0.018433430989583333
19815b5e2091107d3927,test,3,,8644.0,0.7882447485053813,1.8587326119399519,99.52082369273485,70.92133251894496,136.28898658028692,95.10805182785748,25.784243405830633,0.7401574803149606,0.007034505208333333
19815b5e2091107d3927,test,4,,19910.0,0.6463353071085026,1.8234750902876153,78.6988950276243,46.1761351059667,113.18146659969864,73.90899045705676,12.973279758915117,0.748792270531401,0.016202799479166665
19815b5e2091107d3927,test,5,,1905.0,0.7842706296112009,1.7822060477747033,111.24776902887139,33.7533049068625,158.36325459317587,106.59212598425196,11.623097112860892,1.3111111111111111,0.00155029296875
19815b5e2091107d3927,test,6,,6291.0,0.8606372273373566,1.8042011500879065,110.86488634557304,60.01149038679511,152.3388968367509,107.63996185026228,18.729136862184074,1.0909090909090908,0.00511962890625
19815b5e2091107d3927,test,7,,7606.0,0.3682836941343701,1.7943205879795505,92.11504075729687,50.79501055681987,130.59361030765186,88.1653957402051,11.563896923481462,0.1810344827586207,0.006189778645833333
19815b5e2091107d3927,test,8,,5279.0,0.5761564620005325,1.7542187935627491,105.4646713392688,42.05605447919067,152.11687819662814,98.81246448190946,17.275241523015723,0.9347826086956522,0.004296061197916667
19815b5e2091107d3927,test,9,,4669.0,0.7361822620107636,1.7283250487028607,161.4889698008139,38.71887873306565,204.08095952023987,163.223816663097,40.766331120154206,0.8651685393258427,0.003799641927083333
19815b5e2091107d3927,test,10,,86440.0,0.13333342340441723,1.7959870792598924,137.55375983341045,48.51141712152912,179.25328551596482,136.68760990282277,32.5740860712633,0.841897233201581,0.07034505208333333
19c50b12e658a92bcb17,test,1,,18011.0,0.7608027002084248,1.7675383087067853,106.05341180389762,41.79948129319607,159.13908167231136,98.46105157959025,5.959857864638277,0.9028571428571428,0.014657389322916667
19c50b12e658a92bcb17,test,2,,70120.0,0.18930306017939302,1.7920598585162104,125.77407301768397,40.90566744339389,182.73682258984599,119.887535653166,6.64783228750713,0.7742663656884876,0.05706380208333333
19c50b12e658a92bcb17,test,3,,201899.0,0.0858243804465239,1.779335582619418,118.56551047801128,33.75222535824674,174.72082575941437,111.58346004685511,7.194676546193889,1.4003496503496504,0.16430582682291667
19c50b12e658a92bcb17,test,4,,15016.0,0.5779328831834252,1.7387491701887028,139.14324720298347,35.909720825490645,194.9516515716569,135.62639850825786,10.847496004262121,1.019736842105263,0.012220052083333334
19c50b12e658a92bcb17,test,5,,7731.0,0.7829681104411208,1.8250872175017705,134.42348984607423,36.14943598715065,196.70391928599147,127.22351571594878,8.071012805587893,0.7777777777777778,0.00629150390625
19c50b12e658a92bcb17,test,6,,5139.0,0.7535079334197888,1.8070480851620292,162.53765323992994,26.119903533418185,224.45962249464876,160.60031134461957,10.019848219497957,1.0740740740740742,0.00418212890625
19c50b12e658a92bcb17,test,7,,258.0,0.7738312114787197,1.6215099588788895,152.02713178294573,6.7854181540468765,208.39922480620154,150.6124031007752,11.271317829457365,0.85,0.0002099609375
19c50b12e658a92bcb17,test,8,,84264.0,0.23939010862841262,1.7632342712039932,153.93322177917022,39.15573150486274,215.29953479540492,150.7750166144498,9.25315674546663,2.264808362369338,0.06857421875
19c50b12e658a92bcb17,test,9,,46348.0,0.5647420110797411,1.8437379544956602,137.8054716492621,35.34714908934044,198.53872874773452,132.41643652369035,6.33201001121947,1.4698275862068966,0.037718098958333335
19c50b12e658a92bcb17,test,10,,3689.0,0.4918764872662507,1.718345699959418,193.10138248847926,11.757812706882362,246.0672268907563,200.41827053402005,16.432637571157496,0.8409090909090909,0.0030021158854166667
1aaf59bb260dff211197,test,1,,6254.0,0.5201796243526863,1.812858219569315,163.07691077710265,36.63040236831816,220.97169811320754,162.73073233130796,12.92404860889031,1.1584158415841583,0.005089518229166667
1aaf59bb260dff211197,test,2,,6939.0,0.7156850646573581,1.804556122646354,92.21386366911659,56.76732067561025,143.1520391987318,83.26862660325695,4.752413892491713,0.8627450980392157,0.00564697265625
1aaf59bb260dff211197,test,3,,10310.0,0.5818794098862484,1.8148094440836107,140.67710960232785,37.50430185201423,201.03714839961202,135.44995150339477,9.30698351115422,0.66,0.008390299479166667
1aaf59bb260dff211197,test,4,,71848.0,0.39332545179701345,1.7968422841480083,76.61790168132724,50.452404263468964,123.13793007460194,67.12715733214564,3.5855834539583564,0.8337595907928389,0.058470052083333335
1aaf59bb260dff211197,test,5,,5273.0,0.7017804349667811,1.7435678851779168,150.0350843921866,37.89899566534907,208.35179214868197,147.52095581263038,9.975156457424616,1.1411764705882352,0.004291178385416667
1aaf59bb260dff211197,test,6,,108616.0,0.15156212593676757,1.77907963184462,93.35631030419091,48.46093545887693,144.41993813066216,84.70392943949327,4.071637696103704,0.7203389830508474,0.08839192708333334
1aaf59bb260dff211197,test,7,,3928.0,0.2946740935084728,1.792756530825209,129.64714867617107,43.20748427729391,194.15987780040734,120.6596232179226,6.787423625254583,0.2046783625730994,0.0031966145833333334
1e249dc94478a2a91b14,test,1,,1146.0,0.810507854671215,1.6538346666458645,126.1457242582897,25.584453859223803,196.62652705061083,114.62478184991274,0.5863874345549738,1.1282051282051282,0.0009326171875
1e249dc94478a2a91b14,test,2,,28278.0,0.19684468958697685,1.7836184565151707,101.34295211825447,36.841447353478515,166.86169460357874,87.61104038475139,0.1877431218615178,1.3671497584541064,0.0230126953125
1e249dc94478a2a91b14,test,3,,58395.0,0.07334553119470254,1.7265099934404657,120.04632245911465,43.32821385536242,191.40101036047608,106.92096926106687,0.4644918229300454,0.9271356783919598,0.04752197265625
1e249dc94478a2a91b14,test,4,,111607.0,0.07712295712749838,1.7044077573226248,120.74868959832268,49.96198302448099,188.10888205936902,109.66703701380737,1.1100647808829196,0.9344262295081968,0.09082600911458333
1e249dc94478a2a91b14,test,5,,2580.0,0.6833144508867327,1.8033230229529926,132.22519379844962,29.046835758789648,201.10930232558138,122.40193798449613,2.05968992248062,0.7916666666666666,0.002099609375
1e249dc94478a2a91b14,test,6,,37863.0,0.1319588314012536,1.6848479379246388,109.1133296357922,41.420032184604196,173.11647254575706,97.44315030504714,1.318279058711671,0.8514285714285714,0.03081298828125
1ec53cbab809dfb92daf,test,1,,6070.0,0.36330630469783604,1.7005098127863227,181.71087314662273,23.92226421698559,226.6372322899506,186.12948929159802,41.01021416803954,2.051282051282051,0.0049397786458333336
1ec53cbab809dfb92daf,test,2,,19886.0,0.7002384625541559,1.782715435849379,128.92426832947802,42.16945692154978,175.7946796741426,125.68379764658553,22.580207180931307,0.9239130434782609,0.016183268229166665
1ec53cbab809dfb92daf,test,3,,10829.0,0.6432506702904488,1.843783072318594,136.78862314156433,43.731578218191316,177.92326161233726,135.67836365315358,34.52774956136301,0.9236641221374046,0.008812662760416666
1ec53cbab809dfb92daf,test,4,,43521.0,0.35025322997219344,1.842333652389591,122.78426506743871,48.1427306294395,169.4501505020565,118.73102640104777,21.232967992463408,0.6620498614958449,0.03541748046875
1ec53cbab809dfb92daf,test,5,,2000.0,0.44158418249607634,1.8096145536269934,140.2265,14.601616271837855,178.9025,142.65,26.1295,0.31683168316831684,0.0016276041666666667
1ec53cbab809dfb92daf,test,6,,49567.0,0.38516172002939963,1.7680824528484658,104.96001371880484,42.28295759498875,142.09042306373192,102.27165251074304,21.379768797788852,0.782016348773842,0.04033772786458333
1ec53cbab809dfb92daf,test,7,,52394.0,0.31383862285769976,1.7683691646505042,109.77558499064779,46.64096166914614,150.80906210634805,106.64824216513341,18.199870214146657,0.687041564792176,0.04263834635416667
1ec53cbab809dfb92daf,test,8,,4749.0,0.6460741781154069,1.7621766420009517,125.43461781427669,33.24940037910269,164.16971994104023,125.4752579490419,23.56875131606654,0.6407766990291263,0.00386474609375
1ec53cbab809dfb92daf,test,9,,56057.0,0.3238211588527833,1.798976795258507,111.27502363665555,43.73610079405057,153.19055604117239,108.10671281017535,17.60176249174947,0.9490616621983914,0.045619303385416664
1ec53cbab809dfb92daf,test,10,,27330.0,0.30647835724768435,1.7685391952868916,160.49509696304426,35.68950124609154,207.86414196853275,161.99176728869375,28.462641785583607,1.7721518987341771,0.0222412109375
1ec53cbab809dfb92daf,test,11,,23941.0,0.46394881169580154,1.8085641513154733,142.62816924940478,51.46123185114402,186.20788605321414,142.45624660624034,29.175890731381312,1.625,0.019483235677083332
218eca5de0ab684b96a6,test,1,,27009.0,0.3751950642479144,1.8256218029704723,135.9667888481617,50.042045785400525,190.53437742974563,131.77563034544042,14.420970787515273,1.3664921465968587,0.02197998046875
218eca5de0ab684b96a6,test,2,,14290.0,0.5331967545170612,1.8377871141373108,160.36095171448565,40.25609430676698,214.34905528341497,160.4815255423373,18.092022393282015,0.4926829268292683,0.011629231770833333
218eca5de0ab684b96a6,test,3,,3114.0,0.5930639247583531,1.780439717971282,169.48843930635837,35.46017370256023,223.6811175337187,171.41811175337187,17.308285163776493,1.5576923076923077,0.0025341796875
218eca5de0ab684b96a6,test,4,,11202.0,0.7353700210521215,1.8536218787161034,69.98205677557578,65.39370377104503,99.89225138368148,66.50678450276736,9.420282092483484,0.6423841059602649,0.0091162109375
218eca5de0ab684b96a6,test,5,,103065.0,0.394811332455991,1.8347632265355722,100.45626546354242,47.59450534448124,151.58730897977006,92.74664532091398,6.116489593945568,0.9555555555555556,0.08387451171875
218eca5de0ab684b96a6,test,6,,32123.0,0.47183387401866644,1.826573634194952,103.52308314914548,43.603644651685556,155.22547707250257,96.12377424275441,6.056190268654858,1.6198830409356726,0.026141764322916667
218eca5de0ab684b96a6,test,7,,7979.0,0.37189991658247573,1.7817828335879617,138.89234239879684,42.348145171171275,195.49692943977942,134.2668254167189,14.26294021807244,0.559322033898305,0.006493326822916667
218eca5de0ab684b96a6,test,8,,4529.0,0.6439211632500353,1.853817524969747,153.571649370722,26.786485157644865,207.74718480900862,151.3954515345551,22.610510046367853,1.578125,0.0036857096354166665
218eca5de0ab684b96a6,test,9,,6373.0,0.3752620760991462,1.6851177969829172,147.88843558763534,56.425822797527466,200.4818766671897,145.8677232072807,20.388670955593913,2.361111111111111,0.005186360677083333
218eca5de0ab684b96a6,test,10,,2387.0,0.36143169649861745,1.7490167319902283,132.37620444072056,29.80907103073192,177.84541265186425,131.64222873900295,16.761206535400085,3.0,0.0019425455729166667
218eca5de0ab684b96a6,test,11,,7065.0,0.6816503181398713,1.815119945412801,106.41288039631989,48.656094346335294,155.45944798301485,100.06355272469922,10.373956121726822,1.1578947368421053,0.00574951171875
218eca5de0ab684b96a6,test,12,,486.0,0.8568198671481482,1.7330751696948163,165.9506172839506,5.369632417014934,214.48765432098764,167.4238683127572,30.65843621399177,0.8928571428571429,0.0003955078125
218eca5de0ab684b96a6,test,13,,481.0,0.7939185600535247,1.7174628884900178,137.17463617463616,11.547185179709027,185.05613305613306,136.3887733887734,15.496881496881496,1.037037037037037,0.0003914388020833333
22038ad5cda38be9e724,test,1,,6360.0,0.7571508508301864,1.7829858213809198,100.50990566037736,72.42113187550622,143.94512578616352,95.5194968553459,12.309748427672956,1.0777777777777777,0.00517578125
22038ad5cda38be9e724,test,2,,9421.0,0.7608888226678462,1.829259765125942,136.87485404946398,29.78934185789505,198.12079397091603,130.12917949262285,10.93323426387857,1.3936170212765957,0.007666829427083333
22038ad5cda38be9e724,test,3,,3235.0,0.7854725131398531,1.8246399562154885,161.77867078825346,15.098722304709817,216.35085007727974,160.50726429675424,25.02998454404946,1.0655737704918034,0.0026326497395833333
22038ad5cda38be9e724,test,4,,26875.0,0.6020610871177183,1.7991357775297316,124.65484651162791,27.117854313308726,177.9809488372093,119.62001860465116,10.605693023255814,1.7516778523489933,0.021870930989583332
22038ad5cda38be9e724,test,5,,6708.0,0.6974024788741007,1.800708451861512,134.79830053667263,19.97218586442302,185.3309481216458,131.88640429338105,17.164877757901014,1.423529411764706,0.005458984375
22038ad5cda38be9e724,test,6,,28504.0,0.5294958179809914,1.8011745107969073,162.18004490597812,24.21503559140278,224.02497895032275,158.96014594442886,16.48428290766208,0.6404494382022472,0.023196614583333334
22038ad5cda38be9e724,test,7,,9072.0,0.7250232446668403,1.8526932830331064,117.96693121693121,31.740466911955153,168.32727072310405,112.49713403880071,13.966931216931217,1.0521739130434782,0.0073828125
22038ad5cda38be9e724,test,8,,6311.0,0.40305349694746345,1.7733858392884476,131.49500871494217,43.037586047903474,187.53319600697196,126.07241324671209,12.354935826334971,0.40119760479041916,0.005135904947916666
22038ad5cda38be9e724,test,9,,16209.0,0.5178137496650664,1.7364399462462126,177.2736751187612,21.241241134962355,235.76401998889506,178.49904374113146,17.464988586587697,0.7621621621621621,0.01319091796875
22038ad5cda38be9e724,test,10,,8393.0,0.6661387919347667,1.8062864093676243,128.8509472179197,23.53068510062155,179.4372691528655,125.11843202668891,15.26760395567735,1.4421052631578948,0.006830240885416667
23ba188c8fa6ba25eee6,test,1,,7343.0,0.7684074370311622,1.8117936318356567,127.50837532343729,42.36272819530721,194.55454174043305,117.56979436197739,2.801171183440011,0.7154471544715447,0.005975748697916667
23ba188c8fa6ba25eee6,test,2,,8672.0,0.7637065222844298,1.8330994476060833,90.77121771217712,45.88357903124427,149.6666282287823,77.75864852398524,3.361508302583026,1.0625,0.007057291666666667
23ba188c8fa6ba25eee6,test,3,,10558.0,0.8141398732526449,1.8372262560429753,110.70420534192081,42.58350746810233,174.0938624739534,99.32098882364085,3.043379427921955,1.2017543859649122,0.008592122395833334
23ba188c8fa6ba25eee6,test,4,,5923.0,0.8500455339275228,1.7739547358413221,63.336991389498564,44.753632463040745,107.08188418031403,53.060442343407054,1.7659969609994934,0.865979381443299,0.004820149739583333
23ba188c8fa6ba25eee6,test,5,,9377.0,0.578757239748197,1.7863677771197586,141.18278767196333,34.839060349637315,208.67025701183746,133.48874906686572,3.7730617468273433,0.7412587412587412,0.007631022135416667
23ba188c8fa6ba25eee6,test,6,,9744.0,0.5936578726691212,1.7797252271736774,123.76447044334975,36.54879611002683,191.45474137931035,112.74599753694581,2.9302134646962235,1.2834645669291338,0.0079296875
23ba188c8fa6ba25eee6,test,7,,7766.0,0.7725386505679155,1.8096477989303092,141.63494720576873,31.56838163329237,207.69340715941283,134.86350759721864,3.2419520988926087,1.0490196078431373,0.006319986979166667
23ba188c8fa6ba25eee6,test,8,,24628.0,0.4129373843987541,1.8538079758962573,122.99951274971578,42.77173777702779,192.017744031184,111.12526392723728,3.070732499593958,0.7217741935483871,0.020042317708333333
23ba188c8fa6ba25eee6,test,9,,6368.0,0.8260927980276057,1.8079529356435464,127.03266331658291,44.3580913111243,186.68640075376885,119.97063442211055,6.911903266331659,1.0340909090909092,0.005182291666666667
23ba188c8fa6ba25eee6,test,10,,10878.0,0.5615994628336947,1.8094583052281832,142.64120242691672,33.93183227989546,215.50707850707852,132.63872035300608,3.002022430593859,0.6623376623376623,0.0088525390625
23ba188c8fa6ba25eee6,test,11,,1490.0,0.5442530682348039,1.6663682296710294,167.81208053691276,18.49849227577035,239.7476510067114,163.6026845637584,0.710738255033557,0.5394736842105263,0.0012125651041666667
23ba188c8fa6ba25eee6,test,12,,5977.0,0.4688871581761096,1.7218650107273643,154.49790864982432,32.629182966127054,222.81696503262506,148.8940940271039,4.101388656516647,0.7175572519083969,0.004864095052083333
23ba188c8fa6ba25eee6,test,13,,39929.0,0.23422285526715023,1.8122974913837302,114.70652908913321,48.210743795053816,181.16376568408927,102.65213253525008,2.441709033534524,1.4738955823293172,0.032494303385416666
23ba188c8fa6ba25eee6,test,14,,3679.0,0.7969594203490521,1.6740920039331397,100.2030443055178,50.828550442308135,161.91791247621637,87.7159554226692,2.7377004620820875,0.971830985915493,0.0029939778645833334
23ba188c8fa6ba25eee6,test,15,,22179.0,0.36866793317731655,1.7551214362764502,155.05406014698588,39.76087173398245,222.86365480860275,149.59430091528023,5.289147391676812,0.6666666666666666,0.01804931640625
23ba188c8fa6ba25eee6,test,16,,24827.0,0.3457904889817265,1.7932222037718994,127.86808716316914,40.155432183661816,197.03194103194105,117.18798082732509,1.4505175816651226,0.8166666666666667,0.020204264322916665
24ab1509638a99b46343,test,1,,11396.0,0.6947634102901532,1.8089587895533634,129.10152685152684,38.852873312079396,190.44892944892945,121.52430677430678,7.156019656019656,0.8778625954198473,0.009274088541666666
24ab1509638a99b46343,test,2,,162520.0,0.24311827133270206,1.77552548158528,106.71714250553778,53.14032379743935,163.48111001722864,97.4618693083928,5.5816884075806055,0.9546979865771812,0.13225911458333334
24ab1509638a99b46343,test,3,,83901.0,0.2699852959233718,1.866099850753429,116.65461675069427,38.3328969704293,171.93978617656524,109.89754591721196,6.414023670754818,2.4721030042918457,0.06827880859375
24ab1509638a99b46343,test,4,,3660.0,0.5451226808499972,1.6919274805648776,116.78387978142077,34.88306793650959,169.0275956284153,111.57377049180327,6.554371584699454,0.9397590361445783,0.002978515625
24ab1509638a99b46343,test,5,,5258.0,0.7055346986915684,1.815051967703084,122.31000380372765,33.65259691547679,170.788322556105,118.94218333967288,12.415937618866488,1.0235294117647058,0.004278971354166667
24ab1509638a99b46343,test,6,,73391.0,0.37065036689778413,1.7809017169702885,128.0720796827949,39.3031821550792,185.91334087285907,121.75217669741521,8.899483587905873,1.6901408450704225,0.059725748697916664
24ab1509638a99b46343,test,7,,4206.0,0.4326010758126641,1.7874111260216274,162.33523537803137,33.02301578584614,226.3884926295768,159.49881122206372,8.968140751307656,2.519230769230769,0.0034228515625
24ab1509638a99b46343,test,8,,21909.0,0.4565371760056952,1.7770941308815427,131.14172257976173,40.074127393008794,191.31922954037154,124.44903920763157,7.710119129125017,0.975,0.01782958984375
24dc17b61fdb786a16d7,test,1,,16471.0,0.5631853505420008,1.778615466298117,109.09058344969947,51.013238337429286,152.61987736020885,104.96490802015664,16.15093194098719,1.5923076923076922,0.013404134114583334
24dc17b61fdb786a16d7,test,2,,1181.0,0.43747885460614894,1.7757361335636042,197.9043183742591,13.61165100800294,232.10330228619813,208.4403048264183,53.89077053344623,0.4827586206896552,0.0009611002604166666
24dc17b61fdb786a16d7,test,3,,2678.0,0.673964472382777,1.7673578932616716,124.2647498132935,22.970752033514344,160.8454070201643,124.58177744585511,26.564973861090365,0.4691358024691358,0.0021793619791666665
24dc17b61fdb786a16d7,test,4,,52517.0,0.5078573568993004,1.7618344327720807,122.45183464402002,53.95539238358338,168.72045242492908,118.91888340918179,19.273682807471868,1.0764119601328903,0.04273844401041667
24dc17b61fdb786a16d7,test,5,,15817.0,0.6697256644056805,1.7937234946858298,91.70854144275147,41.242314659009715,130.3074540051843,87.60194727192261,11.64791047607005,1.1538461538461537,0.012871907552083334
24dc17b61fdb786a16d7,test,6,,23071.0,0.45929208281529527,1.7871362316874924,113.84885787352087,41.32254869356501,154.14932165922588,111.83667808070739,18.478912920983053,0.7795918367346939,0.018775227864583334
24dc17b61fdb786a16d7,test,7,,244921.0,0.21122823727675824,1.8208611437012252,97.8931043071031,45.12121598675818,140.12448095508347,92.85868912833118,13.046206736049584,1.4021739130434783,0.19931722005208333
253c6665c084ed1f7dd2,test,1,,11486.0,0.5918239000035704,1.824486337092543,125.27041615880202,43.79307842815363,182.25718265714784,118.9655232456904,8.256137907017239,1.2148760330578512,0.009347330729166667
253c6665c084ed1f7dd2,test,2,,80681.0,0.2295188890143146,1.7987063159149546,115.5912172630483,38.87164848789271,167.52393996108128,109.86213606673195,8.87955032783431,1.344311377245509,0.06565836588541667
253c6665c084ed1f7dd2,test,3,,28626.0,0.4745871046686655,1.8293918359390327,117.54164046670859,33.740666473016006,168.8328792007266,112.64451896876965,8.220114581150003,1.0443349753694582,0.0232958984375
253c6665c084ed1f7dd2,test,4,,22203.0,0.6218586302437558,1.8088353765146132,96.00747646714407,46.16344131363398,144.51997477818313,88.66594604332748,6.623204071521866,1.0055248618784531,0.01806884765625
253c6665c084ed1f7dd2,test,5,,40954.0,0.25458535039282065,1.7076995471048446,155.302241539288,40.77983858478226,214.8941251159838,152.84394686721689,11.64906968794257,0.9824046920821115,0.03332845052083333
253c6665c084ed1f7dd2,test,6,,4453.0,0.7129024149764602,1.7654129390593964,181.50280709633955,25.086131505609867,236.97754322928364,184.64877610599595,19.71232876712329,1.0,0.0036238606770833334
253c6665c084ed1f7dd2,test,7,,3857.0,0.6552043400863676,1.8160203621777644,120.9624060150376,45.79475224724572,176.58179932590096,114.80217785843921,6.819030334456832,0.47058823529411764,0.003138834635416667
253c6665c084ed1f7dd2,test,8,,10176.0,0.5821155854484074,1.798711637254313,139.27889150943398,33.938280009881325,197.9782822327044,134.46865172955975,9.989878144654089,1.2695652173913043,0.00828125
253c6665c084ed1f7dd2,test,9,,14487.0,0.5071373200813244,1.8397921159755573,148.42721060260922,34.88350876349685,208.7941602816318,144.50969835024506,10.220611582798371,1.7851239669421488,0.01178955078125
253c6665c084ed1f7dd2,test,10,,19417.0,0.4794482948148006,1.794064885927224,168.12025544625843,34.073478190946275,226.08152649739918,168.80759128598652,12.50563938816501,1.0324324324324323,0.015801595052083332
253c6665c084ed1f7dd2,test,11,,4549.0,0.5752409677848359,1.7614119274607714,157.34908771158496,35.36556458835813,215.44823038030336,156.0222026819081,11.678830512200484,1.5857142857142856,0.0037019856770833335
253c6665c084ed1f7dd2,test,12,,11898.0,0.378244213424048,1.7994435114659628,156.60900991763322,27.702240212725865,210.3851907883678,155.75575727012944,19.854765506807865,2.2527472527472527,0.0096826171875
253c6665c084ed1f7dd2,test,13,,4369.0,0.5705392136738793,1.7057019797301385,149.5353627832456,31.154135767649816,208.84023804074158,146.70405127031358,8.557335774776837,1.3466666666666667,0.003555501302083333
253c6665c084ed1f7dd2,test,14,,1078.0,0.7480687863322586,1.7224757288563002,182.51205936920223,11.880954936078824,240.3404452690167,185.69109461966605,14.317254174397032,1.4545454545454546,0.0008772786458333333
253c6665c084ed1f7dd2,test,15,,196337.0,0.2269924844843429,1.7864357190145128,120.71489836352802,43.191593158010775,178.79265752252505,113.31135241956432,6.535100363151113,1.606115107913669,0.15977945963541668
27466975f48f207cde80,test,1,,20413.0,0.5504274039395534,1.7686252713192627,137.901778278548,48.00331990258528,180.24298241316808,137.6055454857199,28.349973056385636,0.7777777777777778,0.016612141927083334
27466975f48f207cde80,test,2,,21642.0,0.5365394667320615,1.8272880340574802,112.89501894464468,51.70967657655114,161.45180667221143,107.19739395619628,14.940670917660105,0.7021276595744681,0.0176123046875
27466975f48f207cde80,test,3,,7673.0,0.6390032119534135,1.790931546091712,97.58751466180112,51.83417690544739,139.76710543464094,92.31682523133064,14.181545679655937,0.47019867549668876,0.006244303385416667
27466975f48f207cde80,test,4,,47193.0,0.4088853349974857,1.8481008889695114,93.33411734791177,43.1969164420501,128.95151823363634,90.6272328523298,13.893903756913101,0.43935926773455375,0.03840576171875
27466975f48f207cde80,test,5,,5100.0,0.7162085994277809,1.8090152342188532,112.56411764705882,44.723832383249345,151.65549019607843,111.02686274509804,17.96470588235294,1.2133333333333334,0.004150390625
27466975f48f207cde80,test,6,,5478.0,0.5824602195500008,1.887421437056072,156.71157356699524,54.91963375035772,194.4941584519898,160.02756480467323,40.51186564439576,2.0483870967741935,0.0044580078125
27466975f48f207cde80,test,7,,22584.0,0.3764498066082587,1.771136071070838,99.24318101310662,42.01996222060507,142.2495572086433,94.62212185618137,10.26359369465108,1.2740384615384615,0.01837890625
27466975f48f207cde80,test,8,,140564.0,0.2209808295080954,1.7497500911287471,114.86007085740303,53.5792992167367,160.61455280157082,110.72669389032754,16.15469110156228,0.8511326860841424,0.11439127604166667
27466975f48f207cde80,test,9,,41238.0,0.3469885599008013,1.816957417425119,128.61496677821427,52.479914573957814,176.69901547116737,125.4646442601484,18.730151801736262,0.7058823529411765,0.0335595703125
277a92df13a8cef0a864,test,1,,5127.0,0.752478929541688,1.807188918243698,136.21299005266238,41.357795101937846,186.1139067680905,132.00448605422275,26.881217086015212,1.323943661971831,0.00417236328125
277a92df13a8cef0a864,test,2,,73017.0,0.2956528798802509,1.8232372906156022,118.50143117356232,55.19182510465544,163.99902762370408,114.84908993795965,17.973170631496775,1.4238805970149253,0.05942138671875
277a92df13a8cef0a864,test,3,,58760.0,0.24376003646000843,1.7774636683233362,133.72345132743362,40.0552902599549,180.10537780803267,131.13863172226004,25.3284547311096,0.7232558139534884,0.04781901041666667
277a92df13a8cef0a864,test,4,,13646.0,0.6603543758469321,1.7237055133221397,109.72277590502712,41.00255070946031,145.25795104792613,107.92554594753041,25.725487322292246,0.9006211180124224,0.011105143229166666
277a92df13a8cef0a864,test,5,,9507.0,0.6970078915457267,1.8577767505819096,142.08667297780582,42.002465005358665,192.67729041758705,139.08393815083622,24.84453560534343,1.0341880341880343,0.00773681640625
277a92df13a8cef0a864,test,6,,21382.0,0.48674139320326104,1.7810560587112263,126.99967262183145,36.29366409180391,169.02305677672808,125.64573005331587,23.674399027219156,1.4836601307189543,0.01740071614583333
277a92df13a8cef0a864,test,7,,16898.0,0.6742253067925396,1.9069159764546983,156.8638892176589,33.703606123963915,205.89489880459226,156.6751094804119,29.11486566457569,0.6544502617801047,0.013751627604166667
277a92df13a8cef0a864,test,8,,41987.0,0.3064067861828003,1.8004948219157164,137.104841974897,49.92962882838223,183.11234429704433,135.203205754162,26.235430014051968,2.404494382022472,0.03416910807291667
277a92df13a8cef0a864,test,9,,3141.0,0.614027607517164,1.7919944312576006,135.82648837949696,19.78092717654986,176.4785100286533,135.54186564788284,30.57593123209169,0.4845360824742268,0.00255615234375
277a92df13a8cef0a864,test,10,,1433.0,0.6593981343369398,1.7086798701525934,182.3056524773203,16.71839174742387,228.69644103279833,185.41311933007677,44.454291695743194,0.6491228070175439,0.0011661783854166666
277a92df13a8cef0a864,test,11,,16958.0,0.24716605443384207,1.812771637945717,106.73776388725085,35.21897770873491,147.31023705625663,104.13279867908952,13.72278570586154,0.3006535947712418,0.013800455729166666
277a92df13a8cef0a864,test,12,,6673.0,0.6904692031035099,1.7792161459621079,138.62160947100256,42.09986408480414,187.7564813427244,134.8372546081223,29.18327588790649,0.8818181818181818,0.005430501302083333
277a92df13a8cef0a864,test,13,,4921.0,0.6586576451802508,1.7393616749463798,167.72749441170492,26.566153849988204,216.13798008534852,168.8603942288153,34.834992887624466,0.8526315789473684,0.004004720052083333
277a92df13a8cef0a864,test,14,,26469.0,0.4651358450428755,1.7632170135727538,121.16592995579735,36.17265490983755,163.31569005251427,118.92591333257774,22.09769919528505,0.6970802919708029,0.02154052734375
277a92df13a8cef0a864,test,15,,2521.0,0.455786430341283,1.6854302610217544,129.8111860372868,15.76878408718183,169.23324077746926,129.96548988496627,25.579531931773104,0.4158415841584158,0.0020515950520833335
277a92df13a8cef0a864,test,16,,14784.0,0.4985968972399116,1.774562657385056,141.55560064935065,32.135335831459614,193.52495941558442,137.6216856060606,25.428233225108226,0.7611111111111111,0.01203125
277a92df13a8cef0a864,test,17,,11438.0,0.538877502915909,1.851494524494721,114.32330827067669,29.575081910513024,159.21358629130967,111.12712012589614,13.015474733344991,1.208,0.009308268229166666
277a92df13a8cef0a864,test,18,,1531.0,0.4349101455922461,1.6278284803462801,192.09405617243632,14.433397476388237,237.48073154800784,197.20901371652513,46.623775310254736,1.9736842105263157,0.0012459309895833334
297cf41acfa6c11772f5,test,1,,14527.0,0.6771911121287969,1.7602327227778465,122.66035657740758,47.109994332464986,169.97927996145108,118.5512493976733,19.614029049356372,0.9483870967741935,0.011822102864583333
297cf41acfa6c11772f5,test,2,,32240.0,0.476504947166433,1.8102954687803057,114.18691066997519,50.77987993133358,151.85145781637718,112.30130272952853,25.086724565756825,0.7508896797153025,0.026236979166666667
297cf41acfa6c11772f5,test,3,,8141.0,0.4673545704392464,1.7997263867665017,125.84399950865986,43.50784468058922,166.86316177373786,124.7602260164599,23.765262252794496,2.151898734177215,0.006625162760416667
297cf41acfa6c11772f5,test,4,,334123.0,0.12755421075804327,1.8267411528303887,132.91446862383015,51.84595750117331,179.67922591381017,130.59764218566215,22.158687070330387,1.7478108581436078,0.27190999348958333
297cf41acfa6c11772f5,test,5,,52.0,0.46680980169813363,1.689255811626863,197.5,2.3574758339572237,238.1346153846154,204.3653846153846,55.48076923076923,4.25,4.2317708333333335e-05
297cf41acfa6c11772f5,test,6,,6545.0,0.6648417738574024,1.8594834704125074,139.88571428571427,44.547572899404564,182.98976317799847,138.3116883116883,34.86478227654698,1.2333333333333334,0.005326334635416667
297cf41acfa6c11772f5,test,7,,16520.0,0.5185891814403881,1.7541096772339164,149.11192493946731,31.899672524815863,190.29358353510895,149.46549636803874,39.15205811138014,1.0411764705882354,0.013444010416666667
297cf41acfa6c11772f5,test,8,,4937.0,0.8040176617261839,1.7393021124143107,105.99736682195666,36.30648174812615,140.2947133886976,105.16264938221592,20.291877658497064,1.0945945945945945,0.004017740885416667
2cb0bfd5f637473d9d0d,test,1,,18889.0,0.6881260443243234,1.9274667832664996,97.54486738313304,44.59721576065309,144.97570014294033,91.0637408015247,6.578484832442162,1.5798319327731092,0.015371907552083333
2cb0bfd5f637473d9d0d,test,2,,60617.0,0.4842416863344014,1.8172070336705324,142.94438853786892,43.20173128460002,196.27319068908062,140.36870844812512,16.302654370886057,0.6941489361702128,0.04933024088541667
2cb0bfd5f637473d9d0d,test,3,,5643.0,0.3265971343603169,1.7815548522095404,170.33492822966508,36.3362986114836,230.197235513025,169.6441609073188,16.871522239943292,3.5961538461538463,0.00459228515625
2cb0bfd5f637473d9d0d,test,4,,5985.0,0.6422340391879442,1.8227670054690177,152.5908103592314,39.48273925623998,210.05179615705933,149.52163742690058,17.646449456975773,1.041237113402062,0.00487060546875
2cb0bfd5f637473d9d0d,test,5,,7396.0,0.552217354363703,1.8268617635181976,150.53015143320715,37.639637757024744,208.61600865332613,147.47674418604652,13.88967009194159,0.728,0.006018880208333333
2cb0bfd5f637473d9d0d,test,6,,7664.0,0.5707603204668754,1.8071217146533898,126.81850208768267,35.692497838223986,180.97259916492692,121.94754697286012,9.769572025052192,1.0952380952380953,0.006236979166666667
2cb0bfd5f637473d9d0d,test,7,,5644.0,0.6723277569465643,1.7740275464338264,148.53082919914954,52.76784739393428,202.3905031892275,146.85294117647058,15.89652728561304,1.043956043956044,0.004593098958333333
2cb0bfd5f637473d9d0d,test,8,,36592.0,0.41159187749866744,1.828479597165232,98.38489287275907,44.7544737428989,149.7642107564495,90.13893747267163,6.127787494534324,1.1866666666666668,0.029778645833333332
2cb0bfd5f637473d9d0d,test,9,,89385.0,0.2796717833988653,1.8687354330819028,89.49784639480897,45.80631521493229,136.7598478491917,81.82105498685462,5.117558874531521,0.8918918918918919,0.07274169921875
2cb0bfd5f637473d9d0d,test,10,,2742.0,0.6796991321702638,1.7933810477354815,181.72246535375638,21.372079683159054,234.5995623632385,185.36469730123997,24.133114514952588,1.8,0.0022314453125
2cb0bfd5f637473d9d0d,test,11,,5521.0,0.7058167488584665,1.745610028994838,133.27096540481796,54.859476401211715,182.13856185473645,130.8136207208839,17.6402825575077,1.188235294117647,0.004493001302083333
2cb0bfd5f637473d9d0d,test,12,,5594.0,0.550958964972609,1.8565888526920575,99.35323560958169,53.918916478755605,146.33678941723275,93.21809081158383,7.739184840900966,2.764705882352941,0.004552408854166667
2cb0bfd5f637473d9d0d,test,13,,12620.0,0.5695794310023297,1.876394270956554,71.74587955625991,53.26492263971043,112.00958795562599,64.41283676703645,4.03391442155309,0.6473988439306358,0.010270182291666667
2cb0bfd5f637473d9d0d,test,14,,137104.0,0.151226967004455,1.7351016222680296,100.03064097327577,48.66663902786807,155.32486287781538,90.19766746411483,5.714851499591551,0.9164222873900293,0.11157552083333333
2d426a5ea16ad4beee14,test,1,,19436.0,0.5158420514131784,1.7775001450802237,119.4155175962132,49.693771170866,164.04260135830418,115.50493928791933,22.490172875077178,0.9766081871345029,0.015817057291666665
2d426a5ea16ad4beee14,test,2,,10176.0,0.6225413045037722,1.7999046499695204,114.37116745283019,40.82995481690973,161.0381289308176,109.73732311320755,15.81063286163522,0.7872340425531915,0.00828125
2d426a5ea16ad4beee14,test,3,,49297.0,0.5250571907723566,1.8594424793635935,114.70564131691583,57.26536208079075,158.06825973182953,110.79173174838226,21.162727955047973,0.7009345794392523,0.04011800130208333
2d426a5ea16ad4beee14,test,4,,49244.0,0.4257971186397506,1.7667944369296271,116.79579238079766,44.994572838596135,159.05314353017627,113.71245227845017,21.83340102347494,1.1045751633986929,0.04007486979166667
2d426a5ea16ad4beee14,test,5,,3651.0,0.2536228354635368,1.6675128258412937,109.46261298274446,50.21273736697149,156.32730758696246,104.78416872089838,10.643933168994796,0.8854166666666666,0.00297119140625
2d426a5ea16ad4beee14,test,6,,14389.0,0.5176510531306747,1.8740032666245348,90.14288692751407,53.96673404147738,125.57411911877128,86.84404753631246,14.244144832858433,0.7707006369426752,0.011709798177083333
2d426a5ea16ad4beee14,test,7,,95.0,0.5443952514428773,1.5552119948468244,143.82105263157894,22.681306444952888,186.2736842105263,142.34736842105264,39.71578947368421,4.2,7.731119791666666e-05
2d426a5ea16ad4beee14,test,8,,33543.0,0.3855483305312554,1.7103928210992385,90.7635274125749,45.004796671495384,131.4799212950541,85.44441463196495,11.405807471007364,1.0321428571428573,0.02729736328125
2d426a5ea16ad4beee14,test,9,,22786.0,0.42842186094511514,1.8088228916154487,96.7356271394716,41.95380977621977,135.07636267883788,93.07368559641885,15.01707188624594,0.8656716417910447,0.018543294270833333
2d426a5ea16ad4beee14,test,10,,7910.0,0.7996163002970208,1.8136765505514818,55.92591656131479,59.9003920207186,77.79380530973451,52.01883691529709,18.70126422250316,0.8559322033898306,0.006437174479166667
2d426a5ea16ad4beee14,test,11,,11927.0,0.7794147089404299,1.8284861735887343,124.11679382912719,39.28598101572503,170.51622369413934,120.57516559067662,20.592772700595287,1.2894736842105263,0.009706217447916667
2f58781bc4143c63684c,test,1,,13370.0,0.6449613601618038,1.854209370347226,118.68788332086761,43.77943846594274,172.96761406133135,112.2362004487659,9.473821989528796,1.4369747899159664,0.010880533854166667
2f58781bc4143c63684c,test,2,,14821.0,0.7137154789561416,1.882072254219132,103.72748127656703,42.572131303615464,157.19769246339652,95.48154645435531,5.989137035287768,0.7393939393939394,0.012061360677083334
2f58781bc4143c63684c,test,3,,4271.0,0.6766311217412957,1.821067234470712,148.07539217981738,28.95769819313747,208.08475766799344,143.81034886443456,12.591898852727699,1.8363636363636364,0.0034757486979166666
2f58781bc4143c63684c,test,4,,35493.0,0.2912629261872073,1.7889005407461671,173.14569069957457,28.416492985641884,232.23945566731467,174.14701490434734,12.960921871918407,0.590778097982709,0.02888427734375
2f58781bc4143c63684c,test,5,,10056.0,0.7255961422837904,1.8323893919395196,119.50019888623707,34.10917121273445,173.8757955449483,113.66229116945108,6.927505966587113,1.2201834862385321,0.00818359375
2f58781bc4143c63684c,test,6,,47030.0,0.2694116033858114,1.8348632979754942,143.3903891133319,40.182014243651324,203.28022538805018,138.60807994896874,10.932128428662557,0.6394736842105263,0.03827311197916667
2f58781bc4143c63684c,test,7,,4810.0,0.3271076934534959,1.810909185368719,180.12931392931392,34.745775754663185,236.16340956340957,183.12286902286903,17.64095634095634,0.3333333333333333,0.003914388020833334
2f58781bc4143c63684c,test,8,,7870.0,0.5371699134356848,1.7558654169785612,186.18017789072428,27.538233806621967,240.94193138500634,191.77471410419315,13.649174078780177,1.8414634146341464,0.0064046223958333336
2f58781bc4143c63684c,test,9,,91077.0,0.32364595164774207,1.823508198020159,125.19391284297902,46.66094474103306,182.0582913359026,118.956641083918,8.157010002525336,0.4698996655518395,0.07411865234375
2f58781bc4143c63684c,test,10,,18494.0,0.4744971011915792,1.834401994348308,160.4467394830756,47.79868330378324,220.19254893478967,159.43392451605925,9.011138747701958,2.6018518518518516,0.015050455729166667
2f58781bc4143c63684c,test,11,,4295.0,0.5633029037299297,1.7463226381006651,156.08381839348078,30.153761275563006,214.74901047729918,153.32596041909196,16.30756693830035,0.7029702970297029,0.0034952799479166666
2f58781bc4143c63684c,test,12,,79529.0,0.24521717270665727,1.7587019179167762,86.50526223138729,63.94589269506055,124.91188120056835,81.82387556740309,9.939757824189918,1.1425531914893616,0.06472086588541667
306bb455180e544170f7,test,1,,92274.0,0.2132743659774365,1.8169522103045188,119.27477946117,47.73336110691617,174.4521425320242,112.48289875804669,9.519182001430522,0.9678111587982833,0.0750927734375
306bb455180e544170f7,test,2,,16965.0,0.5998161546288022,1.7944906139540595,150.9385794282346,35.16253867581462,209.93981727085176,147.28045977011493,14.995402298850575,0.9542857142857143,0.01380615234375
306bb455180e544170f7,test,3,,55487.0,0.20963230213529893,1.8451155250308662,146.03406203254818,49.39262351993716,201.90372519689296,143.4327139690378,12.89482221060789,1.7131474103585658,0.04515543619791667
306bb455180e544170f7,test,4,,52048.0,0.3549928107842261,1.7762729968033175,156.43538656624654,33.26579014627362,213.25553335382725,154.5858822625269,16.878631263449122,0.8831908831908832,0.042356770833333335
306bb455180e544170f7,test,5,,21048.0,0.6299992555169817,1.7970810678694402,112.79893576586849,52.82365939279309,169.67645381984036,103.92203534777651,9.376995438996579,0.8716577540106952,0.01712890625
306bb455180e544170f7,test,6,,11085.0,0.6023892230314953,1.8241082794606596,134.94740640505188,50.199427579984054,188.46946323861073,131.4110960757781,12.736941813261163,0.8928571428571429,0.00902099609375
306bb455180e544170f7,test,7,,37542.0,0.25781890061940094,1.8210367918991557,124.61597677268126,35.55849695192475,178.81159767726814,119.29321826221299,9.797373608225454,1.7248677248677249,0.0305517578125
306bb455180e544170f7,test,8,,5497.0,0.7003154568499597,1.7558123573531526,154.25795888666545,31.698519043775857,215.84300527560487,150.43514644351464,12.384755321084228,1.2597402597402598,0.0044734700520833335
306bb455180e544170f7,test,9,,2070.0,0.7388072862327406,1.781317322525558,146.65893719806763,29.54467026215452,208.74202898550723,141.05942028985507,12.65169082125604,0.9122807017543859,0.0016845703125
30ffdd71f24415febade,test,1,,2619.0,0.3204615464183413,1.721960726499594,128.48759068346698,36.45863272570751,188.7323405880107,122.19969453990072,2.979381443298969,3.9696969696969697,0.00213134765625
30ffdd71f24415febade,test,2,,6362.0,0.7770768145670237,1.80840813184759,148.42958189248665,37.451133313487425,212.22823011631561,143.99465576862622,3.9695064445143036,1.0,0.005177408854166667
30ffdd71f24415febade,test,3,,4955.0,0.7082324317439972,1.7977170053463738,129.76609485368314,32.71261249014603,190.653683148335,123.52209889001008,2.279313824419778,1.4852941176470589,0.0040323893229166664
30ffdd71f24415febade,test,4,,458.0,0.6133328547921003,1.7149713295119469,156.4235807860262,17.51330282454625,218.8056768558952,153.91921397379912,5.615720524017467,0.4358974358974359,0.00037272135416666665
30ffdd71f24415febade,test,5,,1002.0,0.5872713022018661,1.6788755778148066,163.2425149700599,16.105319191179536,225.83333333333334,161.64870259481037,7.197604790419161,0.9534883720930233,0.0008154296875
30ffdd71f24415febade,test,6,,4805.0,0.6476513525237021,1.7243340403077623,147.31092611862644,43.00232425143738,207.38605619146722,144.05702393340272,6.478043704474506,1.32,0.0039103190104166664
30ffdd71f24415febade,test,7,,1679.0,0.6282748639494402,1.8230422724198576,171.65276950565814,31.819702810829405,226.77427039904705,174.6212030970816,11.759380583680763,1.0625,0.0013663736979166667
30ffdd71f24415febade,test,8,,6512.0,0.6472138634952008,1.7790765252170768,118.91968673218673,46.14746918506881,179.33338452088452,110.74385749385749,2.67245085995086,1.02020202020202,0.005299479166666667
30ffdd71f24415febade,test,9,,14204.0,0.5321342429380889,1.7688193252450137,135.22366938890454,36.71974853643408,197.58110391439033,128.852154322726,4.534145311179949,1.2447552447552448,0.011559244791666666
30ffdd71f24415febade,test,10,,7032.0,0.6166507300591907,1.7910118804475126,140.69397042093289,46.435655605789734,202.15358361774744,136.00042662116041,3.7246871444823664,0.9603960396039604,0.00572265625
30ffdd71f24415febade,test,11,,22144.0,0.5870987034704669,1.7900720865981197,117.90295339595376,55.78251244173334,179.44287391618496,108.86054913294798,3.1632496387283235,1.335483870967742,0.018020833333333333
30ffdd71f24415febade,test,12,,16052.0,0.6627110193315383,1.7474383397113085,132.1454024420633,37.177401027914726,194.13992025915775,125.64920259157738,3.057812110640419,0.9130434782608695,0.013063151041666667
30ffdd71f24415febade,test,13,,15348.0,0.5590810302398879,1.7263862434127342,120.93966640604638,57.12507717012037,179.52938493614803,114.00605942142299,3.0749283294240293,1.3053435114503817,0.012490234375
30ffdd71f24415febade,test,14,,13638.0,0.5402944163664244,1.8582541829018684,146.12384513858336,33.819630420604156,213.16241384367208,139.61563279073178,3.9086376301510484,1.3675213675213675,0.0110986328125
30ffdd71f24415febade,test,15,,189884.0,0.16513312475245234,1.7576362491669113,117.60860841355775,49.406927936002944,179.2766057171747,108.35609108719008,3.6384740157148574,0.9344512195121951,0.15452799479166668
30ffdd71f24415febade,test,16,,31406.0,0.2794980235094878,1.7699249235261654,122.87550149652932,58.58395487283767,181.74549449149845,116.02534547538687,3.8690696045341655,0.5449101796407185,0.025558268229166667
30ffdd71f24415febade,test,17,,29406.0,0.4251372371400294,1.8287634160199209,114.78878460178196,57.3054857309812,172.9627286948242,106.8809766714276,3.053458477861661,0.924,0.0239306640625
30ffdd71f24415febade,test,18,,40084.0,0.42327032269010906,1.8288855253454033,103.76738848418321,59.199860379656506,161.8824967568107,93.799995010478,2.8319279513022653,1.4036697247706422,0.032620442708333336
30ffdd71f24415febade,test,19,,4028.0,0.6808988203250637,1.7455284330370473,145.54990069513406,36.80935670860009,211.9918073485601,139.10004965243297,4.614945382323734,1.0253164556962024,0.0032779947916666665
30ffdd71f24415febade,test,20,,2248.0,0.6918622198220723,1.755873453193044,153.63834519572953,20.232335719079078,223.25756227758006,147.14946619217082,4.63211743772242,0.8382352941176471,0.0018294270833333333
333d4405ab70431360e5,test,1,,50898.0,0.325233280742274,1.7805313393161062,96.60967032103423,48.80498786346153,139.99143384808832,91.22456678062007,10.589315886675312,1.3257575757575757,0.0414208984375
333d4405ab70431360e5,test,2,,39254.0,0.266290749449976,1.8455520945501684,79.53291384317522,48.437684476102866,112.78677332246396,75.76422784939115,11.817241555000765,1.4444444444444444,0.031944986979166666
333d4405ab70431360e5,test,3,,52901.0,0.2504703141851801,1.7472722222051655,86.89043685374567,48.37202223744298,125.57883593882913,81.96918772802026,10.837791346099317,0.8888888888888888,0.04305094401041667
333d4405ab70431360e5,test,4,,27481.0,0.39677840980353274,1.8482424162984998,118.53174920854408,57.30809960083633,163.00942469342453,115.42884174520577,17.87602343437284,1.2552083333333333,0.022364095052083335
333d4405ab70431360e5,test,5,,4943.0,0.6652694083700741,1.7525847235530407,112.6627554116933,60.95083935086218,156.98280396520332,108.41391867287072,18.346752984017805,1.010752688172043,0.004022623697916667
333d4405ab70431360e5,test,6,,5986.0,0.7236554364374492,1.7661181399621215,127.61693952555964,57.218642452948735,172.71817574340128,124.13715335783495,27.25158703641831,1.1149425287356323,0.004871419270833333
333d4405ab70431360e5,test,7,,10710.0,0.6952837348600615,1.8470247305429017,99.83034547152194,53.347665036687815,137.73202614379085,96.75536881419234,16.318580765639588,0.673469387755102,0.0087158203125
333d4405ab70431360e5,test,8,,22974.0,0.39433718202621004,1.7453702276641645,100.45965003917472,49.93907670592437,139.63628449551666,97.22682162444502,14.36188735091843,1.358974358974359,0.0186962890625
333d4405ab70431360e5,test,9,,9298.0,0.5680714425063819,1.8047127543351715,106.66681006668101,43.31256210243444,143.3351258335126,104.72262852226285,20.47590879759088,1.2685185185185186,0.007566731770833333
333d4405ab70431360e5,test,10,,41697.0,0.4143235196891503,1.857475697283657,87.36180060915653,41.421824660942285,121.83651101997745,83.95376166151043,14.498884811856968,0.8625429553264605,0.03393310546875
333d4405ab70431360e5,test,11,,8996.0,0.6981694088638383,1.8456852971090305,104.5942641173855,50.17680286326516,139.92218763895065,102.388950644731,23.266562916851935,0.888,0.007320963541666667
333d4405ab70431360e5,test,12,,41062.0,0.24228435699088915,1.8073798882855767,116.49417953338853,59.86287280708038,163.46646534508793,112.03901417368857,16.29241147532999,2.247191011235955,0.033416341145833334
333d4405ab70431360e5,test,13,,40322.0,0.27737661840091693,1.7520117238206183,106.79018897872129,50.517699073842344,150.52542036605328,102.26566142552453,15.379445464014681,0.8966666666666666,0.03281412760416667
333d4405ab70431360e5,test,14,,2270.0,0.5361139147401146,1.769208375131865,104.35066079295154,36.180305166515765,139.05286343612335,102.77665198237885,21.426431718061675,2.2564102564102564,0.0018473307291666666
333d4405ab70431360e5,test,15,,4728.0,0.41140010830709645,1.8440873496026957,112.31641285956007,43.22523117905418,149.60532994923858,111.57762267343486,18.277707275803724,2.542372881355932,0.00384765625
333d4405ab70431360e5,test,16,,7694.0,0.5393888140715529,1.767647170555301,136.18105016896283,30.681677321388197,183.41044970106577,134.27631920977385,21.980244346243826,2.090909090909091,0.006261393229166667
333d4405ab70431360e5,test,17,,5294.0,0.5935856221406741,1.737959330354645,131.11994710993577,43.67429946774142,177.11711371363808,127.79920664903665,27.54552323384964,0.7596153846153846,0.004308268229166667
333d4405ab70431360e5,test,18,,8123.0,0.511516642428578,1.7425463839281108,88.38384833189708,38.47315392169776,130.474701464976,82.72337806229226,7.203496245229595,1.438095238095238,0.006610514322916667
3520bdf0ebb1f2a38f96,test,1,,9235.0,0.7112057662617167,1.785408233865245,170.8533838657282,31.015223189452,235.13589604764482,170.65663237682728,3.1569030860855443,0.5789473684210527,0.007515462239583334
3520bdf0ebb1f2a38f96,test,2,,4473.0,0.6002686215046303,1.7881198673434213,169.07690587972277,26.82241382471321,234.82114911692378,167.7768835233624,3.209926224010731,0.4263565891472868,0.00364013671875
3520bdf0ebb1f2a38f96,test,3,,9501.0,0.6316774762239613,1.82556639297148,144.35890958846437,57.15969953794927,204.3936427744448,141.24113251236713,2.906851910325229,0.41420118343195267,0.00773193359375
3520bdf0ebb1f2a38f96,test,4,,7016.0,0.5835379218007058,1.74190239602968,161.42003990877993,44.16051359531304,223.58053021664767,160.440992018244,3.350484606613455,0.8260869565217391,0.005709635416666667
3520bdf0ebb1f2a38f96,test,5,,43697.0,0.4191371936631697,1.7451505501963354,149.172437467103,48.815543290184905,214.52154610156305,144.45163283520608,2.0401171705151384,1.217557251908397,0.03556070963541667
3520bdf0ebb1f2a38f96,test,6,,30224.0,0.3650248704089252,1.7722982766927424,113.7162188988883,62.28957085174356,173.99017337215457,104.73818819481207,1.8879036527263102,0.4943181818181818,0.024596354166666667
3520bdf0ebb1f2a38f96,test,7,,54486.0,0.7183539600458064,1.8763124445553112,96.95874169511434,60.349581645273915,151.87668391880484,87.5623462907903,1.3070880593179899,1.345679012345679,0.0443408203125
3520bdf0ebb1f2a38f96,test,8,,22220.0,0.5338928126200079,1.799743786606351,118.15256525652565,52.77827830496369,178.39194419441944,110.06530153015302,1.7886138613861386,1.0797872340425532,0.018082682291666666
3520bdf0ebb1f2a38f96,test,9,,21595.0,0.47840811628148355,1.7819142021327559,123.37420699235935,45.61103203971021,191.22764528826116,112.4288492706645,1.7811067376707572,0.7030567685589519,0.017574055989583334
3520bdf0ebb1f2a38f96,test,10,,4969.0,0.5388605398424146,1.8302097814568983,147.41980277721876,36.014549203875454,216.9434493861944,140.37955323002618,1.2549808814650836,3.2888888888888888,0.004043782552083333
3520bdf0ebb1f2a38f96,test,11,,7031.0,0.8101060688250827,1.80064462041491,159.27108519414023,57.299748460228486,216.47375906698906,159.95121604323708,5.820224719101123,0.7280701754385965,0.005721842447916667
3581c8018fc8e00d7eda,test,1,,713.0,0.7759599692202668,1.7215579372190273,144.1290322580645,20.972570379429833,205.96072931276296,140.15427769985976,2.394109396914446,0.6944444444444444,0.0005802408854166666
3581c8018fc8e00d7eda,test,2,,24590.0,0.22911204726411336,1.7642126864847054,129.5079707198048,27.487408435843243,194.21886945912973,121.35433102887353,1.9752745018300122,0.8669201520912547,0.020011393229166667
3581c8018fc8e00d7eda,test,3,,144566.0,0.13154999296573422,1.837635356298143,102.27016725924491,36.585501708705564,161.26368579057316,91.62291271806649,2.470331889932626,0.8061224489795918,0.11764811197916666
3581c8018fc8e00d7eda,test,4,,11894.0,0.6761365238628126,1.8783206240421244,88.55742391121574,28.444861804248134,139.4081890028586,79.49655288380696,1.9097023709433327,0.8897058823529411,0.009679361979166667
3581c8018fc8e00d7eda,test,5,,62163.0,0.24008037651156253,1.808706900036728,91.17621414667889,36.85894361838359,145.45509386612616,80.85563759792802,2.091034859964931,0.8474114441416893,0.05058837890625
3581c8018fc8e00d7eda,test,6,,5675.0,0.7399292359600598,1.7546898541134344,114.44229074889869,31.904543336355218,180.23788546255506,102.77991189427313,2.16352422907489,0.797979797979798,0.004618326822916667
3581c8018fc8e00d7eda,test,7,,5461.0,0.744907065151293,1.7650390582813618,121.07306354147592,31.34443934703036,179.82201062076544,113.93151437465666,3.8692547152536165,0.945054945054945,0.004444173177083333
3581c8018fc8e00d7eda,test,8,,4454.0,0.5474524804809286,1.7563358555664303,135.42523574315223,44.32994784110991,198.73821284238886,128.8861697350696,3.1511001347103726,1.2531645569620253,0.0036246744791666665
3581c8018fc8e00d7eda,test,9,,4485.0,0.476531047740545,1.8032953784447148,105.95808249721293,39.54052750516523,166.30635451505017,95.40379041248606,2.1953177257525085,2.6545454545454548,0.00364990234375
3581c8018fc8e00d7eda,test,10,,61657.0,0.12554831036033806,1.7781581606949184,144.66845613636733,31.989461793950884,211.90656373161198,138.06458309680977,2.5277421866130365,1.0214132762312633,0.050176595052083335
35af372d2ac91e897abd,test,1,,104669.0,0.47286796724429675,1.8338328046269246,129.17306939017283,45.27121535822583,185.4761677287449,123.54865337396937,10.51440254516619,1.2142857142857142,0.08517985026041666
35af372d2ac91e897abd,test,2,,13402.0,0.6174800700129986,1.8303892127374817,102.15542456349799,51.06669887478173,155.69519474705268,92.58849425458887,11.10102969706014,2.1847826086956523,0.010906575520833333
35af372d2ac91e897abd,test,3,,1988.0,0.7555173439709341,1.776617452590186,119.64788732394366,29.101151569990794,167.9582494969819,115.81187122736418,12.612173038229376,1.0,0.0016178385416666667
35af372d2ac91e897abd,test,4,,56950.0,0.30688305617253986,1.8430003845242633,92.83301141352064,38.693261656313084,138.67892888498682,86.31977172958736,6.15297629499561,2.50253807106599,0.046346028645833336
35af372d2ac91e897abd,test,5,,61772.0,0.12430592900739576,1.7195995508602357,99.51262708023053,38.1242135914251,151.7089781778152,91.21087223984976,5.40453603574435,0.5263157894736842,0.05027018229166667
35af372d2ac91e897abd,test,6,,2076.0,0.4439552085652214,1.6777322591476629,138.3747591522158,27.687932352688247,192.27793834296725,135.85115606936415,9.966281310211945,1.7346938775510203,0.001689453125
35af372d2ac91e897abd,test,7,,3295.0,0.7393424665521536,1.8387516553827623,137.71805766312596,21.63753746355651,192.0816388467375,134.58421851289833,11.174203338391502,0.5106382978723404,0.002681477864583333
35af372d2ac91e897abd,test,8,,928.0,0.8323244684038057,1.6550310336934175,75.72737068965517,26.644531543830443,123.23922413793103,65.72952586206897,2.6422413793103448,0.9743589743589743,0.0007552083333333333
35af372d2ac91e897abd,test,9,,2219.0,0.6019091313396177,1.71506425199638,115.25957638575935,33.7985208377008,171.31365479945921,107.84182063992789,6.4506534474988735,2.275,0.0018058268229166666
35af372d2ac91e897abd,test,10,,1740.0,0.7899906825361139,1.7549914368479966,83.31666666666666,47.87630443987843,127.61724137931034,74.89827586206897,10.463218390804597,0.6557377049180327,0.001416015625
35af372d2ac91e897abd,test,11,,1017.0,0.6123324537300612,1.7439639546352292,167.65093411996068,20.509466879324922,223.19862340216324,168.39331366764995,18.104228121927235,0.5172413793103449,0.00082763671875
3629d97e326e9f118cc2,test,1,,35528.0,0.4270692591998368,1.8031485567247747,147.9774262553479,45.15899627042978,203.64287322675074,145.6221008781806,14.115204908804323,0.5857988165680473,0.028912760416666666
3629d97e326e9f118cc2,test,2,,13944.0,0.6926275660690693,1.8668466079295372,115.66265060240964,48.09512822412612,170.25523522662075,108.69047619047619,8.413582903040734,0.7639751552795031,0.01134765625
3629d97e326e9f118cc2,test,3,,200279.0,0.3202637342512257,1.8750383213994926,82.75042815272694,46.78581850976765,131.04445798111635,73.48481368490955,3.918868178890448,1.3015873015873016,0.16298746744791667
3629d97e326e9f118cc2,test,4,,85209.0,0.3125130179957663,1.8098109270682476,116.82701357837787,51.365872114967985,172.28664812402445,109.66640847797768,8.295391331901559,1.4326647564469914,0.06934326171875
3629d97e326e9f118cc2,test,5,,78686.0,0.34348868758544504,1.7973940091816907,115.31507510865974,43.566141682963526,167.74376636250412,109.29066161706021,8.823564547695906,0.6597077244258872,0.06403483072916667
3629d97e326e9f118cc2,test,6,,1152.0,0.8428745794457101,1.6666698954606642,165.80815972222223,25.85010549789433,222.83506944444446,165.4609375,17.86284722222222,1.25,0.0009375
3629d97e326e9f118cc2,test,7,,7295.0,0.8077778294972067,1.8025736556604524,116.58615490061686,22.56013091134005,176.0634681288554,107.8289239204935,5.769568197395476,1.05,0.005936686197916667
3629d97e326e9f118cc2,test,8,,964.0,0.7656876982980992,1.667884298576443,151.22821576763485,20.34948266011589,206.93464730290455,149.9688796680498,11.574688796680498,1.3823529411764706,0.0007845052083333333
3629d97e326e9f118cc2,test,9,,1650.0,0.5300555685773737,1.7350532636871911,145.22363636363636,19.268320336631355,198.54545454545453,142.74,17.990303030303032,2.5454545454545454,0.0013427734375
3629d97e326e9f118cc2,test,10,,652.0,0.28917155115304277,1.7513031737324716,186.77147239263803,12.544213181189459,233.84202453987731,191.74693251533742,37.50153374233129,4.75,0.0005305989583333333
3634ce7d229a4f87df47,test,1,,18980.0,0.6317659775149179,1.7879875758942327,117.2254478398314,41.01883983907384,180.75532139093784,107.28013698630137,2.016385669125395,0.8516483516483516,0.015445963541666666
3634ce7d229a4f87df47,test,2,,9483.0,0.6833197709659192,1.7889924741226442,131.0279447432247,43.22660092083275,196.73447221343457,122.2325213540019,4.0393335442370555,0.8102189781021898,0.00771728515625
3634ce7d229a4f87df47,test,3,,39210.0,0.31768756263507664,1.7418321241416233,135.1975261412905,42.499754761743716,199.813363937771,127.73139505228258,4.27271104310125,0.9689655172413794,0.0319091796875
3634ce7d229a4f87df47,test,4,,9787.0,0.6939709078184644,1.8252453662577057,130.3814243384081,48.36029159867854,192.7465004597936,122.92111985286604,5.3090834780831715,0.75,0.007964680989583334
3634ce7d229a4f87df47,test,5,,14869.0,0.22977272753074995,1.819056608059474,124.4641872351873,42.23456924340119,184.6880758625328,117.3620956352142,3.0882372721770124,0.3311897106109325,0.012100423177083333
3634ce7d229a4f87df47,test,6,,37076.0,0.3314029573891434,1.8078568810241564,115.93818103355271,53.382711558886236,172.295015643543,109.07090840435862,3.6301650663501994,2.037037037037037,0.030172526041666668
3634ce7d229a4f87df47,test,7,,2473.0,0.745403732126219,1.8410129754353879,156.63404771532552,18.05654296106986,221.56368782854832,153.181156490093,4.0392236150424585,0.8360655737704918,0.0020125325520833335
3634ce7d229a4f87df47,test,8,,13912.0,0.5728479281551458,1.753784675982949,143.05649798734905,28.732563520895823,206.10645485911442,138.16072455434158,2.9939620471535364,0.9256756756756757,0.011321614583333334
3634ce7d229a4f87df47,test,9,,12583.0,0.3698824189343989,1.7420458673180212,144.75800683461813,33.668581839283604,208.4789795756179,139.73710561869188,3.6159103552411986,1.1603053435114503,0.010240071614583334
3634ce7d229a4f87df47,test,10,,5134.0,0.5187684002776161,1.7801018247207516,135.37514608492404,38.80257650271453,200.52999610440202,127.7600311647838,3.851577717179587,1.10989010989011,0.004178059895833333
3634ce7d229a4f87df47,test,11,,2292.0,0.7902407936307425,1.832567185586621,166.4633507853403,15.449262811134085,230.34293193717278,164.9698952879581,6.507853403141361,1.1176470588235294,0.001865234375
3634ce7d229a4f87df47,test,12,,7568.0,0.6439181321468224,1.8423773382989128,138.5605179704017,35.2047962651394,202.9411997885835,132.13689217758986,2.9409355179704018,1.2934782608695652,0.006158854166666667
3634ce7d229a4f87df47,test,13,,5162.0,0.5185657349977925,1.862506453099344,143.30743897714063,44.196259960400134,206.3128632313057,138.34134056567223,3.7652072839984503,0.48333333333333334,0.004200846354166667
3634ce7d229a4f87df47,test,14,,1416.0,0.5101066242304165,1.765821275484703,166.715395480226,24.753306923664862,233.8566384180791,164.12923728813558,3.9216101694915255,3.6818181818181817,0.00115234375
3634ce7d229a4f87df47,test,15,,1300.0,0.41882261719025454,1.7023902122639731,163.7246153846154,30.874278718547135,228.95846153846153,161.76,2.7992307692307694,0.24719101123595505,0.0010579427083333333
3634ce7d229a4f87df47,test,16,,162.0,0.791098819487547,1.6701463980060915,125.6358024691358,25.55428889924677,203.44444444444446,110.0925925925926,2.0864197530864197,0.7647058823529411,0.0001318359375
3634ce7d229a4f87df47,test,17,,2207.0,0.7992080048355074,1.810327386167019,165.5913004077934,17.42862138011846,231.5491617580426,163.24376982328954,4.816039873130947,0.9803921568627451,0.0017960611979166666
3634ce7d229a4f87df47,test,18,,2930.0,0.48086774923875275,1.7738817222265721,155.3815699658703,34.97036973367527,217.67064846416383,153.04027303754268,4.190102389078498,0.4485981308411215,0.002384440104166667
3634ce7d229a4f87df47,test,19,,1371.0,0.775896349604907,1.710923197412002,171.11743253099928,12.138998445898162,234.35521517140774,170.5849744711889,7.963530269876003,1.2972972972972974,0.00111572265625
3634ce7d229a4f87df47,test,20,,60986.0,0.42607982104474956,1.7771147762210835,83.28914832912471,48.865840652586385,139.29403469648773,70.59967861476404,1.948430787393828,0.9830508474576272,0.049630533854166665
373f6112e1b06e72a514,test,1,,123233.0,0.15974522967520538,1.7496809826055388,143.77375378348333,51.82030081964905,195.17689255313107,141.2003846372319,22.223316806374918,3.713235294117647,0.10028727213541666
373f6112e1b06e72a514,test,2,,353706.0,0.15962199262697538,1.84395529077275,118.52555512205052,50.56480438222425,164.25456169813347,114.44431816254178,19.574740038336923,1.7767441860465116,0.2878466796875
373f6112e1b06e72a514,test,3,,31095.0,0.5149665349007423,1.8399712944273634,120.93738543174143,39.06121586230723,160.4984081041968,119.54655089242644,24.26438334137321,0.8705882352941177,0.02530517578125
373f6112e1b06e72a514,test,4,,35697.0,0.4834268444150158,1.8460505880690803,125.17163907331148,50.59982628446888,173.72857663108945,121.68582794072331,15.75801888113847,0.3275862068965517,0.02905029296875
373f6112e1b06e72a514,test,5,,70285.0,0.4370307588111018,1.8126174109016582,108.46213274525148,58.67265650432773,148.10212705413673,104.77540015650565,23.491470441772783,0.6809954751131222,0.05719807942708333
373f6112e1b06e72a514,test,6,,776.0,0.7918738667810902,1.8112362843123906,151.59407216494844,13.987804552572852,188.91752577319588,155.159793814433,35.29896907216495,0.8484848484848485,0.0006315104166666666
373f6112e1b06e72a514,test,7,,7938.0,0.4339964835652819,1.7668715860375583,165.2848324514991,38.110818562946314,208.213529856387,169.00730662635425,33.4522549760645,0.7659574468085106,0.0064599609375
373f6112e1b06e72a514,test,8,,2774.0,0.8556559586005386,1.8792481440034774,185.27397260273972,10.045494580325279,224.41095890410958,189.07426099495314,62.92790194664744,0.8360655737704918,0.0022574869791666665
373f6112e1b06e72a514,test,9,,36.0,0.849917903925494,1.584962500721155,155.0,31.55506650638249,196.66666666666666,154.0,50.97222222222222,0.875,2.9296875e-05
373f6112e1b06e72a514,test,10,,25344.0,0.43788234439405704,1.8070013647345113,43.670138888888886,41.42018495794541,71.59631470959596,37.00994318181818,4.945785984848484,0.9110169491525424,0.020625
373f6112e1b06e72a514,test,11,,11824.0,0.3572163524299833,1.6803394380503152,173.446549391069,34.484265963683434,222.36586603518268,176.1775202976996,31.01260148849797,1.054054054054054,0.009622395833333333
3761cd7ce158edd9bea8,test,1,,14154.0,0.6313429976399024,1.7700041805999427,73.25385050162498,38.57142967123984,118.00861947152748,63.930549667938394,4.01589656634167,0.9664429530201343,0.0115185546875
3761cd7ce158edd9bea8,test,2,,6498.0,0.6723615887556733,1.7926697253675052,147.9533702677747,30.652965924588976,205.43582640812556,143.23145583256385,21.38442597722376,1.1702127659574468,0.0052880859375
3761cd7ce158edd9bea8,test,3,,8412.0,0.6890386564219397,1.821107743403851,139.24096528768425,32.99039573232777,189.45756062767475,137.1338563956253,18.317641464574418,0.8305084745762712,0.006845703125
3761cd7ce158edd9bea8,test,4,,13008.0,0.4818389601751336,1.8586033057700175,80.0714175891759,45.318059603421055,122.27244772447725,73.0310578105781,5.748539360393604,1.989247311827957,0.0105859375
3761cd7ce158edd9bea8,test,5,,4213.0,0.6931500926254675,1.7494177575433882,133.5295513885592,30.84940247019589,189.6033705198196,128.6114407785426,11.765725136482317,1.2985074626865671,0.0034285481770833333
3761cd7ce158edd9bea8,test,6,,6416.0,0.7691583601356168,1.8015452117617563,121.38778054862843,33.892936909934036,176.30268079800499,115.13746882793018,9.518391521197007,0.7297297297297297,0.005221354166666667
3761cd7ce158edd9bea8,test,7,,10093.0,0.7966035929252053,1.8019626693919062,52.7204993559893,47.67151477542098,85.31269196472803,45.706132963440005,3.5431487169325275,1.4141414141414141,0.008213704427083333
3761cd7ce158edd9bea8,test,8,,786.0,0.6900529843146419,1.69846312397867,99.19592875318067,31.907703788162063,148.88422391857506,92.1234096692112,5.300254452926208,0.5306122448979592,0.0006396484375
3761cd7ce158edd9bea8,test,9,,2595.0,0.7654014633694454,1.7959960373973203,88.1383429672447,38.74897890319653,140.6281310211946,77.6373795761079,4.647013487475915,1.290909090909091,0.00211181640625
3761cd7ce158edd9bea8,test,10,,38573.0,0.4087369650980307,1.809125647519558,116.15985274673994,54.350043348526555,172.77253519301067,108.09164441448682,9.32426827055194,1.736318407960199,0.031390787760416664
3761cd7ce158edd9bea8,test,11,,29232.0,0.3973312725494176,1.8060867150427118,102.308908045977,45.92843937611808,153.5843253968254,94.4343185550082,8.416358784893267,0.5654952076677316,0.0237890625
3761cd7ce158edd9bea8,test,12,,9857.0,0.7114379125052588,1.8049305177550405,92.20310439281728,42.40271212358099,140.46870244496296,84.22095972405397,6.759460282033073,1.696629213483146,0.008021647135416667
3761cd7ce158edd9bea8,test,13,,40649.0,0.5375452201549716,1.8276294618361368,101.34544515240228,43.448372332093165,153.48847450121775,93.08049398509188,7.196363994194199,0.9133574007220217,0.03308024088541667
3761cd7ce158edd9bea8,test,14,,234685.0,0.268355171701735,1.7984042220226792,103.87386496793575,39.59454671841735,150.52548309436054,98.2766133327652,10.34316211091463,0.7581863979848866,0.19098714192708333
39c2a83ee2d1844b628a,test,1,,9352.0,0.41940765029929483,1.7722925266514522,95.54170230966638,50.50553008208988,158.00716424294268,81.83297690333619,2.3018605645851156,0.6042780748663101,0.007610677083333333
39c2a83ee2d1844b628a,test,2,,5412.0,0.6144395999255444,1.747426473161654,128.89966740576497,40.127776603917816,198.890059127864,117.99556541019956,1.4183296378418329,1.4545454545454546,0.004404296875
39c2a83ee2d1844b628a,test,3,,2148.0,0.7413725413127011,1.7163946388910205,112.37756052141528,43.25613807972484,184.99534450651768,96.88826815642459,1.6145251396648044,1.619047619047619,0.001748046875
39c2a83ee2d1844b628a,test,4,,23740.0,0.3379586748273432,1.7357756965912352,108.65678180286436,40.529244882410595,177.02076663858466,94.57051390058972,1.8705560235888796,0.6821705426356589,0.019319661458333335
39c2a83ee2d1844b628a,test,5,,11001.0,0.6707329710151946,1.815046908214395,104.79238251068085,42.30950861012813,173.3936914825925,89.97182074356877,1.191255340423598,1.293103448275862,0.00895263671875
39c2a83ee2d1844b628a,test,6,,14536.0,0.6913138666775277,1.7617448400350115,112.45356356631811,38.607686149115594,181.19420748486516,98.8165244909191,2.343010456796918,0.9411764705882353,0.011829427083333333
39c2a83ee2d1844b628a,test,7,,2894.0,0.7936206150306826,1.746380729724385,100.92225293711127,39.6343058303805,168.17277125086386,85.92847270214236,1.761921216309606,1.046875,0.0023551432291666666
39c2a83ee2d1844b628a,test,8,,8208.0,0.557282656206861,1.6629588971237226,105.31530214424951,60.81291413900751,164.09003411306043,95.20601851851852,3.151315789473684,1.0846153846153845,0.0066796875
39c2a83ee2d1844b628a,test,9,,7061.0,0.2796689164779812,1.6908525911208396,147.77255346268234,30.530407020676776,219.76278147571165,139.3781334088656,2.1121654156635037,0.5303030303030303,0.005746256510416666
39c2a83ee2d1844b628a,test,10,,17786.0,0.3012495742958898,1.7572232256514113,120.03159788597773,42.45446045236166,189.6758686607444,107.61627122455864,1.2743168784437198,0.7510204081632653,0.014474283854166667
39c2a83ee2d1844b628a,test,11,,7160.0,0.7123246894847287,1.8181429225530188,137.1581005586592,33.98641494570141,207.53351955307264,127.68840782122905,1.3335195530726256,1.1894736842105262,0.005826822916666667
39c2a83ee2d1844b628a,test,12,,17233.0,0.44655598356003073,1.739858651935707,93.4398537689317,52.728361958667755,152.8346196251378,80.979864214008,1.8343294841292868,0.5258964143426295,0.014024251302083334
39c2a83ee2d1844b628a,test,13,,46051.0,0.24961174736864736,1.7555731398966434,114.91168487112115,39.94972025662332,184.52576491281405,101.43753664415539,1.6948600464702177,1.3616236162361623,0.03747639973958333
39c2a83ee2d1844b628a,test,14,,20186.0,0.6860773849929759,1.7804375273762747,83.18448429604676,53.867237094220286,138.28802140097096,70.89200435945705,2.065193698602992,1.7651515151515151,0.016427408854166665
3ae448bd405b51fb3b9c,test,1,,996.0,0.8478806147216849,1.827091102599527,134.5281124497992,10.780402644433558,184.48393574297188,132.14658634538154,15.624497991967871,0.6222222222222222,0.000810546875
3ae448bd405b51fb3b9c,test,2,,187564.0,0.1120600484683998,1.8246260899799,90.76163336247895,54.11474898784569,142.2893465697042,81.17601458702096,5.086940990808471,0.41124586549062847,0.15263997395833334
3ae448bd405b51fb3b9c,test,3,,71916.0,0.18764066266937351,1.7791461118732461,103.96772623616441,39.71251746970409,154.05112909505533,97.11977863062462,7.852508482118027,2.3048327137546467,0.058525390625
3ae448bd405b51fb3b9c,test,4,,1606.0,0.4323948510651247,1.6907546154022408,125.19427148194272,23.197449446714995,176.86425902864258,121.81444582814446,7.1127023661270234,1.6744186046511629,0.0013069661458333334
3ae448bd405b51fb3b9c,test,5,,37172.0,0.5816135567709,1.8252435172262276,98.70241041644249,65.43186213439556,145.91961691595824,91.98124932745077,9.546970838265361,1.72,0.030250651041666667
3ae448bd405b51fb3b9c,test,6,,3966.0,0.7675834610984137,1.7366554124223055,138.4707513867877,43.338236583490946,198.65582450832073,132.6089258698941,10.761724659606656,1.0,0.0032275390625
3ae448bd405b51fb3b9c,test,7,,3351.0,0.6866636723434608,1.8126437162604823,148.94688152790212,44.639243436513276,205.0799761265294,146.73261712921516,13.14383766039988,0.6419753086419753,0.00272705078125
3ae448bd405b51fb3b9c,test,8,,42562.0,0.4404183555127517,1.7329878890936166,126.84302899299846,36.02527655200607,187.23022884262957,119.25024669893332,7.559137258587472,1.1571428571428573,0.034637044270833334
3ae448bd405b51fb3b9c,test,9,,6440.0,0.66412565275295,1.7888299977825963,151.9998447204969,27.974530896118274,211.9218944099379,148.29534161490685,13.859006211180125,0.8648648648648649,0.005240885416666666
3ae448bd405b51fb3b9c,test,10,,8141.0,0.6522142452055771,1.806475046108606,129.69573762437048,27.25785136229158,190.47156368996437,122.63530278835523,6.658027269377226,1.6785714285714286,0.006625162760416667
3ae448bd405b51fb3b9c,test,11,,3240.0,0.6906836869195682,1.6384415270964183,123.75493827160494,26.473859812865435,174.0222222222222,119.9179012345679,11.609876543209877,1.208955223880597,0.00263671875
3ae448bd405b51fb3b9c,test,12,,2518.0,0.7233223393905286,1.7931623800020018,129.0087370929309,30.845201452648517,185.84511517077044,122.60683081810961,12.828435266084194,1.3137254901960784,0.002049153645833333
3ae448bd405b51fb3b9c,test,13,,3320.0,0.599484808971694,1.702770517155232,124.30903614457831,22.12384997294096,176.6882530120482,119.54849397590361,11.241265060240965,0.9880952380952381,0.0027018229166666666
3ae448bd405b51fb3b9c,test,14,,1556.0,0.5262841455817411,1.6620640813949046,148.5276349614396,9.318962745021382,206.96786632390746,145.1516709511568,12.544344473007712,1.8461538461538463,0.0012662760416666666
3ae448bd405b51fb3b9c,test,15,,2914.0,0.742566258976111,1.7875679555569148,121.65579958819492,19.109748479638103,178.46293754289636,115.12903225806451,6.233013040494166,0.8,0.0023714192708333332
3c89382dffce4cda8b42,test,1,,8069.0,0.4986925049457439,1.7923543949366945,144.16581980418886,40.56980467135936,208.3860453587805,138.476143264345,5.162101871359524,1.6666666666666667,0.006566569010416667
3c89382dffce4cda8b42,test,2,,11694.0,0.47544928077790594,1.803845024921712,126.30733709594664,49.51886123970956,184.63391482811699,120.36779545065846,4.047203694202155,1.8061224489795917,0.0095166015625
3c89382dffce4cda8b42,test,3,,4158.0,0.77364391379022,1.7496005626260829,123.26430976430976,45.57457594931985,183.46272246272247,115.85569985569985,3.658008658008658,0.8024691358024691,0.0033837890625
3c89382dffce4cda8b42,test,4,,24626.0,0.43368368840037297,1.8150235655233304,102.435555916511,47.56692004804518,160.51608056525623,92.3869081458621,2.056769268253066,1.5632911392405062,0.020040690104166668
3c89382dffce4cda8b42,test,5,,12789.0,0.5987359843956543,1.842623227023702,128.0885917585425,40.481132341547564,190.56501681132224,120.54609429978888,3.20415982484948,0.6645962732919255,0.01040771484375
3c89382dffce4cda8b42,test,6,,5166.0,0.6690448127542568,1.865699619730116,95.46457607433217,53.62426639916798,150.75919473480448,85.53387533875339,1.7874564459930313,0.4642857142857143,0.0042041015625
3c89382dffce4cda8b42,test,7,,24169.0,0.5326923491357153,1.803700896900197,130.05180189498944,37.175845537334574,189.24547974678308,124.47064421366213,3.580578426910505,0.5423076923076923,0.019668782552083333
3c89382dffce4cda8b42,test,8,,16544.0,0.3815696994341251,1.7875971117370244,117.13340183752418,45.40805119716341,177.33601305609284,108.50006044487428,3.7576160541586074,0.9649122807017544,0.013463541666666667
3c89382dffce4cda8b42,test,9,,45767.0,0.27052642943552463,1.8718509476025063,120.76963751174426,40.1526301978754,181.80835536521948,112.47527694627134,3.5701269473638213,1.5517241379310345,0.03724527994791667
3c89382dffce4cda8b42,test,10,,5027.0,0.6560409799902485,1.745236595162636,152.03302168291228,28.029711276131998,214.68470260592798,148.39824945295405,6.393475233737816,1.4,0.004090983072916667
3c89382dffce4cda8b42,test,11,,15078.0,0.5420246524780702,1.7315764694834883,105.25527258257063,48.64062734437147,162.74048282265554,95.9315559092718,2.6321130123358536,0.7485714285714286,0.0122705078125
3c89382dffce4cda8b42,test,12,,4001.0,0.7120664895792936,1.6828921777804773,112.67733066733317,61.05838252814795,163.2856785803549,107.8672831792052,4.7170707323169205,1.051948051948052,0.0032560221354166665
3c89382dffce4cda8b42,test,13,,5264.0,0.2835082537301618,1.8158324140682136,121.37955927051672,28.438896398721,178.30148176291794,115.61189209726444,1.8309270516717324,3.830188679245283,0.004283854166666667
3c89382dffce4cda8b42,test,14,,6384.0,0.4564385472054098,1.8463324454994505,111.83693609022556,45.08465521355618,174.4625626566416,101.2545426065163,2.257048872180451,2.980769230769231,0.0051953125
3c89382dffce4cda8b42,test,15,,37122.0,0.19427032691934049,1.661861484950116,113.42923333872098,42.60377872994944,174.83476105813264,103.72385647325036,2.5315446366036314,1.450909090909091,0.0302099609375
3c89382dffce4cda8b42,test,16,,8901.0,0.7426477402020444,1.8382721964316946,132.39467475564544,44.84132795156337,194.99236040894283,125.26030783058083,5.146051005504999,1.079646017699115,0.00724365234375
3dc39c22275578a6f4b4,test,1,,35277.0,0.48603851856554703,1.8342779429933116,109.17745273124132,40.794150169326976,158.78090540578847,103.30424922754203,9.301527907701901,2.2515337423312882,0.02870849609375
3dc39c22275578a6f4b4,test,2,,12138.0,0.6028199871006487,1.8451144263417965,123.73842478167738,44.383310768021225,179.4705058493986,117.19805569286538,11.195419344208272,0.7419354838709677,0.0098779296875
3dc39c22275578a6f4b4,test,3,,39297.0,0.48291592999672467,1.8445369378851222,135.52691045117948,37.60173899141784,188.01099320558822,132.11028831717434,15.432704786624933,1.7197802197802199,0.03197998046875
3dc39c22275578a6f4b4,test,4,,24186.0,0.6929442312034146,1.8176049767109983,81.64992144215663,49.15948074847114,128.25481683618622,72.72099561729927,5.462953774911106,1.945736434108527,0.0196826171875
3dc39c22275578a6f4b4,test,5,,5309.0,0.7270939465172619,1.7739669878215765,121.81352420418158,40.74202821248879,170.46035034846486,118.53023168204935,11.086080241100019,1.12987012987013,0.004320475260416666
3dc39c22275578a6f4b4,test,6,,13257.0,0.49704292812903583,1.7890184300733403,133.60066380025646,51.718457215852865,192.24462548087803,127.43667496416987,11.618993739156672,3.1944444444444446,0.01078857421875
3dc39c22275578a6f4b4,test,7,,8951.0,0.6816856536944,1.810352305721483,109.7810300525081,40.82444248651826,157.45682046698693,105.10278181208804,8.817562283543738,0.5815602836879432,0.0072843424479166665
3dc39c22275578a6f4b4,test,8,,2995.0,0.7401561102478452,1.830010251744119,151.67479131886478,42.760962517705245,209.85375626043407,149.28614357262103,11.369949916527545,1.6041666666666667,0.002437337239583333
3dc39c22275578a6f4b4,test,9,,82395.0,0.29627777765193486,1.8028585194510889,117.00493962012258,38.98599458014914,167.28306329267554,111.83233205898416,11.747533224103405,0.8282608695652174,0.06705322265625
3dc39c22275578a6f4b4,test,10,,13378.0,0.42529425846250757,1.854311986955782,156.11287187920468,42.388839231494785,212.60121094333982,154.11660935864853,18.21886679623262,1.368,0.010887044270833333
3dc39c22275578a6f4b4,test,11,,64244.0,0.21307317005706353,1.747600595922992,126.63017558059897,41.54989737736172,183.4520422140589,120.31078388643297,10.111590187410497,1.03,0.05228190104166667
3dc39c22275578a6f4b4,test,12,,12327.0,0.6486716338903229,1.8333532716011585,149.02604039912387,47.962820097535946,205.0023525594224,146.70422649468645,14.172223574267868,1.2260869565217392,0.01003173828125
3dc39c22275578a6f4b4,test,13,,5704.0,0.6986377212171264,1.8121514560813576,140.7820827489481,35.70611629235522,199.81293828892007,135.92601683029454,10.963008415147264,1.3125,0.004641927083333333
3dc39c22275578a6f4b4,test,14,,66845.0,0.25984069094905493,1.7646749103127224,145.43178996185205,40.537416469066606,203.8786296656444,141.77449323060813,10.983334579998504,1.5096153846153846,0.054398600260416666
3dc39c22275578a6f4b4,test,15,,28243.0,0.358741096575647,1.7895295759526388,145.9972736607301,43.13727113978893,199.20744963353752,143.64189356654745,18.513472364833763,1.4060913705583757,0.022984212239583333
3dc39c22275578a6f4b4,test,16,,2964.0,0.7589047543457829,1.803750078045647,138.57692307692307,27.7950947959542,186.09143049932524,137.35728744939271,20.162280701754387,1.0655737704918034,0.002412109375
3dc39c22275578a6f4b4,test,17,,87787.0,0.4469523469785593,1.821051021519636,118.53611582580564,45.18632542770943,174.42713613632998,111.51745702666682,8.10943533780628,0.735981308411215,0.07144124348958333
3f9343b7ce7c40eb4fa2,test,1,,6104.0,0.7084937602969756,1.7742534053525754,111.02277195281782,63.45111666636614,152.86304062909568,107.04128440366972,21.834207077326344,1.56,0.004967447916666667
3f9343b7ce7c40eb4fa2,test,2,,44249.0,0.5603679501300666,1.8409306425293017,116.14890731993944,47.63461849583794,156.36809871409523,113.64096363759633,23.562475988157924,1.112033195020747,0.03600992838541667
3f9343b7ce7c40eb4fa2,test,3,,4473.0,0.7244332803401073,1.833730862390469,107.47887323943662,48.36101164875317,146.67605633802816,104.38274088978315,20.605410239213057,1.578125,0.00364013671875
3f9343b7ce7c40eb4fa2,test,4,,8796.0,0.6896278603061216,1.8131218507755988,101.85516143701683,49.391934067621676,139.57730786721237,99.16018644838563,16.80161437016826,1.4210526315789473,0.007158203125
3f9343b7ce7c40eb4fa2,test,5,,11543.0,0.48140689412433035,1.7218024143415516,150.29966213289438,42.78826792291172,199.40829940223512,149.64090790955558,24.842935112189206,0.9539473684210527,0.009393717447916667
3f9343b7ce7c40eb4fa2,test,6,,25189.0,0.5200877461583974,1.809816490660984,128.03211719401327,49.9963161202711,175.90630830918258,124.4539283020366,20.835880741593552,0.8418604651162791,0.020498860677083335
3f9343b7ce7c40eb4fa2,test,7,,17315.0,0.47840802028116025,1.7445634613856076,105.04712676869767,34.93981091295954,148.3849841178169,100.90903840600636,12.619809413803061,0.7562189054726368,0.014090983072916667
3f9343b7ce7c40eb4fa2,test,8,,71242.0,0.40400018695175216,1.7829393400339313,86.41680469386036,37.68226890560385,122.0317228601106,82.56006288425367,12.880042671457847,0.7679425837320574,0.05797688802083333
3f9343b7ce7c40eb4fa2,test,9,,4749.0,0.7964071393965872,1.8008583047030369,86.7540534849442,39.995079541726696,124.72499473573384,82.28742893240683,10.227626868814488,0.7857142857142857,0.00386474609375
3f9343b7ce7c40eb4fa2,test,10,,18780.0,0.40834203825614457,1.7432523323135511,109.12193823216188,39.603028009902985,149.8936634717785,106.00308839190629,18.198615548455805,1.9133333333333333,0.015283203125
431b3a87ed7fe9caa401,test,1,,27081.0,0.5594758938632303,1.8360945325346756,101.76404120970422,46.03901139137471,168.6095048188767,87.16136774860604,1.6339869281045751,0.5161290322580645,0.02203857421875
431b3a87ed7fe9caa401,test,2,,4899.0,0.6007934778943249,1.7490055411576768,133.72341294141663,43.8909749502702,203.29373341498265,123.96407430087773,1.4527454582567871,0.9894736842105263,0.00398681640625
431b3a87ed7fe9caa401,test,3,,11492.0,0.5924740474234336,1.7365589182966228,117.01609815523842,43.64646918935872,184.12930734423946,105.29611903933171,1.3136964845109642,0.9440559440559441,0.009352213541666666
431b3a87ed7fe9caa401,test,4,,3005.0,0.7888306438142803,1.7796386366161108,89.6702163061564,40.4799171026663,152.57337770382696,74.8765391014975,0.9044925124792014,0.6190476190476191,0.002445475260416667
431b3a87ed7fe9caa401,test,5,,6111.0,0.8282647368665446,1.7980211075800099,115.36753395516283,39.54860364405034,185.54557355588284,101.77155948289969,1.3524791359842907,1.0555555555555556,0.00497314453125
431b3a87ed7fe9caa401,test,6,,13602.0,0.752124726918528,1.7247803699643458,106.4559623584767,38.88914428743911,174.91883546537275,92.15343331862961,0.4990442581973239,1.1515151515151516,0.0110693359375
431b3a87ed7fe9caa401,test,7,,8584.0,0.753383099110161,1.77580277340841,65.83643988816402,60.2224290065782,108.55475302889096,56.63210624417521,1.0789841565703635,1.5168539325842696,0.006985677083333333
431b3a87ed7fe9caa401,test,8,,10044.0,0.7531829855580146,1.8380225634713463,103.23954599761052,48.3117424403162,168.49830744723218,89.86280366387894,0.9206491437674234,1.3365384615384615,0.008173828125
431b3a87ed7fe9caa401,test,9,,8025.0,0.7275936015597945,1.764284948535703,91.46554517133957,56.46325822493496,149.8356386292835,79.28610591900312,1.0467289719626167,0.7022900763358778,0.00653076171875
431b3a87ed7fe9caa401,test,10,,6367.0,0.7883507250827821,1.783150943737,114.76975027485472,43.87239741804629,181.47918957122664,102.56918485943145,2.574524893984608,0.7565217391304347,0.005181477864583333
431b3a87ed7fe9caa401,test,11,,14035.0,0.8209451799674156,1.871867024683326,92.68749554684717,52.47876755611411,151.88884930530816,80.15504096900605,1.9706448165301034,0.8079470198675497,0.011421712239583333
431b3a87ed7fe9caa401,test,12,,8195.0,0.8144046668538648,1.8408872395391949,73.59890176937157,44.09210033316194,129.72776082977424,59.266748017083586,0.1825503355704698,1.1363636363636365,0.006669108072916667
431b3a87ed7fe9caa401,test,13,,7901.0,0.7000798992802065,1.758226558943497,130.69079863308443,46.480407186837596,198.7367421845336,120.97962283255283,2.167700291102392,0.5531914893617021,0.0064298502604166665
431b3a87ed7fe9caa401,test,14,,24965.0,0.77028947650752,1.8080300615258216,112.32233126376927,54.5366628484483,178.0379331063489,100.47105948327659,0.9857800921289805,1.293103448275862,0.020316569010416667
441973a78e80cf8422dc,test,1,,20391.0,0.6871878556814885,1.7703181682834652,118.39228090824383,41.555696754659145,177.98837722524644,110.6892256387622,1.8535138051100977,1.4275862068965517,0.01659423828125
441973a78e80cf8422dc,test,2,,10936.0,0.5060496781256612,1.8253679295568788,130.8589063643014,40.841042973901395,195.141825164594,123.1368873445501,2.139996342355523,0.8581560283687943,0.008899739583333333
441973a78e80cf8422dc,test,3,,9650.0,0.7703680377242357,1.8882716203088858,80.0059067357513,55.532619050266085,128.17844559585492,70.74435233160622,1.5189637305699482,0.7322834645669292,0.007853190104166666
441973a78e80cf8422dc,test,4,,11435.0,0.5553454506683758,1.8253652718097726,128.6402273721032,43.54374476761622,191.14639265413206,121.40953213817228,2.0717096633143854,1.9230769230769231,0.009305826822916667
441973a78e80cf8422dc,test,5,,2868.0,0.6940136526931014,1.7926580961297787,153.56799163179917,20.671567851637167,220.2189679218968,149.08891213389123,1.9463040446304045,1.3636363636363635,0.002333984375
441973a78e80cf8422dc,test,6,,7576.0,0.552527474221058,1.8152432434221502,126.13397571277719,38.39857767560463,190.62526399155226,117.51900739176347,1.426610348468849,0.9537037037037037,0.0061653645833333335
441973a78e80cf8422dc,test,7,,872.0,0.4776989424472046,1.7470095430134682,144.44724770642202,13.086496532970498,201.40825688073394,143.1880733944954,1.5779816513761469,3.3684210526315788,0.0007096354166666667
441973a78e80cf8422dc,test,8,,22403.0,0.5229790700703774,1.7816467379294547,130.49658527875732,37.244427343629305,196.79810739633083,121.68258715350623,2.193590144177119,1.4285714285714286,0.018231608072916666
441973a78e80cf8422dc,test,9,,102112.0,0.22980421517452637,1.799503600273712,128.83741382011908,40.130911983185456,195.06155006267628,119.73167698213726,2.238522406769038,1.4047619047619047,0.08309895833333333
441973a78e80cf8422dc,test,10,,5894.0,0.6370419536425669,1.7622508440558395,137.76399728537496,36.576452881128986,202.38445877163215,131.07465218866645,2.9334916864608074,1.411764705882353,0.004796549479166667
441973a78e80cf8422dc,test,11,,10216.0,0.35806426025556687,1.7901490781852525,134.49853171495693,44.80053677074331,196.20350430696945,128.54904072043854,3.4983359436178545,0.5879120879120879,0.008313802083333334
441973a78e80cf8422dc,test,12,,2854.0,0.7537952222366797,1.7978003798518327,157.84092501751928,26.062480718008754,224.00350385423965,154.03573931324456,4.0143658023826205,0.9384615384615385,0.0023225911458333334
441973a78e80cf8422dc,test,13,,1710.0,0.6769456110948,1.6520962986112373,154.2093567251462,16.94475112872029,218.69883040935673,150.47836257309942,4.344444444444444,0.6567164179104478,0.0013916015625
441973a78e80cf8422dc,test,14,,1240.0,0.8815220744745143,1.6793616164900427,153.2491935483871,20.24885498940357,218.19516129032257,148.89354838709679,5.326612903225806,1.1538461538461537,0.0010091145833333334
441973a78e80cf8422dc,test,15,,1494.0,0.8406880772339015,1.7382396568906258,154.56024096385542,16.195097311115525,215.9471218206158,152.30187416331995,5.107095046854083,1.0,0.0012158203125
452b121d0128385b9231,test,1,,29107.0,0.4615409541478395,1.8263087799964828,105.26227367987082,58.145003571219306,149.3876043563404,100.76466142165116,12.720926237674787,1.0,0.02368733723958333
452b121d0128385b9231,test,2,,38804.0,0.5820571178173948,1.8506840645308469,103.23054324296464,55.78205079606756,149.26123595505618,97.54285640655603,11.882692505927224,1.2467532467532467,0.031578776041666666
452b121d0128385b9231,test,3,,180284.0,0.28066855075306585,1.7770518789952432,110.95260810720863,56.69900138667572,157.55069778793458,106.06731601251359,13.916975438752191,0.875,0.14671549479166668
45f4eddfefeee3ceecf6,test,1,,32693.0,0.21677504427700672,1.711596391887698,99.76334383507172,47.17150374910139,162.8900376227327,86.8011806808797,0.9212369620408039,1.0193798449612403,0.02660563151041667
45f4eddfefeee3ceecf6,test,2,,73421.0,0.09177087263268527,1.7351939990985266,122.7682270739979,40.37822417751822,192.347366557252,110.92818131052424,1.2160144917666607,1.5696969696969696,0.05975016276041667
45f4eddfefeee3ceecf6,test,3,,4487.0,0.7425446668320577,1.7130970760341393,149.62870514820594,40.94411064782101,217.39425005571653,143.69311343882327,2.529084020503677,1.0,0.0036515299479166667
45f4eddfefeee3ceecf6,test,4,,7923.0,0.6236313312469296,1.7888625858454652,141.5901804871892,34.15859824640084,211.1423703142749,133.01968951154865,3.2352644200429133,0.6744186046511628,0.00644775390625
45f4eddfefeee3ceecf6,test,5,,20048.0,0.24886202977722305,1.7101539513642292,94.10853950518755,53.768887537877234,151.4441839584996,82.61627094972067,2.8138966480446927,2.167883211678832,0.016315104166666667
45f4eddfefeee3ceecf6,test,6,,1310.0,0.6706790765216596,1.8225876363413918,146.55190839694657,34.50874399900054,220.92442748091602,136.84351145038167,1.465648854961832,2.4615384615384617,0.0010660807291666666
45f4eddfefeee3ceecf6,test,7,,18027.0,0.6235840133693896,1.8067121436093525,95.10029400343929,55.390509484846184,152.61796194596994,84.05031341876075,1.1298607644089422,0.9709302325581395,0.01467041015625
45f4eddfefeee3ceecf6,test,8,,5566.0,0.7683980476860978,1.7593326370081435,146.18307581746316,29.9103116325905,213.72385914480776,139.8381243262666,1.7161336687028386,0.7884615384615384,0.004529622395833334
45f4eddfefeee3ceecf6,test,9,,3299.0,0.4817871909591044,1.7793709891805864,120.26826311003335,43.55217135726521,184.97180963928463,110.54198241891483,0.6165504698393452,2.0,0.0026847330729166665
45f4eddfefeee3ceecf6,test,10,,2532.0,0.5814661639859109,1.7572929951605025,118.62914691943128,35.83710496127262,183.70339652448658,108.36137440758294,0.816350710900474,2.1363636363636362,0.002060546875
45f4eddfefeee3ceecf6,test,11,,2999.0,0.7254486403494994,1.7922861992979375,90.16505501833944,47.584877213618185,145.68222740913637,79.20273424474824,1.0193397799266422,0.8169014084507042,0.0024405924479166665
45f4eddfefeee3ceecf6,test,12,,3264.0,0.5159029797829328,1.8139115037724833,157.33394607843138,27.738670176379316,223.98314950980392,153.41482843137254,2.753982843137255,0.8133333333333334,0.00265625
45f4eddfefeee3ceecf6,test,13,,9911.0,0.425213252482377,1.8267154900290399,118.49571183533448,45.18176562604178,188.50802139037432,105.52638482494199,1.6530118050650793,0.7006369426751592,0.008065592447916667
45f4eddfefeee3ceecf6,test,14,,4996.0,0.8049243264649724,1.7566771529392502,92.27201761409127,40.351263241299215,155.65952762209767,77.83646917534027,0.40512409927942356,0.75,0.004065755208333333
46d89e7d60c93781cd51,test,1,,10841.0,0.5657382657619466,1.714318207077698,135.70851397472558,40.490107961593004,201.8232635365741,127.7710543307813,3.2779263905543767,1.094890510948905,0.008822428385416666
46d89e7d60c93781cd51,test,2,,1534.0,0.7567988233455408,1.7511839272272194,156.0580182529335,19.39142265887161,224.14211212516298,151.15254237288136,2.908735332464146,1.0,0.0012483723958333333
46d89e7d60c93781cd51,test,3,,29113.0,0.43125048959657813,1.832830235012119,123.28392814206711,48.46369724378025,186.1926287225638,114.67399443547556,2.8003984474289836,1.2666666666666666,0.023692220052083334
46d89e7d60c93781cd51,test,4,,35448.0,0.32064721692465153,1.7256876445760787,124.1391897991424,46.67031127083644,190.3690758293839,113.95604829609569,3.033429248476642,0.9725085910652921,0.02884765625
46d89e7d60c93781cd51,test,5,,10849.0,0.7144928382001602,1.8165421862890878,121.11282145819891,40.196399931771225,187.19909669093926,110.60392662918241,2.133560696838418,0.8297872340425532,0.008828938802083333
46d89e7d60c93781cd51,test,6,,4835.0,0.6205983887450744,1.7773568178850965,140.62399172699068,32.02388075105419,205.6928645294726,134.21592554291624,3.0103412616339194,1.1547619047619047,0.003934733072916667
46d89e7d60c93781cd51,test,7,,9855.0,0.49133157781166803,1.8425966309341124,146.86534753932014,22.38147725731375,210.3374936580416,142.53018772196853,2.6617960426179605,0.4972677595628415,0.00802001953125
46d89e7d60c93781cd51,test,8,,6635.0,0.6093496254227487,1.7502859826147337,122.50444611906556,50.583829738596144,183.20211002260737,115.04370761115298,1.9050489826676715,0.6641221374045801,0.005399576822916667
46d89e7d60c93781cd51,test,9,,7957.0,0.4048021361206536,1.7748301156864188,156.61518160110595,30.924617948039334,221.46349126555234,153.19165514641196,4.2635415357546815,0.8064516129032258,0.006475423177083333
46d89e7d60c93781cd51,test,10,,20790.0,0.39032672626939247,1.773061295405542,108.61539201539202,44.212840996948024,172.67840307840308,96.57426647426648,2.753150553150553,1.02803738317757,0.0169189453125
46d89e7d60c93781cd51,test,11,,13358.0,0.4047775866330012,1.7303974951128793,116.51325048659979,45.33671925813085,179.5803263961671,106.65518790238059,2.083171133403204,0.6683417085427136,0.010870768229166666
46d89e7d60c93781cd51,test,12,,4620.0,0.34461140379294375,1.8419086608547053,101.554329004329,54.05742770348706,156.53051948051947,92.8082251082251,2.4829004329004327,2.3870967741935485,0.003759765625
46d89e7d60c93781cd51,test,13,,17218.0,0.3717063759934044,1.7414837574452906,130.9035311882913,46.26401127050573,194.0171913114183,123.78778022999187,2.1537925426878846,0.7023255813953488,0.014012044270833333
46d89e7d60c93781cd51,test,14,,54150.0,0.4129171708399063,1.7848568748079465,68.18722068328717,60.6894615820823,113.42145891043398,58.11023084025854,1.7449307479224376,0.9607843137254902,0.0440673828125
46d89e7d60c93781cd51,test,15,,10017.0,0.675417212004111,1.7981177898215366,130.6690625935909,38.12504965571389,198.69921134072078,121.12319057602076,1.7210741739043627,2.25974025974026,0.00815185546875
4a92e1cba581bf4c31d6,test,1,,5908.0,0.7130443088175619,1.775879602949554,95.71631685849695,47.68943011394556,158.3380162491537,82.10545023696683,1.5531482735274205,1.64,0.004807942708333333
4a92e1cba581bf4c31d6,test,2,,6537.0,0.5443294146156927,1.7404004301897944,110.57472846871654,32.24147300421098,176.8312681658253,97.81704145632553,2.431237570751109,0.5369127516778524,0.00531982421875
4a92e1cba581bf4c31d6,test,3,,9371.0,0.5681631314159662,1.8125444719840762,89.99637178529505,47.63639256448308,146.61700992423434,78.03969693735993,2.988795219293565,1.048,0.007626139322916667
4a92e1cba581bf4c31d6,test,4,,4409.0,0.4673627345379666,1.7584403777733661,97.90904967112724,45.05696233210788,160.40213200272171,84.87253345429802,1.1576321161261056,1.7230769230769232,0.003588053385416667
4a92e1cba581bf4c31d6,test,5,,8521.0,0.6565458684383875,1.8332242637892548,87.12967961506865,46.21011962731307,146.46508625748152,73.61635958220866,1.0506982748503697,0.9112903225806451,0.006934407552083333
4a92e1cba581bf4c31d6,test,6,,2847.0,0.744050447055371,1.7438146745392715,105.72778363189322,43.36611131896598,168.7088162978574,93.7850368809273,2.0442571127502633,1.109375,0.00231689453125
4a92e1cba581bf4c31d6,test,7,,2687.0,0.8023967831488552,1.7690083212081755,141.77893561592853,32.48181586135326,209.86304428730926,134.00223297357647,3.083364346855229,0.6410256410256411,0.0021866861979166667
4a92e1cba581bf4c31d6,test,8,,2883.0,0.7809889254550889,1.7782939494700172,121.10128338536246,35.896594974794155,188.1803676725633,109.58168574401665,4.475546305931322,0.6375,0.00234619140625
4a92e1cba581bf4c31d6,test,9,,9566.0,0.40416468076850837,1.7672440343686382,114.8772736776082,36.17335187794848,184.07819360234163,101.55226845076312,1.9783608613840686,0.5988700564971752,0.007784830729166667
4a92e1cba581bf4c31d6,test,10,,7283.0,0.8106309126912907,1.821152325693521,83.41603734724701,49.08928585023403,141.74667032816149,69.70081010572567,1.0652203762185912,1.0729166666666667,0.005926920572916667
4a92e1cba581bf4c31d6,test,11,,7678.0,0.5989930068555805,1.7745272773704341,130.83732742901796,39.36837172938358,198.70747590518363,121.06720500130243,3.1334983068507425,1.4574468085106382,0.006248372395833333
4a92e1cba581bf4c31d6,test,12,,10796.0,0.38830443551126537,1.8362003425646023,108.45368655057429,40.03206134881213,176.02713968136348,94.75175991107818,1.770192663949611,0.8920863309352518,0.008785807291666666
4a92e1cba581bf4c31d6,test,13,,11856.0,0.6066060128196731,1.8163467568760807,124.66801619433198,45.053730959737955,195.89591767881242,112.35619095816465,1.2575067476383266,0.6607142857142857,0.0096484375
4a92e1cba581bf4c31d6,test,14,,2433.0,0.7549770762184091,1.728218648943539,127.16892725030826,31.567121780699598,202.23756678997123,113.44882860665845,0.9091656391286478,1.4313725490196079,0.00197998046875
4a92e1cba581bf4c31d6,test,15,,4563.0,0.45494230705380634,1.6973619721182525,129.3291694060925,41.6745517523983,196.43304843304844,119.75695814157352,2.5603769449923295,1.5342465753424657,0.00371337890625
4a92e1cba581bf4c31d6,test,16,,10084.0,0.8121643430344965,1.831675876281881,86.93752479174931,45.818607224691924,146.81386354621182,72.9859182863943,1.6956564855216183,1.0924369747899159,0.008206380208333334
4a92e1cba581bf4c31d6,test,17,,7036.0,0.7174152680291516,1.8118560117166687,141.2114837976123,42.19074911621808,212.27259806708358,132.00028425241615,2.19457077885162,1.3157894736842106,0.005725911458333333
4a92e1cba581bf4c31d6,test,18,,14694.0,0.5324635605605654,1.761032271409193,108.43031169184701,44.53723927832994,178.06696610861576,93.85266095004764,0.8408874370491357,1.10625,0.0119580078125
4a92e1cba581bf4c31d6,test,19,,5254.0,0.4592525112333701,1.7258959529277778,138.09935287400077,37.10481182903191,208.42101256185762,128.69280548153787,2.0180814617434337,0.5379310344827586,0.004275716145833333
4a92e1cba581bf4c31d6,test,20,,5774.0,0.7531228757478153,1.7804960862899664,143.26290266712851,47.304207736515075,210.52944232767578,136.46605472809145,1.7902667128507102,1.0212765957446808,0.0046988932291666665
4a92e1cba581bf4c31d6,test,21,,5693.0,0.808509612058758,1.7654841907020722,129.5951168101177,39.13697418017271,201.47479360618303,117.8187247496926,1.6550149306165467,1.1264367816091954,0.004632975260416667
4a92e1cba581bf4c31d6,test,22,,6154.0,0.6623127276803333,1.7766543355545132,142.71514462138447,43.50408489727879,210.772830679233,135.26356841078973,2.5651608709782256,1.2359550561797752,0.005008138020833333
4a92e1cba581bf4c31d6,test,23,,5907.0,0.8106983534695459,1.7869908357301982,79.22194007110208,47.03595697744385,137.47790756729304,64.79109531064839,0.823937701032673,1.0,0.00480712890625
4a92e1cba581bf4c31d6,test,24,,10058.0,0.6788137132530347,1.8391660288967635,75.04464108172598,51.419750575723974,126.77649632133625,62.886060847086895,1.9154901570888845,1.4059405940594059,0.008185221354166666
4a92e1cba581bf4c31d6,test,25,,13211.0,0.8248217621385503,1.8576553771803364,79.8218151540383,54.78989158211661,136.72333661342822,66.05873892967982,1.4609037922943002,1.08,0.010751139322916667
4a92e1cba581bf4c31d6,test,26,,5793.0,0.8157197852706369,1.7616381028848849,100.19161056447436,41.977527037169516,172.34455377179356,82.8246159157604,0.38719143794234423,0.7102803738317757,0.00471435546875
4abaf032fe3785dfcb92,test,1,,13085.0,0.45703709596318326,1.7889356867628083,110.57401604891096,46.78403749920792,180.94558654948415,95.92097821933511,1.442567825754681,1.8,0.010648600260416667
4abaf032fe3785dfcb92,test,2,,5293.0,0.7641173029527549,1.7571343415996188,109.48894766672964,47.64154406446246,180.99773285471377,94.29113924050633,0.20612129227281314,1.1341463414634145,0.004307454427083334
4abaf032fe3785dfcb92,test,3,,7030.0,0.6880984652522928,1.8005015689194794,110.19615931721195,35.910558435580924,183.89103840682787,93.9597439544808,0.4317211948790896,1.302325581395349,0.005721028645833333
4abaf032fe3785dfcb92,test,4,,24259.0,0.2597674670531835,1.796851877877616,117.30627808236119,44.751218982162555,189.24465146955768,103.20680984376932,1.2173214064883136,1.3297872340425532,0.019742024739583332
4abaf032fe3785dfcb92,test,5,,10914.0,0.8536135725451516,1.8939040832756513,128.07155946490747,41.710066214380646,198.753527579256,116.68609125893347,1.2590251053692505,1.0530973451327434,0.0088818359375
4abaf032fe3785dfcb92,test,6,,21632.0,0.30620731214678343,1.7755603860860436,125.42071930473372,38.4267896113848,200.38355214497042,111.38295118343196,1.073594674556213,1.1359223300970873,0.017604166666666667
4abaf032fe3785dfcb92,test,7,,38900.0,0.22584035976176559,1.6828174467471917,128.54182519280207,42.26849694749986,200.90614395886888,116.29740359897173,1.7745244215938303,1.2328767123287672,0.031656901041666664
4abaf032fe3785dfcb92,test,8,,12796.0,0.6039106283929568,1.8285776998728118,124.63605814316973,46.89906899850902,192.7092060018756,113.58533916849015,2.9698343232260083,1.6571428571428573,0.010413411458333334
4abaf032fe3785dfcb92,test,9,,10322.0,0.8207264104103663,1.838536590463895,101.1264289866305,39.81522913957641,170.57450106568496,85.0931021119938,1.5749854679325712,0.7753623188405797,0.008400065104166667
4abaf032fe3785dfcb92,test,10,,9808.0,0.7682656813732917,1.8724991815788714,112.64569738988581,45.84880308730117,179.2877243066884,100.34502446982056,1.1996329526916802,0.9669421487603306,0.007981770833333334
4abaf032fe3785dfcb92,test,11,,36434.0,0.4707013991860062,1.8013810553253256,122.24570456167316,49.840746122036684,192.06104188395454,110.10844266344623,1.5902179283087226,1.645,0.029650065104166668
4abaf032fe3785dfcb92,test,12,,10288.0,0.7236444866161276,1.831396424247868,131.36061430793157,39.74806953766425,203.08582814930014,120.13627527216174,0.9592729393468118,0.8394160583941606,0.008372395833333334
4abaf032fe3785dfcb92,test,13,,6041.0,0.8453753325579575,1.7938714704043641,115.9867571594107,40.908769063480136,186.7344810461844,102.11620592617116,1.82949842741268,1.1162790697674418,0.004916178385416667
4abaf032fe3785dfcb92,test,14,,7069.0,0.8334269019434295,1.8024387700147628,90.35733484226907,46.74675011710768,154.57589475173293,75.00778044985147,0.9687367378695714,1.0594059405940595,0.005752766927083333
4abaf032fe3785dfcb92,test,15,,11565.0,0.7835266674310054,1.8393393518127659,102.02948551664505,48.08074968989831,172.694336359706,85.78261997405966,0.3565931690445309,1.6185567010309279,0.00941162109375
4c5ce1fe4144a31bdbda,test,1,,6743.0,0.8446382407027083,1.7903668438447777,103.50155717039893,35.462281992454606,160.2163725344802,94.13792080676257,3.2012457363191458,0.7904761904761904,0.005487467447916667
4c5ce1fe4144a31bdbda,test,2,,3053.0,0.7939422733297199,1.8065025765009621,130.7104487389453,41.99448607873547,189.9217163445791,125.0789387487717,4.488044546347854,1.4181818181818182,0.0024845377604166665
4c5ce1fe4144a31bdbda,test,3,,3911.0,0.7203851896295546,1.6810567649971548,141.52697519815905,23.597704884502132,204.1774482229609,136.62464842751214,2.5118895423165433,0.922077922077922,0.0031827799479166668
4c5ce1fe4144a31bdbda,test,4,,18640.0,0.5117350261696552,1.8175921867259959,125.79527896995708,39.97650516036062,188.0670600858369,117.86571888412017,3.4270922746781114,0.9365079365079365,0.015169270833333333
4c5ce1fe4144a31bdbda,test,5,,35517.0,0.24131686982502035,1.7834318889561274,133.96880367148125,35.402093991567114,194.42852718416532,128.42264267815412,4.035757524565701,1.3647540983606556,0.02890380859375
4c5ce1fe4144a31bdbda,test,6,,10520.0,0.6780679445279711,1.884660972674734,139.32186311787072,32.01324608729802,206.58155893536122,131.39971482889734,3.833460076045627,1.1150442477876106,0.008561197916666667
4c5ce1fe4144a31bdbda,test,7,,64599.0,0.2612353627212387,1.7968949274761572,117.43130698617625,38.83044764777453,181.30246598244554,107.24794501462871,2.532717224724841,1.6419354838709677,0.05257080078125
4c5ce1fe4144a31bdbda,test,8,,14150.0,0.48520476854797,1.7204515302350927,138.1878445229682,35.53046441737489,201.42042402826854,132.39484098939928,2.3467137809187277,1.0119047619047619,0.011515299479166666
4c5ce1fe4144a31bdbda,test,9,,53731.0,0.8020083015124638,1.8792057105107622,70.90463605739703,45.75350531990333,121.06258956654445,58.92737898047682,1.2440490592023228,0.9011406844106464,0.04372639973958333
4c5ce1fe4144a31bdbda,test,10,,34741.0,0.40991638645983214,1.8241314630090142,133.51768803431105,41.60882101641924,197.35194726691805,126.40879652284045,2.8378285023459315,1.2334801762114538,0.028272298177083332
4c5ce1fe4144a31bdbda,test,11,,8327.0,0.7188202741142219,1.8308630722773296,136.91341419478803,42.42066970996923,199.69869100516394,130.8791881830191,3.4322084784436173,1.01,0.006776529947916667
4c5ce1fe4144a31bdbda,test,12,,5168.0,0.5656010150882598,1.7388227574784783,155.1609907120743,23.51143444120086,219.91466718266253,151.42163312693498,4.639125386996904,0.6296296296296297,0.004205729166666667
4c5ce1fe4144a31bdbda,test,13,,8121.0,0.41646168640512865,1.774419456841626,132.20563969954438,47.31863681665137,193.67922669621967,125.7550794237163,4.272626523827115,1.1946902654867257,0.00660888671875
4c5ce1fe4144a31bdbda,test,14,,7975.0,0.5256177738771138,1.907043298433174,134.7620062695925,39.51742806332129,199.1537304075235,127.72,2.299561128526646,2.6507936507936507,0.006490071614583333
4c5ce1fe4144a31bdbda,test,15,,9900.0,0.5879168572453815,1.8778778818794744,146.93555555555557,27.828135759386996,211.72434343434344,141.9659595959596,2.66020202020202,1.0413223140495869,0.008056640625
4e973d8d8ac5cb3a8add,test,1,,2386.0,0.7292472836800888,1.847101649767054,159.51005867560772,37.787324844984674,218.95431684828165,157.40821458507963,14.448449287510478,0.7903225806451613,0.0019417317708333333
4e973d8d8ac5cb3a8add,test,2,,89282.0,0.26282103770905024,1.8095760513547698,143.00984520956072,47.23859373056068,201.27249613583925,138.73406733720122,12.21115118388925,1.1148325358851674,0.07265787760416667
4e973d8d8ac5cb3a8add,test,3,,38778.0,0.42540186561337645,1.8230179241759088,115.84741348187116,40.63133346705797,167.2252823766053,110.43029552839239,8.912862963536025,2.392638036809816,0.0315576171875
4e973d8d8ac5cb3a8add,test,4,,8312.0,0.5975017482207952,1.8414455925606854,146.43527430221366,33.68404541459669,205.67829643888354,142.1325794032724,13.147978825794032,1.1441441441441442,0.006764322916666667
4e973d8d8ac5cb3a8add,test,5,,171655.0,0.3960599138092357,1.8673309229693023,118.3864961696426,39.46945923243132,169.39835716990476,113.5046109929801,9.734275144912761,0.7687400318979266,0.13969319661458332
4e973d8d8ac5cb3a8add,test,6,,7100.0,0.6234127152399439,1.72295722996978,175.30464788732394,23.878194562827442,233.26281690140846,177.37197183098593,12.653380281690142,1.8333333333333333,0.005777994791666667
4e973d8d8ac5cb3a8add,test,7,,2686.0,0.7081175376220327,1.8801763643116478,191.3566641846612,11.809046529551672,241.28704393149664,197.84177215189874,26.9385703648548,1.0,0.0021858723958333333
4e973d8d8ac5cb3a8add,test,8,,17363.0,0.5265747392935821,1.819894185596102,107.56493693486149,37.798975041317725,156.53170535045788,102.02361343085872,7.6862293382479985,1.1383647798742138,0.014130045572916666
4e973d8d8ac5cb3a8add,test,9,,7173.0,0.6352352637537747,1.8163690006701565,159.73902132998745,46.36253205587821,213.3227380454482,159.4674473720898,20.54509967935313,0.7338709677419355,0.00583740234375
4e973d8d8ac5cb3a8add,test,10,,3327.0,0.7620697139849535,1.8342505465007626,169.9921851517884,13.960545943693294,230.53381424706944,168.9077246768861,16.65795010519988,0.8591549295774648,0.00270751953125
4e973d8d8ac5cb3a8add,test,11,,3056.0,0.5541285252716169,1.7335239945194039,156.29090314136127,43.630215177207944,218.35078534031413,153.00719895287958,10.460732984293193,2.4047619047619047,0.002486979166666667
4e973d8d8ac5cb3a8add,test,12,,1126.0,0.7462596066110376,1.8402120976453658,144.71314387211368,10.269734521011433,193.53463587921848,145.21758436944938,14.050621669626999,0.7111111111111111,0.0009163411458333334
4e973d8d8ac5cb3a8add,test,13,,2132.0,0.7388269385844745,1.8335287067279655,160.06472795497186,12.13095113315665,219.01125703564728,158.2903377110694,14.420731707317072,1.3555555555555556,0.0017350260416666666
4e973d8d8ac5cb3a8add,test,14,,3218.0,0.4566529652879138,1.715910112676806,150.25326289620884,36.22777963125035,206.36047234307023,147.41236793039155,17.625233064014918,1.1971830985915493,0.0026188151041666666
505fc68abf3b923c3bd8,test,1,,23237.0,0.32397591865792547,1.7899923451715958,134.79351895683607,42.08937699985538,208.63278392219306,123.18724448078495,0.8296251667599087,0.9433962264150944,0.018910319010416666
505fc68abf3b923c3bd8,test,2,,37422.0,0.28868391559270407,1.779732468809465,124.76206509539843,42.36867130751584,195.3322377211266,112.86724386724387,0.8799636577414355,2.2670454545454546,0.0304541015625
505fc68abf3b923c3bd8,test,3,,24810.0,0.3534048396371011,1.8031484309552972,111.28536880290206,48.24308309029443,181.20092704554614,97.11225312374043,0.86062071745264,1.1368421052631579,0.0201904296875
505fc68abf3b923c3bd8,test,4,,4851.0,0.7233045021699432,1.8540804929326362,92.22284065141208,58.38121033617408,150.50608122036692,80.38136466707896,0.4260977118119975,0.5596330275229358,0.00394775390625
505fc68abf3b923c3bd8,test,5,,37769.0,0.34443394746108663,1.8212705257144604,104.75498424633959,48.01591557039853,175.22118668749505,89.03627313405174,0.8752680769943605,0.7022653721682848,0.030736490885416665
505fc68abf3b923c3bd8,test,6,,17058.0,0.3461761442992717,1.8106779053482642,133.35338257708992,34.30810839192241,211.6306718255364,119.37038339781921,0.026087466291476142,0.30716723549488056,0.0138818359375
505fc68abf3b923c3bd8,test,7,,13617.0,0.623027866871008,1.7080997119186878,102.99170154953367,46.930665205010584,169.64889476389806,88.83197473746053,1.0491297642652566,1.210144927536232,0.01108154296875
505fc68abf3b923c3bd8,test,8,,146221.0,0.24207757168415556,1.768616197239654,105.21837492562628,44.714075657499414,180.06853324761832,87.51346249854672,0.05904076705808331,1.103448275862069,0.11899495442708333
505fc68abf3b923c3bd8,test,9,,35996.0,0.46916579296569283,1.718083019043266,132.2916990776753,52.026338446997,204.84845538393154,120.92988109789977,0.4775252805867319,1.025925925925926,0.029293619791666666
505fc68abf3b923c3bd8,test,10,,114167.0,0.5710915886264851,1.8655187679677492,120.10406684943986,51.60552244016291,189.21284609388002,108.1621396725849,0.2629043418851332,0.6588983050847458,0.09290934244791667
505fc68abf3b923c3bd8,test,11,,64101.0,0.3767844775996196,1.861579472981617,132.89015771984836,43.14936719981412,205.69482535373862,121.58449946178686,0.10826664170605763,2.074235807860262,0.05216552734375
50f6c6ae334ad7f45442,test,1,,1134.0,0.7559694022714402,1.6462809854721714,136.7231040564374,14.127070548674705,187.94620811287479,134.20987654320987,15.130511463844798,1.5757575757575757,0.0009228515625
50f6c6ae334ad7f45442,test,2,,12154.0,0.5615814908571187,1.8356592905404516,132.50584169820635,57.91050252659663,180.2804837913444,130.09058746091821,19.62687181174922,0.5614973262032086,0.009890950520833334
50f6c6ae334ad7f45442,test,3,,8362.0,0.7147718407334317,1.838680462801772,147.72530495096868,39.242138966138064,204.54281272422864,145.02726620425736,12.654388902176512,0.8278688524590164,0.006805013020833334
50f6c6ae334ad7f45442,test,4,,12017.0,0.5457357194133357,1.8301110468517487,106.46301073479238,38.89113113005526,154.56669717899644,100.63901140051594,10.326287759008071,0.6727272727272727,0.009779459635416666
50f6c6ae334ad7f45442,test,5,,15763.0,0.5330901677583174,1.7422586652398055,104.2372010404111,49.542598638210364,153.30330520839942,98.28509801433738,6.229144198439383,1.0363636363636364,0.012827962239583334
50f6c6ae334ad7f45442,test,6,,100.0,0.7042190145259453,1.6609640474436789,152.11,24.315384019176008,208.09,149.87,16.5,2.4285714285714284,8.138020833333333e-05
50f6c6ae334ad7f45442,test,7,,5821.0,0.7826212013951879,1.782141118343622,137.93300120254253,25.34856428814785,194.26610548015805,134.06201683559524,10.020958598179007,1.0459770114942528,0.004737141927083333
50f6c6ae334ad7f45442,test,8,,10481.0,0.7356746804726201,1.8424804120642415,94.89896002289858,42.675060245709446,143.7879973284992,87.17202557007919,6.539547753076996,1.075,0.008529459635416667
50f6c6ae334ad7f45442,test,9,,1602.0,0.6616798513897029,1.7475873969592066,153.78464419475657,24.600740707350795,213.34519350811485,150.31023720349563,15.358302122347066,0.9215686274509803,0.0013037109375
50f6c6ae334ad7f45442,test,10,,4543.0,0.8111285349081967,1.719712391787632,148.6748844375963,38.67470688633121,202.57825225621835,147.46467092229804,13.525423728813559,0.9102564102564102,0.003697102864583333
50f6c6ae334ad7f45442,test,11,,1193.0,0.8112385663859476,1.7426881351378234,162.61609388097233,15.891611366278623,218.6663872590109,161.25733445096395,22.563285834031852,1.0810810810810811,0.0009708658854166666
50f6c6ae334ad7f45442,test,12,,864.0,0.5951123196360459,1.696920662296422,140.65277777777777,11.44136791172096,190.14814814814815,140.08449074074073,13.525462962962964,0.33962264150943394,0.000703125
50f6c6ae334ad7f45442,test,13,,2830.0,0.8031484464074868,1.8797518163191949,141.42544169611307,31.374810225365447,198.45759717314488,137.77420494699646,10.598939929328623,1.1090909090909091,0.0023030598958333334
50f6c6ae334ad7f45442,test,14,,6226.0,0.5717342969109547,1.8479034681643247,113.57227754577578,32.010132247651065,162.63074204946997,108.7619659492451,9.638933504657887,2.389830508474576,0.0050667317708333335
50f6c6ae334ad7f45442,test,15,,82968.0,0.19299062362019606,1.7699116862554942,120.45735705332176,57.62131529557058,174.05361103075884,115.14439301899527,7.320593481824318,1.5681159420289854,0.06751953125
50f6c6ae334ad7f45442,test,16,,1063.0,0.8325342782874421,1.8589290488063548,160.10253998118532,9.083796328132744,216.71683913452492,158.55973659454375,19.366886171213547,0.7045454545454546,0.0008650716145833334
50f6c6ae334ad7f45442,test,17,,4303.0,0.8498056510707197,1.7573236142077187,165.4090169649082,6.729322831000921,223.1942830583314,164.3474320241692,19.207762026493143,1.1944444444444444,0.0035017903645833334
50f6c6ae334ad7f45442,test,18,,7000.0,0.4741570688222172,1.6226431152807426,146.90328571428572,9.132903813203361,197.2292857142857,146.11957142857142,18.738142857142858,1.0232558139534884,0.005696614583333333
50f6c6ae334ad7f45442,test,19,,1038.0,0.7651209814879684,1.7588645276215529,133.009633911368,25.502198772952678,179.50867052023122,131.6974951830443,17.63583815028902,1.7241379310344827,0.0008447265625
50f6c6ae334ad7f45442,test,20,,1512.0,0.898260478163869,1.7425816071492084,161.34259259259258,15.860097201012156,219.75198412698413,159.43783068783068,17.811507936507937,1.0909090909090908,0.00123046875
51b72e8154398099c04f,test,1,,23038.0,0.463857683011916,1.842416363618961,96.45967531903811,45.19675232387332,137.71573053216426,91.54844170500911,13.541409844604566,1.4331210191082802,0.018748372395833334
51b72e8154398099c04f,test,2,,7957.0,0.6560811943797534,1.8356661285684543,116.55963302752293,33.11845545551998,162.39688324745507,112.50848309664447,17.147291692849063,1.2376237623762376,0.006475423177083333
51b72e8154398099c04f,test,3,,19672.0,0.7506975497797951,1.8316397016707973,113.11117324115494,44.91530135326734,169.3955876372509,103.86778161854413,13.126982513216754,1.1655629139072847,0.016009114583333334
51b72e8154398099c04f,test,4,,14741.0,0.6734840580887529,1.8765816560431539,117.75781832982837,72.62331732169247,161.6205142120616,114.92062953666644,17.35275761481582,0.6607142857142857,0.011996256510416666
51b72e8154398099c04f,test,5,,7775.0,0.7373784756147402,1.837963219975099,105.52334405144694,45.6960903195158,150.56810289389068,100.15498392282959,14.96,0.8260869565217391,0.006327311197916667
51b72e8154398099c04f,test,6,,11005.0,0.5645884116633627,1.8501999792799526,118.45161290322581,32.258256882661314,166.8798727850977,113.85879145842799,14.961472058155383,1.308411214953271,0.008955891927083333
51b72e8154398099c04f,test,7,,12866.0,0.5157615182954647,1.8488771751138833,137.8488263640603,37.53077494370282,194.30693300170992,132.59793253536452,16.7247007616975,0.8333333333333334,0.010470377604166666
51b72e8154398099c04f,test,8,,5523.0,0.5582069442674413,1.8852393233744658,150.3119681332609,25.631278275178268,199.64620677168205,149.0581205866377,27.2656165127648,2.0483870967741935,0.00449462890625
51b72e8154398099c04f,test,9,,1756.0,0.5341369381035203,1.8377949206544126,161.7995444191344,47.44286480815368,216.37813211845102,160.7608200455581,23.963553530751707,2.53125,0.0014290364583333334
51b72e8154398099c04f,test,10,,4943.0,0.7515960872213926,1.7973698255851343,183.87173781104593,6.495157345312024,238.65850697956705,184.8810439004653,34.787983006271496,1.0740740740740742,0.004022623697916667
51b72e8154398099c04f,test,11,,1022.0,0.6436564511646602,1.7469443844824013,170.65851272015655,7.795190256458038,229.36497064579257,169.46183953033267,22.682974559686887,2.28,0.0008317057291666667
556306b3ce2964526e6f,test,1,,184646.0,0.15105183764732155,1.7814723474633039,125.07272835588098,47.36600759822759,185.29187201455758,117.37383967158779,6.817764804003336,1.0492845786963434,0.15026529947916667
556306b3ce2964526e6f,test,2,,20593.0,0.5061915178015385,1.7741085639912884,116.55630554071772,38.49893084977561,165.64798718010974,112.59350264653037,8.182246394405865,0.549800796812749,0.016758626302083333
556306b3ce2964526e6f,test,3,,16078.0,0.5774173209068937,1.7509784481732922,108.2933822614753,53.648070856715194,156.45304142306256,102.83082472944396,10.127503420823485,1.4148148148148147,0.013084309895833333
556306b3ce2964526e6f,test,4,,29644.0,0.610145800421676,1.8110020131673021,124.86236675212523,43.07135117308497,186.75728646606396,116.06132775603832,7.86007286466064,0.6856060606060606,0.024124348958333333
556306b3ce2964526e6f,test,5,,8956.0,0.38147496484640486,1.6775454978495044,112.55951317552478,45.78801534468072,160.06174631531934,108.26563197856186,10.08452434122376,1.1705426356589148,0.007288411458333333
556306b3ce2964526e6f,test,6,,23926.0,0.4767249310945542,1.7987899559326002,114.67587561648416,42.82413772069165,165.81150213157235,109.14808158488674,8.975340633620329,1.028436018957346,0.019471028645833333
556306b3ce2964526e6f,test,7,,18279.0,0.5056198326084997,1.7629794203704021,124.19393839925597,35.63984052025084,184.394496416653,116.30280649926145,6.92669183215712,1.1929824561403508,0.01487548828125
556306b3ce2964526e6f,test,8,,12894.0,0.6534111597346143,1.7349863949084772,163.16666666666666,31.74712599259369,224.00953932061424,162.12028850628198,8.967349154645571,0.8303030303030303,0.0104931640625
556306b3ce2964526e6f,test,9,,9320.0,0.5032986128658088,1.859830372971544,164.12575107296138,27.88316484810537,218.82242489270385,164.37778969957083,19.299570815450643,1.3482142857142858,0.007584635416666667
556306b3ce2964526e6f,test,10,,1541.0,0.7934311305004739,1.7510101496288257,149.38935756002596,25.910773686501244,213.0655418559377,143.9733939000649,10.170668397144711,1.0666666666666667,0.0012540690104166667
556306b3ce2964526e6f,test,11,,51565.0,0.22041294530364997,1.771915223539666,117.52396005042179,38.89021003894204,174.92110927955008,109.93284204402211,6.082323281295452,0.9556213017751479,0.04196370442708333
556306b3ce2964526e6f,test,12,,9681.0,0.3432554821289888,1.6806729217399154,123.88647866955893,38.86877884383365,182.90093998553868,116.58093172192956,6.701063939675653,0.9423076923076923,0.00787841796875
556306b3ce2964526e6f,test,13,,852.0,0.8108136566290189,1.774006683039532,189.65845070422534,9.527548958099263,245.20774647887325,194.3767605633803,19.295774647887324,1.5,0.000693359375
556306b3ce2964526e6f,test,14,,1410.0,0.7346929048048816,1.7077736938022354,158.1872340425532,23.996550730457255,220.75460992907801,154.06312056737588,15.290070921985816,0.559322033898305,0.0011474609375
556306b3ce2964526e6f,test,15,,1143.0,0.7417587152503463,1.725799477330888,186.4278215223097,10.103306946972047,244.7707786526684,190.6045494313211,11.779527559055119,1.3714285714285714,0.00093017578125
556306b3ce2964526e6f,test,16,,357.0,0.6532550904865513,1.7750595646715028,189.11764705882354,22.689171075636988,249.23529411764707,193.65826330532212,7.991596638655462,2.2666666666666666,0.00029052734375
556306b3ce2964526e6f,test,17,,2854.0,0.8644935850375465,1.7830287634644606,125.02627890679747,23.46316970369723,175.2049754730203,122.13524877365101,8.214435879467414,1.2181818181818183,0.0023225911458333334
556306b3ce2964526e6f,test,18,,1427.0,0.853448890758154,1.725040250983951,166.30343377715488,12.085006468414495,229.46601261387525,164.02522775052557,12.169586545199719,0.9565217391304348,0.0011612955729166667
561efe3de4a79e142d92,test,1,,27192.0,0.40012203265345464,1.7619132193790847,118.70803912915564,41.46921638658259,189.16821123859958,105.57535304501324,1.5087893498087672,2.0340136054421767,0.02212890625
561efe3de4a79e142d92,test,2,,15600.0,0.47099992343426356,1.7196334658293841,141.5198717948718,42.87103337391888,214.6002564102564,131.6801282051282,0.48762820512820515,1.536764705882353,0.0126953125
561efe3de4a79e142d92,test,3,,44923.0,0.2725318143419815,1.7530358878623291,137.75190882176167,40.17998042073179,210.3999287670013,127.23820759967055,1.2880039178149278,1.25,0.036558430989583335
561efe3de4a79e142d92,test,4,,19368.0,0.37083044131633713,1.755328216876238,93.90097067327551,44.90013821007844,159.47242874845105,78.54068566707971,0.9791924824452706,0.8362068965517241,0.01576171875
561efe3de4a79e142d92,test,5,,25399.0,0.6501041147266348,1.8276145245017237,52.37993621796134,53.023632051632916,92.82007165636442,41.88149139729911,0.25260837040828377,1.065934065934066,0.020669759114583332
561efe3de4a79e142d92,test,6,,9972.0,0.7528237638299597,1.78769993280246,110.49568792619334,38.31388458461998,179.6783995186522,96.51143200962696,0.9742278379462495,1.3269230769230769,0.008115234375
561efe3de4a79e142d92,test,7,,35467.0,0.24261671912290952,1.8027301331731973,121.43355795528238,54.57529375713344,188.00005639044747,110.93588406124003,0.8503961428933938,1.7085427135678393,0.028863118489583332
561efe3de4a79e142d92,test,8,,7585.0,0.5373635284882948,1.7694951909562133,137.60237310481213,36.855785790660896,212.53025708635465,126.05418589321029,0.532762030323006,0.8549618320610687,0.006172688802083334
561efe3de4a79e142d92,test,9,,13669.0,0.4307655769507004,1.7889172916231308,108.85492720754993,46.43225022124314,174.93284073450874,96.21223205794132,0.6147487014412174,1.826086956521739,0.011123860677083333
561efe3de4a79e142d92,test,10,,7101.0,0.7683262244023652,1.8133009216823102,98.07421489930995,57.01169580438289,157.68511477256723,86.60329531051964,0.8470637938318547,1.03125,0.00577880859375
56780da53f3d98eae11f,test,1,,3323.0,0.7414270389279178,1.8138387157264597,147.08125188083056,38.29641139175656,220.69365031597954,137.87962684321397,1.2876918447186279,1.4126984126984128,0.0027042643229166666
56780da53f3d98eae11f,test,2,,28681.0,0.6537500726975112,1.8133450845759638,152.33914438129773,50.18959838603234,219.08695652173913,146.80548098044002,5.746626686656672,1.643312101910828,0.023340657552083335
56780da53f3d98eae11f,test,3,,13117.0,0.5547875975105051,1.862741777436245,108.60654112983151,55.0092497844574,175.8341846458794,95.17511626134025,1.464206754593276,1.5,0.010674641927083334
56780da53f3d98eae11f,test,4,,61634.0,0.2205301022789736,1.7893722557484852,141.0205243858909,48.783782813863475,210.7743453288769,132.38754583509103,2.518642307817114,0.631578947368421,0.050157877604166665
56780da53f3d98eae11f,test,5,,37921.0,0.2841702565163282,1.812156607102955,155.54761214103004,38.40686004762488,226.65283088526147,149.04145460299043,2.510271353603544,0.576271186440678,0.030860188802083334
56780da53f3d98eae11f,test,6,,4227.0,0.6997291903355912,1.7134097534891983,153.33522592855454,37.534061448682955,223.12136266855927,147.00638750887154,2.8717766737638986,0.9195402298850575,0.00343994140625
56780da53f3d98eae11f,test,7,,42145.0,0.8666313987387188,1.8960369621010151,130.3359829161229,56.447024853641004,195.23234072843755,122.06306797959425,2.703096452722743,1.0881057268722467,0.03429768880208333
56780da53f3d98eae11f,test,8,,52368.0,0.30480456386445554,1.7467795704534004,137.48701497097463,49.81006683761153,205.24190345249008,129.13599908340973,2.7619347693247787,0.9032258064516129,0.0426171875
56780da53f3d98eae11f,test,9,,9609.0,0.34701391303908863,1.7885530355798611,142.50296596940368,41.889330534651194,210.0795087938391,135.31897179727338,2.1878447288999894,2.036363636363636,0.00781982421875
56780da53f3d98eae11f,test,10,,30527.0,0.36518889331953297,1.834190124170985,138.10852687784583,44.38528408007241,204.66593507386904,130.39853244668654,3.1992334654568086,1.0675105485232068,0.024842936197916665
56780da53f3d98eae11f,test,11,,7390.0,0.8112701137407274,1.8142261721127197,120.5764546684709,57.128021727137856,183.20568335588632,111.48443843031123,3.13234100135318,1.2934782608695652,0.006013997395833333
56780da53f3d98eae11f,test,12,,25934.0,0.36868037199433185,1.7794384440201052,143.55344335621191,49.978443501360715,210.65072877303925,136.58490784298604,3.433793475746125,0.6439169139465876,0.021105143229166668
56780da53f3d98eae11f,test,13,,30247.0,0.47932999457053554,1.804291736571413,116.74364399775185,52.7837717971382,180.44635831652727,106.44285383674413,2.6807286673058486,1.783132530120482,0.024615071614583334
56780da53f3d98eae11f,test,14,,21617.0,0.5672108977146187,1.7930601349375608,137.0947402507286,46.45137867830366,201.47828098256002,130.22954156450942,3.5429523060554193,1.0659898477157361,0.017591959635416668
56780da53f3d98eae11f,test,15,,7617.0,0.6104907687686281,1.729168778071672,173.3476434291716,38.265092903780534,235.9887094656689,174.4843114086911,3.200078771169752,2.2794117647058822,0.00619873046875
56780da53f3d98eae11f,test,16,,29298.0,0.670653516851991,1.8286621745300236,145.4115980613011,45.38152504992547,213.63181787152706,138.28626527408014,3.135469997952079,0.9906103286384976,0.0238427734375
57dbe5047372436023db,test,1,,656532.0,0.23170003784816448,1.9127359674371118,88.1863047041119,46.96245954239091,147.6656613843651,74.75384292007092,1.3424570317973838,1.0801733477789817,0.534287109375
57dbe5047372436023db,test,2,,5888.0,0.5262193056247092,1.814567281336538,68.01477581521739,44.80829810681982,120.75917119565217,54.29025135869565,0.38552989130434784,0.37037037037037035,0.004791666666666666
5b10297d142b5e7e56db,test,1,,40415.0,0.39973223740482255,1.8246212182699886,76.50852406284795,31.875249694348813,121.72658666336756,67.8830879623902,2.438030434244711,1.3232758620689655,0.03288981119791667
5b10297d142b5e7e56db,test,2,,4468.0,0.64954205169103,1.7560603817178624,115.2538048343778,24.130493239167148,173.02820053715308,107.35250671441361,4.4272605192479855,1.5070422535211268,0.003636067708333333
5b10297d142b5e7e56db,test,3,,25621.0,0.38608310636921833,1.8037490347516423,91.14698879825143,34.27287626147149,141.49014480309123,82.62487802974123,3.0543694625502518,1.0462962962962963,0.020850423177083334
5b10297d142b5e7e56db,test,4,,11009.0,0.618454950502653,1.8202198202807456,71.63657007902626,33.021815040789036,110.9662094649832,65.03006630938323,2.632936688164229,0.9844961240310077,0.008959147135416666
5b10297d142b5e7e56db,test,5,,1802.0,0.39921166835081495,1.6625707198278623,129.81243063263042,23.67269651393243,192.007769145394,122.67813540510544,3.5782463928967814,2.13953488372093,0.0014664713541666667
5b10297d142b5e7e56db,test,6,,2895.0,0.8640140965518626,1.8856377649364564,111.35440414507772,37.00924769531406,166.93816925734023,104.0811744386874,3.15440414507772,1.0166666666666666,0.00235595703125
5b10297d142b5e7e56db,test,7,,3775.0,0.8477663108559084,1.7271793564287503,99.73006622516556,37.47130270601331,155.13456953642384,90.2646357615894,3.297748344370861,1.1818181818181819,0.0030721028645833335
5b10297d142b5e7e56db,test,8,,1495.0,0.8034700545307517,1.7145030907008887,162.3638795986622,14.587850570931206,225.2468227424749,160.80602006688963,5.488963210702341,1.2820512820512822,0.0012166341145833333
5b10297d142b5e7e56db,test,9,,3907.0,0.6938517478379207,1.814420183298017,131.87304837471206,39.0692226003122,192.46429485538778,125.78500127975428,4.3844381878679295,1.5625,0.0031795247395833334
5b10297d142b5e7e56db,test,10,,7513.0,0.3985770441257181,1.7411244643069426,154.9869559430321,39.81309441102155,213.74324504192734,154.18980433914547,5.106482097697325,0.5208333333333334,0.006114095052083333
5b10297d142b5e7e56db,test,11,,32025.0,0.19931154908291823,1.7955353924786355,139.56505854800938,37.3438167088758,200.31250585480095,134.64078064012492,5.681530054644809,1.6542553191489362,0.02606201171875
5b10297d142b5e7e56db,test,12,,3406.0,0.8349616258557887,1.7938085578225036,130.9718144450969,37.74867165919464,189.30299471520846,125.16441573693483,7.961244862008221,1.125,0.0027718098958333334
5b10297d142b5e7e56db,test,13,,5897.0,0.8263322378532258,1.7887406942010047,112.35594370018653,37.32885057602227,168.6689842292691,104.31388841783958,6.104968628115992,1.043956043956044,0.004798990885416667
5b10297d142b5e7e56db,test,14,,6089.0,0.7545207246313339,1.7711560354919167,94.48628674659221,36.234331377801695,138.60732468385612,89.31910001642306,5.460338314994252,0.8585858585858586,0.004955240885416667
5b10297d142b5e7e56db,test,15,,5450.0,0.6932560737814346,1.810400060542731,97.9343119266055,33.23196340120505,145.28036697247705,91.99100917431193,4.388623853211009,1.2727272727272727,0.004435221354166667
5b10297d142b5e7e56db,test,16,,6678.0,0.5582800075672218,1.7864927842724216,115.46001796945193,33.3674327489192,170.21039233303384,108.74693021862834,6.3617849655585506,0.6610169491525424,0.0054345703125
5b10297d142b5e7e56db,test,17,,15138.0,0.4135136943011231,1.7265241060805814,87.19170299907518,36.01790089238861,133.68364381027877,79.70313119302418,3.8918615404941206,0.9080459770114943,0.0123193359375
5f5bbf14c194e1f30f27,test,1,,10028.0,0.289015287808961,1.718806890935084,142.23474272038294,40.132239794025246,186.44276027124053,142.3577981651376,25.632628639808537,0.3179916317991632,0.008160807291666667
5f5bbf14c194e1f30f27,test,2,,85946.0,0.18883828756320892,1.7959329935342327,107.61680590137993,45.352312167074,149.4094198682894,103.83324413003514,17.492704721569357,1.1113744075829384,0.06994303385416667
5f5bbf14c194e1f30f27,test,3,,8247.0,0.580035880419831,1.8093613608005592,119.1435673578271,30.980313114700685,156.10888808051413,118.78101127682794,23.943130835455317,0.6258503401360545,0.00671142578125
5f5bbf14c194e1f30f27,test,4,,18090.0,0.48255604080327774,1.7865143167465023,95.88689883913764,48.342595667106316,137.3186843559978,90.73537866224433,13.73167495854063,1.435374149659864,0.0147216796875
5f5bbf14c194e1f30f27,test,5,,4704.0,0.6783539583368366,1.8592446273042382,113.34821428571429,50.85243094686607,156.64200680272108,109.4109268707483,20.015731292517007,0.6237623762376238,0.003828125
5f5bbf14c194e1f30f27,test,6,,57290.0,0.3640107054084752,1.849421274046048,98.27434107174027,43.83705033069861,138.6186419968581,93.91733286786524,14.89223250130913,2.517766497461929,0.04662272135416667
5f5bbf14c194e1f30f27,test,7,,55865.0,0.2869283402839893,1.7550638934861313,142.97590620245234,50.066472518553375,190.53709836212298,141.6429965094424,25.045466750201378,1.2018927444794953,0.04546305338541667
5f5bbf14c194e1f30f27,test,8,,34689.0,0.48548064158009857,1.8083907433024158,111.54097840814092,44.18831155676636,156.31136671567356,107.05880826775058,17.167142321773472,1.5435897435897437,0.02822998046875
5f5bbf14c194e1f30f27,test,9,,1122.0,0.7679630486832218,1.73599971500793,173.22727272727272,21.382624208739667,220.19964349376113,173.3440285204991,49.21212121212121,1.2857142857142858,0.0009130859375
5f5bbf14c194e1f30f27,test,10,,90929.0,0.20384182258383607,1.747490319542428,142.32202047751542,51.06901762657514,190.29411958781026,140.58404909324858,25.425881731900713,2.3489208633093526,0.07399820963541667
5f5bbf14c194e1f30f27,test,11,,34707.0,0.4368244934259409,1.801478980617025,110.97631601694182,48.31508559090995,159.9788515285101,104.48606909269023,15.860806177428184,0.7837837837837838,0.02824462890625
5f5bbf14c194e1f30f27,test,12,,73180.0,0.13798117279058947,1.7723781421154392,129.7790789833288,49.40550170712862,176.45573927302542,126.8603033615742,22.36385624487565,0.3901408450704225,0.059554036458333334
5f5bbf14c194e1f30f27,test,13,,20731.0,0.5266663995599149,1.773851104255462,116.1251266219671,35.589679905629694,155.61859051661762,113.72485649510395,24.817616130432686,1.235632183908046,0.016870930989583335
5f5bbf14c194e1f30f27,test,14,,23976.0,0.4003622529537588,1.8066339081792513,111.16975308641975,47.33512166579424,155.90169336002668,105.86986986986987,21.100266933600267,1.196808510638298,0.01951171875
64468e06f686244f372c,test,1,,5854.0,0.7957489590692345,1.7650240123106362,112.32678510420226,37.65170852408046,165.68295182781006,106.34779637854459,3.2101127434233003,0.7407407407407407,0.004763997395833333
64468e06f686244f372c,test,2,,21068.0,0.3310561180467491,1.7823698672727932,147.6179988608316,31.923863745773374,212.37193848490602,142.64514904119991,3.5000949307005884,1.0591397849462365,0.01714518229166667
64468e06f686244f372c,test,3,,2287.0,0.815533227410039,1.815111320038619,115.58592041976388,33.6363358574598,176.95059029296021,106.27328377787495,2.719282903366856,0.9193548387096774,0.0018611653645833333
64468e06f686244f372c,test,4,,4700.0,0.4274340934860798,1.7305271651640621,110.38765957446809,37.29538127885509,162.19170212765957,104.93191489361702,2.787872340425532,0.6610169491525424,0.0038248697916666665
64468e06f686244f372c,test,5,,43049.0,0.3872494842085188,1.7538996856396147,121.36453808450835,40.037683561776035,178.98373945968547,114.66140909196497,4.795117192036981,1.1172161172161172,0.03503336588541667
64468e06f686244f372c,test,6,,5008.0,0.6261850413635468,1.7340900168216735,117.59824281150159,33.16388071581394,167.77096645367413,113.82847444089457,5.400758785942492,1.379746835443038,0.004075520833333333
64468e06f686244f372c,test,7,,31621.0,0.5193782605061742,1.8594270829396817,136.02280130293158,46.91129539897222,196.50602447740425,130.78726162992947,4.442332627051643,0.8353413654618473,0.025733235677083334
64468e06f686244f372c,test,8,,30713.0,0.6610924848199662,1.8173375724193879,111.58297789209782,41.404479166971036,166.2010223683782,104.83661641650116,3.14778758180575,0.6513409961685823,0.024994303385416666
64468e06f686244f372c,test,9,,36155.0,0.29603010552382936,1.8262237869108302,122.65434932927673,27.56571530062426,180.11470059466188,116.64101783985618,2.961388466325543,0.744408945686901,0.029423014322916666
64468e06f686244f372c,test,10,,47048.0,0.36377101562715525,1.7271307033953627,127.5738394830811,37.9147072683019,190.65335402142492,119.52790766876382,3.6427053222241117,1.1564625850340136,0.038287760416666664
64468e06f686244f372c,test,11,,17755.0,0.5860477419265266,1.7913664069353756,126.88983384961982,30.5593019980725,184.72300760349196,121.19718389186144,4.530385806814982,0.6958762886597938,0.014449055989583333
64468e06f686244f372c,test,12,,12437.0,0.7150784584106155,1.8016442079847677,113.9376859371231,37.67602327057229,172.0254080566053,105.9332636487899,2.908498834123985,1.1484375,0.010121256510416666
64468e06f686244f372c,test,13,,34933.0,0.48311011510883656,1.7995863149289368,114.91938854378381,45.84903238136154,173.67477743108236,106.73655282970257,3.0929493602038187,1.4751131221719458,0.028428548177083332
64468e06f686244f372c,test,14,,18561.0,0.7344778364152634,1.7668770804047278,128.86239965519098,46.89728275755993,190.08851893755724,122.06863854318195,3.3677064813318247,0.9540229885057471,0.01510498046875
64468e06f686244f372c,test,15,,12211.0,0.5713625143594683,1.8261456439386021,95.10506919990173,36.90194906213094,143.44279747768405,88.40029481614937,2.9373515682581277,1.5555555555555556,0.009937337239583333
64468e06f686244f372c,test,16,,3042.0,0.8098977267442703,1.910774191637957,100.0680473372781,39.76051299827494,151.2310979618672,92.76199868507561,3.5305719921104535,0.9672131147540983,0.0024755859375
681a876951ba9566e7cf,test,1,,21134.0,0.591122312099531,1.831816442170487,138.36983060471277,37.500403710008584,212.80812908110155,127.01026781489543,1.5741459259960253,0.5657894736842105,0.017198893229166668
681a876951ba9566e7cf,test,2,,17769.0,0.694880874093782,1.7471772064397892,97.39636445494963,40.101574424494906,166.5894535426867,80.82846530474421,1.2275310934774044,0.8497409326424871,0.01446044921875
681a876951ba9566e7cf,test,3,,54917.0,0.3752082150406742,1.774870516862082,115.27268423256915,44.28420323280944,184.71480597993335,101.91053772056011,1.9349017608390844,1.1228571428571428,0.04469156901041667
681a876951ba9566e7cf,test,4,,11559.0,0.34337630465273866,1.7605778004350525,146.5567955705511,32.24736833294651,220.46396747123453,137.12068518037893,1.272255385413963,0.5634517766497462,0.00940673828125
681a876951ba9566e7cf,test,5,,11220.0,0.5467202167811832,1.8195905716915581,139.33538324420678,32.63588752344789,213.16666666666666,128.41773618538323,1.8583778966131907,1.2755905511811023,0.009130859375
695b6e81de4267b2d653,test,1,,562.0,0.6328380849016356,1.7040033949945967,159.38434163701066,22.188170608637776,227.62989323843416,155.144128113879,2.2508896797153026,1.3448275862068966,0.0004573567708333333
695b6e81de4267b2d653,test,2,,746.0,0.5548520765792676,1.7020515575688564,130.37667560321717,31.590568428144266,206.90750670241286,116.67024128686327,0.20911528150134048,0.43636363636363634,0.0006070963541666667
695b6e81de4267b2d653,test,3,,829.0,0.7080568323480738,1.5560326405155054,115.07599517490954,51.135551692817465,178.57418576598312,104.76960193003619,1.5597104945717732,0.8780487804878049,0.0006746419270833333
695b6e81de4267b2d653,test,4,,1226.0,0.7130098314929246,1.6594779533634263,159.61337683523655,27.38974249569251,229.73980424143556,153.88580750407831,5.230831973898858,1.1818181818181819,0.0009977213541666667
695b6e81de4267b2d653,test,5,,3077.0,0.7718385768435752,1.8009089993696838,87.67500812479688,49.784948670383365,144.6265843353916,75.60643483912902,0.5749106272343192,1.368421052631579,0.0025040690104166665
695b6e81de4267b2d653,test,6,,22941.0,0.2503970768057427,1.7698712793621143,114.4007671853886,44.8946717609778,177.20775031602807,104.50834750010897,0.6218124754805806,1.0883720930232559,0.01866943359375
695b6e81de4267b2d653,test,7,,3969.0,0.6150098624779132,1.726986055487797,104.29503653313176,49.457738568532974,167.46460065507685,91.62711010330058,3.837238599143361,0.5963302752293578,0.00322998046875
695b6e81de4267b2d653,test,8,,116635.0,0.10477564018212257,1.7624383488858562,107.8461525271145,49.66085636293541,174.27133364770438,94.67959017447593,1.3933210442834483,0.5109677419354839,0.09491780598958334
695b6e81de4267b2d653,test,9,,1606.0,0.5979005667969631,1.69049169508557,145.89352428393525,34.538991922846,219.30199252801992,136.64445828144457,0.9701120797011208,0.647887323943662,0.0013069661458333334
695b6e81de4267b2d653,test,10,,75012.0,0.17883291432795323,1.867562301793297,86.51865034927745,47.995858110106774,143.21371247267103,74.34677118327734,0.4808164027088999,2.220779220779221,0.061044921875
695b6e81de4267b2d653,test,11,,2000.0,0.5547292606246524,1.7866745252451655,75.627,37.98604837305402,133.9375,60.6325,0.0125,2.7058823529411766,0.0016276041666666667
695b6e81de4267b2d653,test,12,,435.0,0.4327969109801458,1.809436523390915,131.8206896551724,28.335510955928978,205.4344827586207,119.8367816091954,0.22758620689655173,3.1333333333333333,0.00035400390625
695b6e81de4267b2d653,test,13,,48650.0,0.18832792145695487,1.8273616142799853,106.0688591983556,50.2073712709812,170.87389516957862,93.44226104830422,1.0773689619732785,1.9589041095890412,0.039591471354166664
695b6e81de4267b2d653,test,14,,4485.0,0.4761373946466568,1.6915954565887465,124.82764771460424,31.80500010360791,192.69163879598662,114.33355629877369,0.6974358974358974,0.9902912621359223,0.00364990234375
695b6e81de4267b2d653,test,15,,8409.0,0.4860394361591526,1.7960505921592682,111.06873587822571,45.44851111579664,178.9491021524557,97.8417172077536,1.1529313830419787,1.0826446280991735,0.00684326171875
695b6e81de4267b2d653,test,16,,534.0,0.8377791869834389,1.7630405510862956,126.89887640449439,26.61265149719802,196.4943820224719,115.65917602996255,2.0898876404494384,1.1153846153846154,0.0004345703125
695b6e81de4267b2d653,test,17,,3439.0,0.7924775374042887,1.8246632676447065,69.27769700494329,30.2822517582486,127.47223029950567,52.93864495492876,0.7726083163710381,0.7176470588235294,0.0027986653645833332
695b6e81de4267b2d653,test,18,,2997.0,0.7514917013250113,1.6781977546975462,84.0643977310644,35.05643750996658,146.2912912912913,68.67167167167167,0.12579245912579246,1.0,0.00243896484375
695b6e81de4267b2d653,test,19,,8900.0,0.819328390226631,1.8388867824589858,40.862808988764044,38.11535343389171,81.37943820224719,28.02314606741573,0.5904494382022472,1.1047619047619048,0.007242838541666667
695b6e81de4267b2d653,test,20,,2052.0,0.7028656471654936,1.8070537130239575,107.19152046783626,32.114908002542435,173.98294346978557,93.89424951267057,0.4551656920077973,0.6885245901639344,0.001669921875
695b6e81de4267b2d653,test,21,,59097.0,0.17247267120336585,1.7545066709527155,87.14924615462714,41.99909382242193,147.1655244767078,73.44122375078261,0.3042794050459414,1.0393939393939393,0.04809326171875
695b6e81de4267b2d653,test,22,,15115.0,0.4692200037485615,1.767748641919399,76.69626199139927,35.781731209877925,134.72808468408866,61.980416804498844,0.25147204763479986,0.9482758620689655,0.012300618489583333
695b6e81de4267b2d653,test,23,,14755.0,0.3094404275372238,1.712817974533327,122.03009149440868,34.685257263842345,191.09969501863776,110.46574042697391,0.3745848864791596,1.255952380952381,0.012007649739583333
695bcaf62ffc42aeaafd,test,1,,8575.0,0.7514920316567819,1.8439112154667163,132.4544606413994,35.05906381125054,174.64209912536444,131.5933527696793,26.17807580174927,1.0103092783505154,0.006978352864583333
695bcaf62ffc42aeaafd,test,2,,9997.0,0.7479103737710834,1.8961809074157658,123.48194458337501,47.15493479438148,169.02270681204362,120.48934680404122,19.442032609782935,1.4545454545454546,0.008135579427083333
695bcaf62ffc42aeaafd,test,3,,56130.0,0.35725276116723514,1.7656827345145256,104.90598610368787,47.52554703936466,148.56803848209515,100.05914840548726,15.341813646891145,1.1272727272727272,0.0456787109375
695bcaf62ffc42aeaafd,test,4,,18524.0,0.4232440244591065,1.7569280045410467,128.8832325631613,49.50822093757241,173.30015115525805,126.21350680198661,26.06737205787087,1.1081081081081081,0.015074869791666667
695bcaf62ffc42aeaafd,test,5,,29211.0,0.4194656907019149,1.7682695781876614,101.5191537434528,36.28703955197781,137.2435383930711,99.38088391359419,18.798637499572077,0.6209386281588448,0.02377197265625
695bcaf62ffc42aeaafd,test,6,,4305.0,0.5101625444213364,1.8525545575978146,167.33844367015098,39.307276613756656,209.39907084785133,170.10847851335657,42.647386759581885,1.9137931034482758,0.00350341796875
695bcaf62ffc42aeaafd,test,7,,9672.0,0.5265206602449578,1.7837041984436819,121.73997105045493,50.42115333260827,169.4810794044665,117.87293217535154,16.447580645161292,1.3909090909090909,0.00787109375
695bcaf62ffc42aeaafd,test,8,,6959.0,0.4930713074909984,1.828907337429757,114.40206926282512,60.064819862966864,163.72912774823968,108.81060497197873,13.896393159936773,3.3962264150943398,0.005663248697916666
695bcaf62ffc42aeaafd,test,9,,14619.0,0.3457651634054933,1.7017911925515772,108.00923455776729,43.407035372616406,153.9922019289965,102.91736780901566,13.576304808810452,1.1049723756906078,0.01189697265625
695bcaf62ffc42aeaafd,test,10,,79676.0,0.2512104790139983,1.798889444369725,104.84175912445404,55.48810550144218,148.63999196746823,99.97169787639942,15.067849791656208,1.260233918128655,0.06484049479166666
695bcaf62ffc42aeaafd,test,11,,10824.0,0.6492005428027128,1.842701510294255,114.86363636363636,51.62360643396008,163.41759053954175,109.68874722838137,14.198447893569845,0.9767441860465116,0.00880859375
695bcaf62ffc42aeaafd,test,12,,7959.0,0.4253644251841126,1.743990468923227,119.61301671064204,37.06897380737221,162.5616283452695,116.78828998617917,21.4461615780877,0.6095890410958904,0.00647705078125
6d25dd181653f3021e31,test,1,,59781.0,0.17263981174580809,1.811266334858273,96.66246800823004,44.297298293986685,158.25329117947174,83.92183135109818,0.7240594837824726,2.3781512605042017,0.04864990234375
6d25dd181653f3021e31,test,2,,114359.0,0.17514299971047362,1.8080754803935712,127.58089874867741,47.70004364909415,194.8391818746229,117.76525677909041,1.684755900278946,1.3247058823529412,0.09306559244791666
6d25dd181653f3021e31,test,3,,9124.0,0.5085054303632258,1.6874006998823272,79.36310828583954,48.58802019096137,137.71394125383603,64.92174484875055,0.642371766768961,1.2213740458015268,0.0074251302083333335
6d25dd181653f3021e31,test,4,,21350.0,0.8756428109854444,1.8014829099546952,36.403325526932086,58.63767680566561,59.1615925058548,31.820140515222484,0.9516627634660422,1.037037037037037,0.017374674479166668
6d25dd181653f3021e31,test,5,,1722.0,0.4154464705504102,1.7702680946483953,99.68524970963995,41.12402564317174,163.31068524970965,86.59233449477352,0.21660859465737514,4.0,0.0014013671875
6d25dd181653f3021e31,test,6,,12589.0,0.4957115057184367,1.8508159729326163,86.18937167368337,42.213369762400056,148.13583286996584,71.14663595202161,1.175629517833029,0.711764705882353,0.010244954427083333
6d25dd181653f3021e31,test,7,,11759.0,0.6578849982278312,1.8254753575226446,86.96691895569352,53.63618702747531,145.85432434730845,73.50650565524279,1.7458117186835616,0.6982248520710059,0.009569498697916666
6d25dd181653f3021e31,test,8,,5320.0,0.7160091548712916,1.7444250935437802,85.45093984962406,62.57019395885723,135.43703007518798,76.11353383458646,2.3601503759398494,1.1785714285714286,0.0043294270833333336
6d25dd181653f3021e31,test,9,,5045.0,0.40637396416539234,1.7741654054865756,102.95718533201189,51.310355457855096,166.71615460852328,90.17046580773042,1.5819623389494548,1.3506493506493507,0.004105631510416667
6d25dd181653f3021e31,test,10,,2608.0,0.6625400050108615,1.7674169003368458,178.74616564417178,18.513570317775347,243.53872699386503,179.89992331288343,2.71319018404908,0.6835443037974683,0.0021223958333333333
6d25dd181653f3021e31,test,11,,4522.0,0.45472648347163996,1.7477979791797031,152.25342768686423,33.01248732372603,220.8938522777532,146.218708536046,3.18531623175586,1.1067961165048543,0.0036800130208333335
6d25dd181653f3021e31,test,12,,139196.0,0.08333454883851642,1.7871766577316657,87.6770812379666,46.32811028350836,146.2165292106095,74.70198137877526,0.9369593953849249,1.9933774834437086,0.11327799479166667
6d25dd181653f3021e31,test,13,,75517.0,0.11363454420678583,1.7815931166186099,84.84819312207847,43.05887553414288,143.06031754439397,71.56808400757446,0.5711429214613928,0.7547495682210709,0.06145589192708333
6d25dd181653f3021e31,test,14,,6283.0,0.35963556696786636,1.8017296187468257,143.90657329301288,34.510999657062655,210.72147063504696,137.57568040744866,1.191787362724813,3.5454545454545454,0.005113118489583333
711f8dbf36d85bf43593,test,1,,57468.0,0.32050652040986555,1.7547290820951544,135.69576111923158,37.16877915390117,200.11730006264355,128.7491995545347,2.6723915918424166,1.2006802721088434,0.046767578125
711f8dbf36d85bf43593,test,2,,2811.0,0.6662039548172072,1.6593541603108735,150.4987548914977,35.38200710484115,214.76058342226966,146.41159729633583,3.107079331198862,1.0149253731343284,0.00228759765625
711f8dbf36d85bf43593,test,3,,2371.0,0.6992152870061317,1.8012339420016785,161.35090679038382,23.98468903528053,221.9367355546183,160.59763812737242,6.36904259805989,1.425531914893617,0.0019295247395833333
711f8dbf36d85bf43593,test,4,,4589.0,0.5637164201439431,1.8847524565878127,122.5674438875572,40.76961291373679,188.41599477010243,112.52865548049684,1.7681412072346916,1.7142857142857142,0.0037345377604166667
711f8dbf36d85bf43593,test,5,,11312.0,0.5988653383405532,1.8494231746724226,149.3757072135785,32.92342392089921,210.96304809052333,146.16177510608205,4.409388260254597,0.5561497326203209,0.009205729166666666
711f8dbf36d85bf43593,test,6,,60731.0,0.3346802879899654,1.773905011419176,139.41948922296686,38.87205578339257,203.5391645123578,133.44152080486077,2.2328629530223445,1.1660649819494584,0.04942301432291667
711f8dbf36d85bf43593,test,7,,2584.0,0.8864051350296558,1.8540644935771262,147.06191950464395,26.245654902651264,213.45278637770897,141.26741486068113,2.926470588235294,1.2,0.0021028645833333333
711f8dbf36d85bf43593,test,8,,11465.0,0.8121502291399908,1.819754991619244,117.9207152202355,39.18689819290708,180.35996511120803,108.66149149585695,1.9581334496293066,1.125984251968504,0.009330240885416667
711f8dbf36d85bf43593,test,9,,5318.0,0.8011801647551372,1.7624423902945099,131.65814215870628,31.284583729023094,193.42459571267395,125.4291086874765,1.8544565626175253,1.178082191780822,0.004327799479166667
711f8dbf36d85bf43593,test,10,,16380.0,0.4931923577970161,1.7927083958584353,112.23693528693529,34.015958560084414,165.87258852258853,106.19444444444444,2.6954822954822957,1.0625,0.013330078125
711f8dbf36d85bf43593,test,11,,41662.0,0.4195643053649576,1.7473300563928602,134.55448610244346,40.489102592539126,198.84446257980895,127.42551965820172,2.8241563055062167,1.0528301886792453,0.033904622395833334
711f8dbf36d85bf43593,test,12,,27035.0,0.25282775177831135,1.8081233179208769,152.27812095431847,30.44556112012931,218.14011466617347,147.91744035509524,2.2231921583132976,0.8008130081300813,0.022001139322916665
711f8dbf36d85bf43593,test,13,,14002.0,0.6488828504690572,1.8719747957270334,74.05070704185117,39.71723544581601,118.99821454077988,65.33702328238823,1.2244679331524069,1.5565217391304347,0.011394856770833333
711f8dbf36d85bf43593,test,14,,10817.0,0.5313106450788524,1.8092641072839537,126.12036609041324,29.765487023484802,187.17980955902746,119.15780715540353,1.992141998705741,0.75,0.008802897135416666
711f8dbf36d85bf43593,test,15,,8623.0,0.3547314081761426,1.8862914494213945,148.56094166763307,34.990367828768136,210.67783833932506,145.24237504348835,2.8738258146816653,0.3230769230769231,0.007017415364583333
711f8dbf36d85bf43593,test,16,,1745.0,0.534393654818904,1.7638073814268092,120.96103151862464,26.929339249283817,175.16848137535817,115.99083094555874,4.320916905444126,0.5540540540540541,0.0014200846354166666
711f8dbf36d85bf43593,test,17,,3080.0,0.645270126686225,1.7926552275748386,150.00681818181818,37.94950017987071,212.31363636363636,146.76818181818183,3.372077922077922,1.5,0.002506510416666667
711f8dbf36d85bf43593,test,18,,2545.0,0.7239345667604652,1.8591565405094657,144.83575638506875,26.807465650536585,208.9744597249509,139.52927308447937,3.869941060903733,1.0909090909090908,0.002071126302083333
7289329fcf8bdaade761,test,1,,15073.0,0.5349172972698998,1.770037232015013,128.65249120944736,37.51483993854098,194.37915478007034,119.60605055397068,2.9731307636170636,1.1794871794871795,0.012266438802083333
7289329fcf8bdaade761,test,2,,17701.0,0.37815788696525193,1.7456794159840716,132.119993220722,40.82076905689312,194.95220609005142,124.99056550477374,4.165696853285125,0.871244635193133,0.014405110677083333
7289329fcf8bdaade761,test,3,,13929.0,0.47515322777093333,1.718910121700416,140.06389546988297,34.105131045099405,203.26836097350852,134.16986144016082,4.695311939119822,1.0844155844155845,0.01133544921875
7289329fcf8bdaade761,test,4,,11429.0,0.6004710850330347,1.8235804290123707,122.16589377898329,42.858484823398925,185.01548691924052,113.27290226616502,3.1630063872604777,1.220472440944882,0.009300944010416666
7289329fcf8bdaade761,test,5,,8501.0,0.5914422505956093,1.8123724959729655,142.23973650158806,27.948448975610585,205.2056228678979,137.25985178214327,2.7399129514174803,0.5460992907801419,0.0069181315104166665
7289329fcf8bdaade761,test,6,,5235.0,0.6495167022486754,1.7453422854567844,130.65329512893982,37.466964068315846,193.28748806112702,123.50047755491882,3.35243553008596,0.91,0.00426025390625
7289329fcf8bdaade761,test,7,,5629.0,0.727290348154961,1.7606385150416521,132.2156688577012,33.42081952129534,192.37679872090956,126.50666192929472,3.7734944039793925,0.8585858585858586,0.004580891927083333
7289329fcf8bdaade761,test,8,,5345.0,0.5564183498480554,1.8217488800003032,137.44415341440597,34.972761229635665,202.52965388213283,130.2488306828812,3.7872778297474277,0.8105263157894737,0.004349772135416667
7289329fcf8bdaade761,test,9,,7823.0,0.7123801100932047,1.8277587469833043,134.0931867569986,39.9801002955387,196.84008692317525,127.51757637734885,3.470152115556692,1.524390243902439,0.006366373697916667
7289329fcf8bdaade761,test,10,,3352.0,0.6557953856430979,1.7103617026354423,153.020584725537,24.157866211583332,216.0199880668258,149.56682577565633,5.494928400954654,1.056338028169014,0.0027278645833333334
7289329fcf8bdaade761,test,11,,9883.0,0.6326126591767351,1.8214704639453123,126.70049580087019,38.67915259999299,190.53445310128504,118.36436304765759,2.3582920165941514,1.411764705882353,0.008042805989583334
7289329fcf8bdaade761,test,12,,6595.0,0.6881358116768139,1.792787530380577,118.79605761940864,56.483363801009546,173.3563305534496,113.40742987111449,3.4141015921152387,0.675,0.0053670247395833336
7289329fcf8bdaade761,test,13,,4419.0,0.6019755842044581,1.6985294270884588,145.13804028060648,28.249718062099372,210.47363656935957,139.42407784566643,3.149355057705363,1.5909090909090908,0.00359619140625
7289329fcf8bdaade761,test,14,,3347.0,0.7071396526192011,1.83579470731395,140.93247684493576,36.8082213206134,204.12996713474755,135.1329548849716,4.892440991933074,1.2622950819672132,0.0027237955729166666
7289329fcf8bdaade761,test,15,,688.0,0.7774223127598242,1.7809577364219646,162.03052325581396,13.50787663260041,226.1293604651163,159.67441860465115,5.880813953488372,1.4,0.0005598958333333334
7289329fcf8bdaade761,test,16,,11165.0,0.6382374927113864,1.8112653386998256,127.19149126735334,36.61620288382227,191.68517689207346,118.39202866099417,3.4615315718763995,1.393162393162393,0.009086100260416667
7289329fcf8bdaade761,test,17,,7563.0,0.49528939962404317,1.7628430370811246,88.23945524262858,49.6340533287588,143.65516329498877,76.82969721010181,1.8296972101018114,0.7404580152671756,0.00615478515625
729a14fe4dcbc02413af,test,1,,40337.0,0.37764622380497936,1.8238711081302885,111.83375065076729,31.583906931064153,165.3549594664948,105.39725314227633,4.604730148498897,0.7175324675324676,0.03282633463541667
729a14fe4dcbc02413af,test,2,,15786.0,0.6931234614824806,1.7952574663642034,102.92372988724186,36.41823875754372,157.614215127328,94.46541239072596,3.1743316863043205,0.7797619047619048,0.0128466796875
729a14fe4dcbc02413af,test,3,,4713.0,0.729390107306684,1.7381433427007849,120.71992361553151,25.407296655785366,176.93125397835774,114.479949077021,5.374496074687036,0.7021276595744681,0.00383544921875
729a14fe4dcbc02413af,test,4,,10800.0,0.6556218099730173,1.8238962117340252,97.91935185185186,36.58649158154647,151.44675925925927,88.6175,5.4425,0.7659574468085106,0.0087890625
729a14fe4dcbc02413af,test,5,,12813.0,0.4933896767181767,1.7312740170864342,126.85811285413253,30.08315182132586,187.2477171622571,120.03636931241708,3.644189495044096,1.2340425531914894,0.01042724609375
729a14fe4dcbc02413af,test,6,,7569.0,0.6456327172192464,1.8209959113510585,145.02430968423835,31.26323004821651,207.7210992205047,139.8056546439424,7.5101070154577885,1.1287128712871286,0.00615966796875
729a14fe4dcbc02413af,test,7,,2905.0,0.79321778029783,1.8972961025836492,142.15731497418244,29.784233298906944,199.75697074010327,138.99380378657486,7.353872633390706,1.1886792452830188,0.0023640950520833334
729a14fe4dcbc02413af,test,8,,8989.0,0.6023821309705251,1.8093323705357955,121.78062075870508,27.66851077289539,180.8271220380465,114.78785181888975,3.0636333296250973,1.3009708737864079,0.007315266927083334
729a14fe4dcbc02413af,test,9,,3472.0,0.7532672829198825,1.846256190847333,134.661866359447,31.42274847721511,195.55904377880185,129.25374423963135,2.9317396313364057,1.2372881355932204,0.0028255208333333335
729a14fe4dcbc02413af,test,10,,4132.0,0.38808434405999515,1.8184671469621607,101.45183930300097,35.17165559391764,150.11834462729914,95.68005808325266,3.665053242981607,3.159090909090909,0.0033626302083333334
729a14fe4dcbc02413af,test,11,,71974.0,0.23818613471691066,1.7864054279532178,123.83758023730792,31.71185416217688,187.18658126545697,115.04630838914052,3.17178425542557,0.6578947368421053,0.05857259114583333
72a381b2c378c4e76264,test,1,,76654.0,0.2628889273152311,1.793885614659872,102.67867299814752,44.45581241968411,153.31395621885355,95.58338769014011,6.414981605656587,1.1318051575931232,0.06238118489583333
72a381b2c378c4e76264,test,2,,375.0,0.8016799176228435,1.6369982406692394,157.72,9.118420915926178,219.08533333333332,155.25866666666667,9.173333333333334,1.173913043478261,0.00030517578125
72a381b2c378c4e76264,test,3,,3408.0,0.4983297666117038,1.8407759716587022,117.25850938967136,37.749472422811635,169.66960093896714,112.1775234741784,5.908744131455399,2.6744186046511627,0.0027734375
72a381b2c378c4e76264,test,4,,27715.0,0.5175314873679331,1.7633119888710542,97.77589752841422,38.9187189188664,149.5195020746888,89.6455349088941,3.9942269529135848,1.5680473372781065,0.022554524739583335
72a381b2c378c4e76264,test,5,,27845.0,0.47505064297922245,1.8037160570355446,108.17579457712336,39.01049142029303,161.79877895492908,100.98128927994254,4.587717723110074,2.127659574468085,0.022660319010416666
72a381b2c378c4e76264,test,6,,8523.0,0.6584169580153614,1.8444587452534489,143.26821541710666,25.76586347677031,205.77988971019593,137.86014314208612,7.059368766866127,1.1428571428571428,0.00693603515625
72a381b2c378c4e76264,test,7,,15505.0,0.3811874022168206,1.7205814098199066,134.1460174137375,29.408474886254464,193.82831344727506,128.44314737181554,6.916220574008384,0.6199095022624435,0.012618001302083333
72a381b2c378c4e76264,test,8,,27836.0,0.47204834841876464,1.8195888363792192,126.42430665325477,54.27420677699193,184.4670570484265,119.92100158068688,7.747054174450352,1.0091743119266054,0.022652994791666665
72a381b2c378c4e76264,test,9,,15181.0,0.60515689430082,1.740555175280776,138.1602002503129,39.66604581875963,197.52704037942163,132.75416639220077,10.32092747513339,1.176056338028169,0.012354329427083333
72a381b2c378c4e76264,test,10,,30868.0,0.2893791152535687,1.77621722106062,108.8470908384087,35.80258106744554,159.62618245432162,102.68566152649994,7.385091356744849,0.37714285714285717,0.025120442708333333
72a381b2c378c4e76264,test,11,,6069.0,0.7885338369528475,1.7954742166863624,122.70028011204482,42.56393097901313,180.32509474377986,115.93293788103476,6.409293129016312,0.9560439560439561,0.00493896484375
72a381b2c378c4e76264,test,12,,3848.0,0.6472090857727444,1.742901105319332,152.15384615384616,38.046861229913105,214.31860706860707,148.02260914760916,10.31470893970894,1.3582089552238805,0.0031315104166666666
72a381b2c378c4e76264,test,13,,3505.0,0.6794326091673101,1.7212163684185113,141.96690442225392,17.280947437578924,193.32154065620543,140.10984308131242,16.693009985734665,0.8666666666666667,0.0028523763020833334
72a381b2c378c4e76264,test,14,,2413.0,0.7847641501076854,1.83569513569314,152.19229175300455,41.466690713366916,212.32117695814338,148.47285536676335,13.492747617074182,1.196078431372549,0.0019637044270833333
72a381b2c378c4e76264,test,15,,6895.0,0.6257587741587344,1.7951271297455471,127.4133430021755,60.504027485005324,183.94111675126905,121.508049311095,9.572298767222625,1.1287128712871286,0.0056111653645833336
72a381b2c378c4e76264,test,16,,3723.0,0.6586837794619076,1.7186804491678551,147.64759602471125,37.777412063344315,209.25141015310234,143.09159280150416,9.369057211925867,1.2985074626865671,0.00302978515625
72a381b2c378c4e76264,test,17,,9793.0,0.6315169468366565,1.8322474701586713,126.97579904013071,34.97487722058167,180.54814663535177,122.23802716225876,10.8483610742367,2.090909090909091,0.007969563802083333
72a381b2c378c4e76264,test,18,,9802.0,0.6417961213344526,1.8686957940518645,167.28555396857783,30.3582058521735,227.84299122628036,166.7433176902673,11.217404611303815,0.9652173913043478,0.007976888020833333
72a381b2c378c4e76264,test,19,,4262.0,0.5287373840019293,1.805390937973344,132.16635382449553,33.429261113950616,192.08939465039887,125.64265603003285,8.603003284842798,2.7291666666666665,0.0034684244791666667
72a381b2c378c4e76264,test,20,,1641.0,0.39486054900625356,1.8238728522648802,173.99756246191347,12.241476290595678,229.30834856794638,175.19378427787933,22.579524680073128,3.392857142857143,0.00133544921875
72a381b2c378c4e76264,test,21,,1050.0,0.3558822013611991,1.5664855336253778,177.0047619047619,21.05830853313352,236.4647619047619,178.47809523809525,13.452380952380953,0.6438356164383562,0.0008544921875
72a381b2c378c4e76264,test,22,,237.0,0.7787723870668801,1.5695024337604533,147.78902953586498,12.811758094488885,198.76371308016877,146.19409282700423,22.135021097046412,1.1,0.00019287109375
72a381b2c378c4e76264,test,23,,254.0,0.7575264182580939,1.5036263062597892,164.248031496063,9.886237554064031,228.5551181102362,160.75984251968504,13.5,0.875,0.00020670572916666667
72a381b2c378c4e76264,test,24,,1973.0,0.6730989600524274,1.7008877327046268,157.29903699949315,17.549922539156977,220.31018753167766,153.26457171819564,12.744044602128739,1.4375,0.0016056315104166668
72a381b2c378c4e76264,test,25,,1987.0,0.3966666134401242,1.694311634262279,167.8943130347257,18.196293191943592,227.44841469552088,167.01711122294918,16.082033215903373,0.6621621621621622,0.0016170247395833333
740fa53fbfa43e9b9fb3,test,1,,7680.0,0.489527627893558,1.642624196869306,126.4484375,34.84235625248758,180.57421875,121.39466145833333,10.474609375,1.0150375939849625,0.00625
740fa53fbfa43e9b9fb3,test,2,,8257.0,0.42520270406075794,1.738036706134298,140.60360905898025,50.33965248091211,197.56206854789875,136.34358725929513,13.20794477413104,1.9523809523809523,0.006719563802083333
740fa53fbfa43e9b9fb3,test,3,,12339.0,0.44341218837827967,1.8226373904625788,99.07553286327904,28.598624436623265,146.76148796498907,92.89675014182673,5.803792851932895,1.9047619047619047,0.01004150390625
740fa53fbfa43e9b9fb3,test,4,,36876.0,0.19122345917380978,1.807420176641035,81.89548757999783,37.49538034571899,125.083523158694,74.63632172686843,6.055754420219113,1.5721153846153846,0.030009765625
740fa53fbfa43e9b9fb3,test,5,,1942.0,0.3312194870288667,1.789953268438359,94.09938208032956,28.43488432144743,140.21987641606592,87.69979402677652,6.112770339855818,4.64,0.0015804036458333334
740fa53fbfa43e9b9fb3,test,6,,3416.0,0.36316208003966166,1.7743167635922505,96.77166276346604,30.21558902208999,140.89197892271662,91.4557962529274,8.371487119437939,2.25,0.0027799479166666667
740fa53fbfa43e9b9fb3,test,7,,26340.0,0.22269234578234853,1.7752134110032955,107.12285497342445,36.83817988706862,159.09183750949126,99.90952923310554,7.961389521640091,1.2889908256880733,0.021435546875
740fa53fbfa43e9b9fb3,test,8,,37220.0,0.1407379832701452,1.6858189520656093,114.02495969908651,40.53385149400675,168.73151531434712,106.66945190757657,8.438715744223536,0.9941002949852508,0.030289713541666666
740fa53fbfa43e9b9fb3,test,9,,9715.0,0.7562351028239994,1.828645232599344,78.35234173957797,45.242569115120226,126.85887802367473,67.94318064848173,4.824292331446217,1.3203883495145632,0.007906087239583333
7797c812f8c009b27b71,test,1,,21575.0,0.5159685560993152,1.7920340699282873,139.39675550405562,33.07241380580709,191.99958285052145,136.1609733487833,17.988041714947855,1.2923976608187135,0.017557779947916668
7797c812f8c009b27b71,test,2,,17524.0,0.7603231796494221,1.7564552815715562,92.2862360191737,48.17434753883547,141.2068591645743,83.53732024651906,9.05683633873545,1.0662251655629138,0.014261067708333333
7797c812f8c009b27b71,test,3,,30620.0,0.5044508862624806,1.8352186464608178,99.36995427824951,38.702637627241266,147.86192031352059,92.44395819725669,7.843305029392554,0.9914893617021276,0.024918619791666666
7797c812f8c009b27b71,test,4,,11965.0,0.6102013528241755,1.8260986009233622,95.42131216046803,48.60073066248726,139.23585457584622,89.92319264521521,8.880902632678646,0.6956521739130435,0.009737141927083333
7797c812f8c009b27b71,test,5,,8510.0,0.5222000345050853,1.7921393707034314,116.04794359576968,39.317431898813695,162.56615746180964,111.99283196239718,14.884958871915394,1.7216494845360826,0.006925455729166667
7797c812f8c009b27b71,test,6,,56912.0,0.3359182137118613,1.7973792795190524,91.2907119763846,34.91090843063302,136.15703190891202,84.62942788867022,7.908279448973854,0.9690402476780186,0.04631510416666667
7797c812f8c009b27b71,test,7,,329.0,0.6525317968588151,1.6938626396263483,159.41337386018236,6.327865991719857,207.66869300911853,161.419452887538,22.680851063829788,0.6666666666666666,0.00026774088541666667
7797c812f8c009b27b71,test,8,,276.0,0.826755627924635,1.5332526130976267,133.43840579710144,8.71695684221001,185.47826086956522,130.1268115942029,13.920289855072463,1.2105263157894737,0.000224609375
7aedae26af8aede617ef,test,1,,9331.0,0.6415883072636269,1.7826587450699436,166.38066659522022,33.69970501544711,234.96977815882542,163.50787696924232,1.1740435108777194,1.9310344827586208,0.007593587239583333
7aedae26af8aede617ef,test,2,,20873.0,0.5432124198313325,1.7758880363012257,126.46112202366693,35.50030125084292,193.4397547070378,116.73396253533272,0.8572797393762277,1.3431952662721893,0.016986490885416667
7aedae26af8aede617ef,test,3,,53116.0,0.43572720833660566,1.7736356365625081,117.18617742299872,38.90475902876054,185.22560057233224,105.13965660064764,0.7441637171473755,1.5318352059925093,0.043225911458333335
7aedae26af8aede617ef,test,4,,14103.0,0.6956361345005311,1.7560476004558048,113.83152520740268,44.36829587104419,179.34843650287172,102.3336169609303,1.1661348649223569,1.086092715231788,0.01147705078125
7aedae26af8aede617ef,test,5,,3174.0,0.26168376896541307,1.615279555108454,139.82325141776937,37.040687807590864,216.2378701953371,127.97227473219911,0.43572778827977315,0.19428571428571428,0.0025830078125
7b6edc61b1de779e406e,test,1,,8719.0,0.6148652198900991,1.7988396965119167,99.49420805138205,33.5477048156065,169.72439499942655,82.9873838742975,0.2588599610047024,0.5389221556886228,0.007095540364583333
7b6edc61b1de779e406e,test,2,,10269.0,0.8129499687647901,1.836563528302153,82.21131561008862,46.512310397512714,141.19836400817996,68.0660239555945,0.3261271788879151,0.8455882352941176,0.00835693359375
7b6edc61b1de779e406e,test,3,,7358.0,0.7160826130424316,1.780081952980062,140.40948627344386,32.59619593418854,214.46507203044305,129.73620549062244,1.1244903506387605,1.8309859154929577,0.005987955729166667
7b6edc61b1de779e406e,test,4,,7475.0,0.8186546939832737,1.8188899398230052,96.82916387959867,40.72041362661947,162.7391304347826,81.8866889632107,0.8832107023411371,0.8125,0.006083170572916667
7b6edc61b1de779e406e,test,5,,3900.0,0.6508445289126683,1.7955643752368282,109.43051282051282,36.48855868791792,180.9974358974359,94.12102564102564,0.5741025641025641,2.018867924528302,0.003173828125
7b6edc61b1de779e406e,test,6,,18782.0,0.3336760172972724,1.8077337285869461,95.10488765839634,42.77053015792581,162.19566606325205,79.29645405175168,0.5283782344798211,2.7339449541284404,0.015284830729166667
7b6edc61b1de779e406e,test,7,,9533.0,0.6749150447118218,1.7875394264638733,66.4030210846533,45.77264883771722,121.00566453372495,51.40071331165425,0.4555753697681737,1.5858585858585859,0.007757975260416667
7b6edc61b1de779e406e,test,8,,25825.0,0.7175211183276387,1.8153419897090275,66.81363020329138,41.199225550371395,121.9595353339787,51.627647628267184,0.300406582768635,0.9512195121951219,0.021016438802083332
7b6edc61b1de779e406e,test,9,,4728.0,0.6270942277153689,1.7863565400059804,133.87351945854485,34.48628422470226,208.4543147208122,121.75148054145517,0.6677241962774958,1.032258064516129,0.00384765625
7b6edc61b1de779e406e,test,10,,7637.0,0.4143101277330863,1.7629806910995807,113.18737724237266,44.94478428071884,183.91253109859892,98.95417048579284,0.9367552703941339,0.7090909090909091,0.006215006510416667
7ccd918097d1aab1113e,test,1,,4788.0,0.3067590366445327,1.682474073056463,169.59795321637426,31.93283815870415,236.2468671679198,167.91144527986634,3.4814118629908104,0.7251908396946565,0.003896484375
7ccd918097d1aab1113e,test,2,,20022.0,0.5436875195369518,1.8717867991842432,87.56617720507442,45.341020079483556,153.80856058335831,70.79617420837079,0.17550694236340025,2.1025641025641026,0.0162939453125
7ccd918097d1aab1113e,test,3,,3939.0,0.7055157270108527,1.7238609460174097,135.1038334602691,31.00326548457386,213.38740797156638,121.42320385884743,0.18405686722518405,0.69,0.00320556640625
7ccd918097d1aab1113e,test,4,,8278.0,0.6897441522444007,1.7584392384866554,91.69582024643634,49.99804789059591,153.0449383909157,77.85600386566803,2.1210437303696543,0.6058394160583942,0.006736653645833333
7ccd918097d1aab1113e,test,5,,9044.0,0.4990367395517084,1.7715042049441245,70.49026979212738,46.02454269002015,126.21948252985405,55.6750331711632,0.6183104820875719,2.25974025974026,0.007360026041666667
7ccd918097d1aab1113e,test,6,,8024.0,0.6354341000048687,1.7946145834620475,114.75299102691925,50.64141481872709,179.63409770687937,103.42809072781655,2.8994267198404784,1.6022727272727273,0.0065299479166666665
7ccd918097d1aab1113e,test,7,,7418.0,0.7178718945013755,1.8153430806808817,117.40563494203289,45.40844925797931,190.9092747371259,102.69048260986789,0.33378269075222433,0.7627118644067796,0.006036783854166667
7ccd918097d1aab1113e,test,8,,36921.0,0.3957559580647874,1.8098215836434433,126.7356247122234,49.29657640543761,196.6587308036077,115.43446818883562,1.4895858725386637,1.242063492063492,0.03004638671875
7ccd918097d1aab1113e,test,9,,33363.0,0.24368399155236936,1.6548371224162741,117.16209573479603,39.001884579559906,187.72406558163235,103.64979168539999,1.6429277942631058,1.1964912280701754,0.02715087890625
7ccd918097d1aab1113e,test,10,,20434.0,0.7383406783098111,1.8411337723762538,98.3971811686405,48.63573773176966,164.30537339727906,83.616912988157,1.7273661544484682,0.8983050847457628,0.016629231770833332
7ccd918097d1aab1113e,test,11,,3080.0,0.7900384909827525,1.8000816523565106,145.1577922077922,31.7454941735116,222.8181818181818,133.53571428571428,1.2178571428571427,0.7142857142857143,0.002506510416666667
7ccd918097d1aab1113e,test,12,,3287.0,0.5097787096617178,1.786009772533229,149.16337085488288,35.55007039766098,221.7508366291451,140.4192272588987,3.7006388804380896,0.3826086956521739,0.0026749674479166667
7ccd918097d1aab1113e,test,13,,6234.0,0.43515921150193443,1.7249012615192547,134.9990375360924,41.533702496771774,208.13185755534167,123.81312159127366,0.7885787616297723,0.7557251908396947,0.0050732421875
7ccd918097d1aab1113e,test,14,,9757.0,0.7132327974068688,1.863449125658465,123.68883878241263,44.1212205933362,194.85948549759146,111.27774930818899,0.904478835707697,0.991869918699187,0.007940266927083333
7ccd918097d1aab1113e,test,15,,11966.0,0.5266513421423119,1.728447667322562,124.48211599532007,49.243689668386544,190.84121678087917,114.6086411499248,1.3124686612067524,1.2348484848484849,0.009737955729166666
7ccd918097d1aab1113e,test,16,,1552.0,0.8385072818446846,1.7382488194496435,145.14948453608247,35.132530006857614,214.9916237113402,136.86791237113403,4.675257731958763,0.9019607843137255,0.0012630208333333332
7ccd918097d1aab1113e,test,17,,9873.0,0.7474948269983922,1.8665360724557705,144.075559607009,41.03099009943304,216.6556264559911,134.88007697761572,1.092170566190621,1.0583333333333333,0.00803466796875
7ccd918097d1aab1113e,test,18,,20194.0,0.6650201668118965,1.7859189824415966,87.27646825789839,43.22962879862558,153.25477864712292,70.48890759631574,0.7010002971179559,1.04093567251462,0.016433919270833333
7cfe9ee642724198f8e9,test,1,,62313.0,0.33918726983694886,1.7639232279888422,108.69099545841156,33.66818232414478,163.75608620994015,101.1101054354629,3.3394155312695584,0.7263427109974424,0.05071044921875
7cfe9ee642724198f8e9,test,2,,6582.0,0.5125244987498503,1.8509949257366756,93.00182315405652,32.28139432626556,143.98252810695837,84.50987541780614,3.1464600425402613,2.830508474576271,0.0053564453125
7cfe9ee642724198f8e9,test,3,,61187.0,0.41125817605904985,1.8127035546089456,110.5652507885662,53.44060763502217,166.20661251573046,102.95843888407668,3.919329269289228,1.400749063670412,0.04979410807291667
7cfe9ee642724198f8e9,test,4,,5560.0,0.707170796468329,1.8301285783852255,102.93327338129497,30.118119514636444,153.8134892086331,96.31888489208633,3.579136690647482,0.7553191489361702,0.004524739583333334
7cfe9ee642724198f8e9,test,5,,13070.0,0.506396805608708,1.7496938371482498,119.88087222647283,35.77835526241525,179.2352716143841,112.51560826319816,2.211629686304514,1.0733333333333333,0.010636393229166667
7cfe9ee642724198f8e9,test,6,,9471.0,0.6740814921795233,1.8646896304490208,153.09291521486642,28.355054313509047,216.76908457396263,149.76834547566256,3.3464259317917855,1.0578512396694215,0.00770751953125
7cfe9ee642724198f8e9,test,7,,7804.0,0.42883791570480895,1.8300053379248409,83.22847257816504,34.00466853970607,128.5871348026653,75.9837262942081,1.717068170169144,2.3026315789473686,0.006350911458333333
7cfe9ee642724198f8e9,test,8,,10843.0,0.3557544645106383,1.8162473245221988,118.5266070275754,31.82420684733568,171.5041962556488,113.83639214239602,3.748224661071659,3.757575757575758,0.008824055989583333
7cfe9ee642724198f8e9,test,9,,1067.0,0.4276407391224595,1.6862234664238753,181.19775070290535,14.978812734306283,243.2352389878163,184.3664479850047,2.2202436738519213,0.22666666666666666,0.0008683268229166667
7cfe9ee642724198f8e9,test,10,,3155.0,0.6853018095514352,1.8153124325287373,152.97242472266245,9.45374259818809,213.80443740095086,151.08209191759113,3.157527733755943,1.1147540983606556,0.002567545572916667
7e4b7311fd9eee4e50fe,test,1,,15758.0,0.37968869859673754,1.7696250251226164,124.4288615306511,49.183677432286004,182.68758725726616,117.90582561238736,5.191458306891738,0.5981735159817352,0.012823893229166666
7e4b7311fd9eee4e50fe,test,2,,44822.0,0.40754948463626756,1.7208533256312708,128.66969345410735,40.09767613604366,192.2440988800143,120.51082057917986,3.9969657757351302,0.9175257731958762,0.03647623697916667
7e4b7311fd9eee4e50fe,test,3,,20221.0,0.6087641938377207,1.815712396587567,118.48375451263539,34.50016962045887,179.84343009742346,109.44785124375649,4.097077295880521,1.3006535947712419,0.016455891927083334
7e4b7311fd9eee4e50fe,test,4,,4255.0,0.542576177441986,1.7453210955665777,116.77015276145711,68.9303079803147,168.28484136310223,112.11633372502938,5.717273795534665,0.6036036036036037,0.0034627278645833334
7e4b7311fd9eee4e50fe,test,5,,7606.0,0.4292701058772847,1.7372469026138764,184.0660005259006,21.98810685311402,244.69234814620037,187.89284775177492,5.341440967657113,0.5472972972972973,0.006189778645833333
7e4b7311fd9eee4e50fe,test,6,,5283.0,0.6660063838942301,1.8029157470460921,126.79348854817339,31.603974812148966,188.06132879045995,119.14253265190233,5.479462426651524,0.7425742574257426,0.00429931640625
7e4b7311fd9eee4e50fe,test,7,,20456.0,0.3074226608434846,1.7686519768109346,146.7982010168166,39.19681803769638,211.94275518185373,141.2328412201799,4.704780993351584,0.5962962962962963,0.016647135416666667
7e4b7311fd9eee4e50fe,test,8,,27511.0,0.443087211111176,1.7755774605630172,113.31285667551161,52.94878998518681,170.04532732361602,105.49969103267784,4.7698375195376395,0.5536332179930796,0.022388509114583333
7e4b7311fd9eee4e50fe,test,9,,80855.0,0.20467915247080973,1.7738797466405185,122.62525508626554,32.17488296096181,179.92516232762353,115.99967843670768,6.454851276977305,0.663023679417122,0.06579996744791666
7e4b7311fd9eee4e50fe,test,10,,148130.0,0.15008696100520522,1.8199221018642258,129.08722068453386,42.0391480528008,190.14237494093027,122.06970903935732,5.1785931276581385,1.365296803652968,0.12054850260416666
7e4b7311fd9eee4e50fe,test,11,,245142.0,0.09580183414634585,1.744312049297706,128.6087736903509,47.426769443747574,191.57396529358493,120.64289677003532,4.580076037561903,1.2096774193548387,0.1994970703125
7eccb58a3abcb772d535,test,1,,25533.0,0.4939787533079717,1.80298712942023,107.63353307484432,41.91907613571231,159.33971722868444,100.52289194375906,8.585007637175421,1.2307692307692308,0.02077880859375
7eccb58a3abcb772d535,test,2,,16567.0,0.4387684089080082,1.7912314927425117,126.55743345204321,43.17816884290822,176.27138286955997,122.68171666566064,16.04684010382085,1.1401273885350318,0.013482259114583334
7eccb58a3abcb772d535,test,3,,9849.0,0.5525846041870902,1.8680240940281467,158.91197075845264,30.13986531541492,216.54553761803228,157.27474870545234,16.13026703218601,1.1441441441441442,0.00801513671875
7eccb58a3abcb772d535,test,4,,6977.0,0.6468903704727714,1.7657281673878928,118.33065787587789,28.79840566062645,164.13587501791602,115.23878457789881,14.037265300272324,1.691358024691358,0.005677897135416667
7eccb58a3abcb772d535,test,5,,2348.0,0.6767066627391534,1.7462054108341287,140.11541737649063,26.809804916241394,189.64437819420783,139.76788756388416,11.958262350936968,0.5454545454545454,0.0019108072916666668
7eccb58a3abcb772d535,test,6,,13731.0,0.5019070482207832,1.8297220014254305,109.47330857184473,34.1138994569434,155.76462020246157,105.24958123953098,9.807879979608186,0.8258064516129032,0.01117431640625
7eccb58a3abcb772d535,test,7,,2165.0,0.48754487380451417,1.7057959107738412,167.20184757505774,31.633516243617244,223.09884526558892,166.37459584295613,24.798614318706697,2.5,0.0017618815104166667
7eccb58a3abcb772d535,test,8,,28281.0,0.47783822540136855,1.8377915769014521,100.93925250167958,41.71870219275754,152.6220784272126,92.82405148332803,7.15993069551996,1.1570680628272252,0.02301513671875
7eccb58a3abcb772d535,test,9,,2729.0,0.4087873932648746,1.7850598839635083,126.11872480762185,19.84091671877172,174.21986075485526,123.77024551117626,11.960425064126053,2.2653061224489797,0.0022208658854166665
7eccb58a3abcb772d535,test,10,,7303.0,0.32990126993490543,1.7594976407089817,148.5493632753663,32.46409228729008,206.82555114336574,145.2527728330823,12.740517595508695,1.3057851239669422,0.005943196614583333
7eccb58a3abcb772d535,test,11,,28219.0,0.605962603465144,1.8352573161716617,95.26088805414791,38.22549776438079,142.37790141394098,88.40603848470889,6.9921683971792055,2.2900763358778624,0.022964680989583333
7eccb58a3abcb772d535,test,12,,5736.0,0.5466622121160383,1.7429959145609104,103.41509762900976,32.084052825379864,151.41283124128313,97.5460251046025,7.722105997210599,2.1666666666666665,0.00466796875
7eccb58a3abcb772d535,test,13,,61339.0,0.2070110841059072,1.7479975005423676,128.6430329806485,34.40666285929271,186.37247102169908,122.30613475928854,9.849769314791569,1.5338345864661653,0.049917805989583335
7eebb3d452d0d6d566d2,test,1,,94444.0,0.4593850143812468,1.842772531682609,116.64097242810554,43.979508833180326,169.6964656304265,110.48552581423912,9.154620727626954,1.1246458923512748,0.07685872395833333
7eebb3d452d0d6d566d2,test,2,,94580.0,0.3498553881347584,1.8694525882598902,129.8213047155847,49.546926187172765,185.34761048847537,124.54094946077394,11.391679001903151,0.7151394422310757,0.07696940104166666
7eebb3d452d0d6d566d2,test,3,,6769.0,0.6801623280780827,1.8024541394891398,143.26710001477323,47.033407192198496,201.13369773969566,139.67277293544097,10.106367262520314,1.5416666666666667,0.005508626302083333
7eebb3d452d0d6d566d2,test,4,,3212.0,0.6589369472930166,1.8667149634950728,130.37515566625154,30.395744572456188,180.5445205479452,127.33810709838107,14.351494396014944,1.7755102040816326,0.0026139322916666667
7eebb3d452d0d6d566d2,test,5,,125905.0,0.1839425322518521,1.8238768185554852,121.88959135856399,47.85709388674102,172.45442198482982,117.3997299551249,12.38982566220563,0.6483704974271012,0.10246175130208333
7eebb3d452d0d6d566d2,test,6,,4897.0,0.725927865452172,1.7326409756471246,179.38983050847457,27.306692683241266,230.0308352052277,183.29977537267715,26.332448437819075,1.2794117647058822,0.0039851888020833335
7eebb3d452d0d6d566d2,test,7,,4840.0,0.7573867109125997,1.747503222863268,137.15413223140496,35.57454929166115,197.30847107438018,130.51487603305785,13.498347107438017,1.1818181818181819,0.003938802083333333
7eebb3d452d0d6d566d2,test,8,,212337.0,0.21804768115874448,1.869127736400742,108.01706720920046,51.46173993029034,158.44098296575726,101.30512345940652,10.323335075846414,1.6091269841269842,0.17280029296875
7eebb3d452d0d6d566d2,test,9,,66369.0,0.30145755456655304,1.7892077679881204,132.5930931609637,44.78979434265723,191.84643432928024,126.10028778495985,10.633985746357487,0.9574468085106383,0.05401123046875
7eebb3d452d0d6d566d2,test,10,,52581.0,0.30893968654235127,1.7579535389247687,121.67805861432836,56.01205292406425,177.44485650710334,114.48207527433864,12.513379357562618,0.7480519480519481,0.04279052734375
7f8eb05fafee02c4c9a6,test,1,,12092.0,0.7248022866366514,1.7185553370912021,128.7477671187562,33.75481084506705,201.14282170029773,116.74735362222957,0.6493549454184585,1.150375939849624,0.009840494791666666
7f8eb05fafee02c4c9a6,test,2,,16117.0,0.3353888712135444,1.7238715117473737,108.21108146677422,29.608317625242737,176.18694546131414,94.44958739219457,0.7704907861264503,1.1942857142857144,0.013116048177083334
7f8eb05fafee02c4c9a6,test,3,,18975.0,0.5173051575241613,1.799371747891403,104.95868247694335,34.677203430925985,172.3474044795784,90.8764163372859,0.6971277997364954,0.6489795918367347,0.01544189453125
7f8eb05fafee02c4c9a6,test,4,,16234.0,0.6633882615326525,1.785923449632636,113.33565356658865,35.44465779773658,186.25052359246027,98.12609338425527,0.4046445731181471,0.9657142857142857,0.013211263020833334
819a8b1a6d20c8e1eecd,test,1,,18128.0,0.5567745325952114,1.7712669167642063,89.92078552515446,47.50889163306185,131.54385481023832,84.11280891438659,10.74161518093557,0.8272251308900523,0.014752604166666667
819a8b1a6d20c8e1eecd,test,2,,112048.0,0.3030460461175531,1.852696379017764,102.35329501642154,46.55866062189071,144.62692774525203,97.8572219048979,14.610961373696988,0.7581967213114754,0.09118489583333333
819a8b1a6d20c8e1eecd,test,3,,23552.0,0.6694226392575083,1.8621453159933599,62.08088485054348,53.799742732051925,91.81432574728261,57.34379245923913,8.666015625,1.5100671140939597,0.019166666666666665
819a8b1a6d20c8e1eecd,test,4,,548.0,0.7779751141774646,1.6992780567532304,115.5,10.722869345809416,150.55109489051094,116.12956204379562,20.279197080291972,1.95,0.00044596354166666667
819a8b1a6d20c8e1eecd,test,5,,40734.0,0.6392787312790924,1.8298232079553252,103.98077772867875,55.979027706022286,149.72578190209654,98.13757548976285,14.157976137870085,1.3219512195121952,0.0331494140625
819a8b1a6d20c8e1eecd,test,6,,75126.0,0.44943044870664844,1.8094085362160917,75.65203790964513,45.29801118313187,108.75482522695205,71.18117562495009,11.93775790006123,1.1003134796238245,0.0611376953125
819a8b1a6d20c8e1eecd,test,7,,80397.0,0.2054611526527968,1.7352965302948096,87.03455352811672,45.74155780529998,123.71306143264052,82.84689727228628,12.438884535492617,0.5875,0.06542724609375
819a8b1a6d20c8e1eecd,test,8,,1037.0,0.354892018194267,1.6958449114212797,137.6152362584378,23.513665352506386,174.02989392478304,139.44840887174541,32.60945033751205,0.671875,0.0008439127604166666
81e53f434ba3aff38d15,test,1,,1332.0,0.6879563998982892,1.858125242942955,149.2132132132132,16.349078810855037,205.47522522522522,146.768018018018,14.06981981981982,0.5517241379310345,0.001083984375
81e53f434ba3aff38d15,test,2,,28039.0,0.6749442365737057,1.817251601429301,115.019080566354,39.15648496264081,171.3329291344199,107.42066407503835,6.423588573058954,1.1194029850746268,0.022818196614583335
81e53f434ba3aff38d15,test,3,,10747.0,0.4898663990660169,1.8086082114329065,138.96640923048292,35.66397261071196,199.00921187308086,133.32716106820507,10.514283055736485,0.7077922077922078,0.008745930989583333
81e53f434ba3aff38d15,test,4,,7551.0,0.6885742822725746,1.8082983171077445,118.79274268308833,66.94746648489196,166.34644417957887,115.11640842272547,12.963316117070587,1.1386138613861385,0.00614501953125
81e53f434ba3aff38d15,test,5,,59382.0,0.25138423581031405,1.79022878112716,146.47772052137012,44.0310231124949,204.07020645987,143.21122562392645,12.227846822269374,1.47766323024055,0.0483251953125
81e53f434ba3aff38d15,test,6,,8146.0,0.2783478268449661,1.8572363210019125,103.09329732383992,47.90147006129489,150.15123987232997,97.5967345936656,7.933095998035846,3.6666666666666665,0.006629231770833333
81e53f434ba3aff38d15,test,7,,6495.0,0.4629879230660912,1.7817348358951903,113.02016936104695,34.14203082860504,161.02263279445728,108.76674364896074,8.95827559661278,2.090909090909091,0.00528564453125
81e53f434ba3aff38d15,test,8,,9222.0,0.41977787399072286,1.8579526996366535,120.5137714161787,25.669858477355646,171.87378009108653,116.23639123834309,7.767078724788549,1.6017699115044248,0.0075048828125
81e53f434ba3aff38d15,test,9,,7017.0,0.4065728501093593,1.8012717772018694,136.49836112298703,23.72033818600978,188.31922473991733,134.54909505486674,10.484822573749465,0.9292035398230089,0.00571044921875
81e53f434ba3aff38d15,test,10,,7024.0,0.6458617186657876,1.7185690707697887,146.92910022779043,37.705429517985074,203.00640660592256,143.75612186788155,16.19490318906606,2.014705882352941,0.0057161458333333335
81e53f434ba3aff38d15,test,11,,510.0,0.38529986105930364,1.769437102025157,141.2549019607843,21.321758321760537,189.94509803921568,141.35882352941175,12.998039215686275,5.363636363636363,0.0004150390625
81e53f434ba3aff38d15,test,12,,918.0,0.7005254236015077,1.8076654572993411,179.859477124183,18.088949688025714,235.01416122004358,182.63725490196077,20.773420479302832,1.5666666666666667,0.0007470703125
81e53f434ba3aff38d15,test,13,,10005.0,0.4389526815920894,1.6795162853760548,125.93033483258371,41.53290446454715,183.8214892553723,119.60459770114943,6.71824087956022,0.9797297297297297,0.00814208984375
830b246bb34ac389689d,test,1,,42220.0,0.5352573830774827,1.8396407252618414,96.36570345807674,42.96224796083867,162.61956418758882,81.03775461866414,1.5083135954523923,1.132,0.03435872395833333
830b246bb34ac389689d,test,2,,19242.0,0.686398282554691,1.8021319698291587,131.95094065066002,45.23081141450759,205.18075044174202,119.90473963205488,1.8814052593285522,1.7307692307692308,0.0156591796875
830b246bb34ac389689d,test,3,,9541.0,0.7445518835303749,1.7735870256238353,143.84571847814695,54.754520638990165,208.91719945498374,137.9125877790588,3.6992977675296093,1.1322314049586777,0.007764485677083334
830b246bb34ac389689d,test,4,,3014.0,0.8017011181399162,1.9006413862131657,156.26907763769077,64.80114745915003,209.51194426011944,157.54777704047777,10.006967485069675,0.9032258064516129,0.0024527994791666667
830b246bb34ac389689d,test,5,,10727.0,0.5186894568015376,1.8122790632226358,137.0632049967372,54.22545213696777,203.70364500792394,128.98415213946117,3.9051925048941922,1.7722772277227723,0.008729654947916667
830b246bb34ac389689d,test,6,,10895.0,0.665448156356444,1.7248418219199932,131.07085819183112,45.13216865797606,203.34419458467187,119.2920605782469,2.166590178981184,1.0902255639097744,0.008866373697916667
830b246bb34ac389689d,test,7,,4911.0,0.4249249815639472,1.747664661115866,95.49195683160252,40.941946852511606,168.1779678273264,76.97861942577886,0.1347994298513541,0.21264367816091953,0.00399658203125
839e9bc4501d64810313,test,1,,3041.0,0.570398502428122,1.7977708272171187,151.8872081552121,31.58492470667746,224.21571851364683,144.28477474514963,1.3160144689246958,1.5081967213114753,0.0024747721354166667
839e9bc4501d64810313,test,2,,26668.0,0.4031600006109463,1.8044092615197427,137.7375131243438,40.3854147324128,213.52681115944202,125.79413529323534,0.4384280785960702,1.0769230769230769,0.021702473958333333
839e9bc4501d64810313,test,3,,5062.0,0.7425164008064543,1.8567496470816673,151.7216515211379,47.742139603437565,219.71453970762545,146.21276175424734,1.716910312129593,0.5504587155963303,0.004119466145833334
839e9bc4501d64810313,test,4,,9031.0,0.7977945603295772,1.8360293113167472,91.61765031557967,54.04606723040838,154.40671022035212,77.27726719078728,0.8588196213043959,1.1238095238095238,0.007349446614583333
839e9bc4501d64810313,test,5,,2405.0,0.8314633611176986,1.7857376603725768,172.7068607068607,26.873789383734188,243.33305613305615,170.1101871101871,0.8340956340956341,1.2692307692307692,0.001957194010416667
839e9bc4501d64810313,test,6,,32066.0,0.14153860530548942,1.8283474267457689,184.77727187675418,27.01655525710024,246.10871327886235,188.95468720763427,2.3958086446703675,1.0326530612244897,0.026095377604166668
839e9bc4501d64810313,test,7,,185152.0,0.055416929189083045,1.745992244591731,133.02611908053925,43.02043427148725,205.29079351019703,121.73479087452472,1.5990159436571034,1.1349325337331335,0.15067708333333332
839e9bc4501d64810313,test,8,,90125.0,0.10058259278942618,1.7639059174849054,151.27632732316226,43.46297958799862,220.57698751733705,144.92419417475728,2.1841775312066574,1.9724770642201834,0.07334391276041667
839e9bc4501d64810313,test,9,,7647.0,0.39978172249472926,1.7730501173791169,139.514319340918,35.11276866163011,215.35046423434025,127.83889106839284,0.6785667582058323,0.6,0.00622314453125
839e9bc4501d64810313,test,10,,4639.0,0.49767735361818316,1.7652847609613678,149.1575770640224,26.397853956415595,226.38305669325285,138.65380469928863,0.6059495580944169,0.6831683168316832,0.0037752278645833332
839e9bc4501d64810313,test,11,,16810.0,0.5609583210885005,1.7948582463350757,118.86383105294468,41.513674925102,192.36168947055324,104.45044616299822,0.30749553837001786,0.8633879781420765,0.013680013020833333
844dd84c90f640ac3204,test,1,,1641.0,0.3809265329788358,1.7307403232494956,169.5496648385131,32.71633294528518,241.775746496039,165.52102376599635,0.8677635588056063,4.818181818181818,0.00133544921875
844dd84c90f640ac3204,test,2,,31901.0,0.6237548447624192,1.8522606137650741,85.3867590357669,48.64815896462282,145.40447007930786,71.30820350459233,0.4883232500548572,0.7983870967741935,0.025961100260416668
844dd84c90f640ac3204,test,3,,5678.0,0.7154250480496883,1.7649440935319414,112.9365973934484,42.68308713382827,182.07995773159564,99.39098274040155,1.3038041563930962,1.3253012048192772,0.0046207682291666665
844dd84c90f640ac3204,test,4,,9102.0,0.5844753358910395,1.8448409892157596,143.7008349813228,43.94289053300105,213.17919138650845,135.75093386068997,2.4181498571742472,1.1886792452830188,0.0074072265625
844dd84c90f640ac3204,test,5,,6820.0,0.2949563604808468,1.8333731714905803,116.65645161290323,37.94215010465767,185.06378299120234,104.39090909090909,0.38885630498533724,4.84,0.0055501302083333336
844dd84c90f640ac3204,test,6,,17089.0,0.7114919187936087,1.7969421715392768,127.85733512786003,46.0998124482917,199.2264614664404,116.17057756451518,0.8188308268476798,1.183673469387755,0.013907063802083333
844dd84c90f640ac3204,test,7,,13626.0,0.6479304590598113,1.8535169247442258,158.65059445178335,35.437113899862226,228.51401731982975,153.35645090268605,2.5745633348011157,0.6647727272727273,0.0110888671875
844dd84c90f640ac3204,test,8,,22710.0,0.30097966184628394,1.774080414613546,150.17763099955965,32.58208577372328,223.33663584324086,141.80590048436812,1.3414795244385733,1.0222222222222221,0.0184814453125
844dd84c90f640ac3204,test,9,,20461.0,0.3401893136526831,1.7596302314126455,141.1656321782904,43.041860021576575,209.52421680269782,133.29881237476175,2.3264258833879086,1.0,0.016651204427083333
844dd84c90f640ac3204,test,10,,4722.0,0.6282074188388139,1.7295688371018563,139.41507835662856,44.893875630510024,207.75370605675562,131.43498517577297,1.2443879711986447,0.8764044943820225,0.0038427734375
844dd84c90f640ac3204,test,11,,8340.0,0.6749567754194022,1.7700910782516552,164.03681055155874,35.13527421131302,232.2435251798561,160.73153477218224,2.109232613908873,0.725925925925926,0.006787109375
844dd84c90f640ac3204,test,12,,7945.0,0.5237232598535265,1.8237514717904206,143.4976714915041,48.94435803415991,210.4395217117684,136.32297042164885,4.808684707363121,0.905511811023622,0.0064656575520833336
844dd84c90f640ac3204,test,13,,11341.0,0.8198949258816491,1.8294577524653532,116.68142139141169,42.43420606346477,186.8854598359933,103.45613261617142,0.6670487611321753,0.8248175182481752,0.009229329427083334
844dd84c90f640ac3204,test,14,,29303.0,0.47937666332218154,1.798774606278009,128.3594171245265,50.06212453508201,194.68617547691363,119.19544073985598,1.5095723987305054,0.6621160409556314,0.023846842447916666
844dd84c90f640ac3204,test,15,,3330.0,0.5649170661719355,1.7381400293397904,107.59909909909909,52.61902223236269,171.93363363363363,95.38078078078078,1.7384384384384384,0.44954128440366975,0.0027099609375
844dd84c90f640ac3204,test,16,,18842.0,0.53521433390376,1.7526467443077347,125.02674875278633,43.06884743394252,195.61994480416092,113.23023033648232,0.5825814669355694,1.5833333333333333,0.015333658854166666
844dd84c90f640ac3204,test,17,,12989.0,0.7261588975780527,1.8551888658670008,111.57086765724844,55.630184050549374,172.07336977442452,101.80098544922627,3.1635999692047116,0.7272727272727273,0.010570475260416667
844dd84c90f640ac3204,test,18,,17672.0,0.6418719715372201,1.7585030806806012,135.72464916251698,36.76123527749993,209.85711860570393,124.243435943866,0.36243775464010863,1.1533742331288344,0.014381510416666667
844dd84c90f640ac3204,test,19,,16071.0,0.5037875926985439,1.862981837492697,135.3705432144857,41.51758439082517,202.82745317652916,126.82838653475204,2.417148901748491,1.775,0.01307861328125
844dd84c90f640ac3204,test,20,,15068.0,0.4187311160387892,1.8795295817582844,122.21402973188214,39.5229422593224,190.70978232014866,110.82870984868596,1.1898062118396602,1.9217391304347826,0.012262369791666667
844dd84c90f640ac3204,test,21,,10995.0,0.636834900746876,1.7796104896912814,100.65993633469759,42.764706776716466,168.7711687130514,85.35907230559346,0.7880854934060937,0.9142857142857143,0.00894775390625
844dd84c90f640ac3204,test,22,,37562.0,0.21989736363417073,1.7818649433493552,134.5524199989351,37.79383515813571,206.5352217666791,123.81284276662585,1.0142697406953836,1.8721461187214612,0.030568033854166666
844dd84c90f640ac3204,test,23,,6583.0,0.5863147706597543,1.782570715143838,135.72125170894728,53.47504425455032,203.88196870727631,126.97918881968707,1.92845207352271,1.0490196078431373,0.005357259114583333
844dd84c90f640ac3204,test,24,,10115.0,0.4626640670530157,1.7976962784089692,162.36589223924864,27.11906854369197,235.97014335145823,156.21453287197232,0.9304992585269402,0.4540540540540541,0.008231608072916667
844dd84c90f640ac3204,test,25,,18548.0,0.46506783629312737,1.7513379468939672,103.04156782402416,50.36292533166097,170.62907051973258,88.50722449859823,0.600765581194738,1.5918367346938775,0.015094401041666667
844dd84c90f640ac3204,test,26,,26653.0,0.3175935340363627,1.8203328460371269,135.56815367876035,42.36076902208065,208.3753048437324,124.66664165384759,0.7207068622669118,1.5224719101123596,0.021690266927083333
85205bb276773c10fbea,test,1,,12174.0,0.5078320121146171,1.7375153636388347,137.9349433218334,33.11352755058491,198.07877443732545,132.4322326269098,8.464350254641039,1.1567164179104477,0.0099072265625
85205bb276773c10fbea,test,2,,14669.0,0.4702214679347931,1.7599045692456372,133.70816006544413,32.523641886518334,190.85827254754926,129.05426409434864,7.749539845933602,1.103658536585366,0.011937662760416667
85205bb276773c10fbea,test,3,,18587.0,0.35537801211728665,1.7711977569329505,120.53246892989723,34.1684996711096,173.50040350782805,115.45994512293538,7.6820896325388714,1.2429378531073447,0.015126139322916666
85205bb276773c10fbea,test,4,,10241.0,0.5179587905300073,1.7915550989098659,151.13387364515185,30.55956589341918,211.22546626306024,147.57230739185627,11.851186407577385,0.7017543859649122,0.008334147135416666
85205bb276773c10fbea,test,5,,16271.0,0.580139241070563,1.7306322008962916,129.22395673283756,28.205737621800342,178.30981500829697,126.78139020342941,12.970069448712433,1.2236024844720497,0.013241373697916666
85205bb276773c10fbea,test,6,,15163.0,0.5268199552624431,1.7794419749962611,137.3334432500165,31.97784560759351,196.65323484798523,132.30943744641561,7.6130712919606935,1.049689440993789,0.012339680989583334
85205bb276773c10fbea,test,7,,7129.0,0.6578087562231177,1.8069662930586128,116.77654650021042,22.76279654434235,165.10127647636415,112.55281245616496,11.645672604853416,0.9813084112149533,0.005801595052083333
85205bb276773c10fbea,test,8,,5960.0,0.7315597274152315,1.790103004149081,144.7,38.40240309874356,199.725,141.39211409395972,17.308389261744967,1.043956043956044,0.004850260416666667
85205bb276773c10fbea,test,9,,9650.0,0.3166552144225883,1.7579125603498542,164.44725388601037,27.602481025808196,226.1441450777202,163.21875647668395,8.95160621761658,2.467391304347826,0.007853190104166666
85205bb276773c10fbea,test,10,,5570.0,0.504304566543179,1.7230349643731193,129.17073608617594,28.600393683440167,184.67342908438061,124.316157989228,8.51669658886894,0.46206896551724136,0.004532877604166667
85205bb276773c10fbea,test,11,,3474.0,0.5911969300090372,1.7606919388213689,115.74438687392055,16.166653451057055,161.13586643638456,112.98992515831894,10.751871042026483,2.0,0.0028271484375
85205bb276773c10fbea,test,12,,1577.0,0.6356453845709084,1.8016312600157431,155.76981610653138,28.973709938948055,218.47368421052633,151.93088142041853,11.019657577679137,0.6833333333333333,0.0012833658854166667
85205bb276773c10fbea,test,13,,2140.0,0.705374980828692,1.7614323935273035,180.70233644859812,19.13334160297537,237.9014018691589,184.25794392523363,12.149532710280374,1.5952380952380953,0.0017415364583333334
85205bb276773c10fbea,test,14,,1883.0,0.7035190766781249,1.7927355065640476,125.07275624004248,9.185265868697467,175.88210302708444,121.63834306956984,9.360594795539033,1.3555555555555556,0.0015323893229166666
85205bb276773c10fbea,test,15,,1772.0,0.7409674685021567,1.7817374935097947,120.28668171557563,13.461263832853948,166.75,117.68961625282166,11.702595936794582,0.8823529411764706,0.0014420572916666666
85205bb276773c10fbea,test,16,,7708.0,0.29191678348113265,1.6542426771372494,124.00843279709393,29.098869746658156,174.6773482096523,120.75518941359627,7.813700051894136,1.094890510948905,0.006272786458333333
8591427161c524499780,test,1,,11963.0,0.6724521264001918,1.8296450238882385,113.55471035693388,48.264283084451336,155.9893003427234,109.33595252027084,23.953774136922178,0.6,0.009735514322916666
8591427161c524499780,test,2,,101916.0,0.44806574743181055,1.7942723270753973,112.13757408061541,49.70474207365981,160.95170532595472,106.60699007025393,12.622875701558145,2.0964285714285715,0.082939453125
8591427161c524499780,test,3,,35397.0,0.3729309164219788,1.8293663464835004,95.48718817978924,50.79946872300685,131.6518066502811,91.91759188631805,19.023222306975168,1.7614213197969544,0.02880615234375
8591427161c524499780,test,4,,3610.0,0.7903387635570174,1.7175674213407834,104.84432132963988,59.821790998590295,144.22216066481994,101.198891966759,20.302216066481993,1.1846153846153846,0.0029378255208333333
8591427161c524499780,test,5,,4757.0,0.6608837607161274,1.7284323457145971,171.06747950388902,32.36237606067367,217.30460374185412,173.32331301240276,38.16375867143157,1.3380281690140845,0.003871256510416667
8591427161c524499780,test,6,,50666.0,0.3567562201984428,1.731139183315433,90.77404965854814,52.451794306203645,130.57513914656772,85.6386334030711,12.867899577626021,0.9457627118644067,0.041232096354166664
8591427161c524499780,test,7,,6098.0,0.63858475470492,1.827929824131049,90.31387340111512,46.82946957259938,128.9888488028862,85.68973433912758,12.644145621515252,1.4556962025316456,0.004962565104166667
8591427161c524499780,test,8,,2996.0,0.5456747737254843,1.8669852422662074,142.9749666221629,34.76378962259609,186.4175567423231,143.32409879839787,27.117823765020027,0.5274725274725275,0.0024381510416666666
8591427161c524499780,test,9,,1610.0,0.35129799440921144,1.7368048441897237,121.9695652173913,28.979876383702724,164.31863354037267,119.55217391304348,23.235403726708075,1.975609756097561,0.0013102213541666666
8591427161c524499780,test,10,,3515.0,0.786148258077473,1.6785072213071106,111.20455192034139,36.77882039096883,153.25405405405405,107.35675675675675,20.648933143669986,1.0,0.0028605143229166667
8591427161c524499780,test,11,,32267.0,0.37918742800819233,1.691592172700844,111.3960392971147,44.92488264359938,158.92112684786315,105.41810518486379,17.50416834536833,1.0,0.026258951822916668
86765cf66e373d4f19c7,test,1,,4.0,1.0,nan,83.0,3.9370039370059056,155.0,62.25,1.75,1.0,3.2552083333333335e-06
86765cf66e373d4f19c7,test,2,,3977.0,0.676295895926283,1.854948687742266,149.5064118682424,37.627704226341976,205.9778727684184,146.38420920291676,17.36082474226804,0.47,0.0032364908854166665
86765cf66e373d4f19c7,test,3,,2246.0,0.6274900357522979,1.7772504480633926,202.0280498664292,21.75406158388714,244.27426536064115,211.99732858414959,39.702582368655385,1.5952380952380953,0.0018277994791666666
86765cf66e373d4f19c7,test,4,,1848.0,0.8359916272083745,1.78190507231104,192.25811688311688,15.120903048693334,244.2922077922078,198.64826839826839,22.7775974025974,0.9,0.00150390625
86765cf66e373d4f19c7,test,5,,842920.0,0.11576673677358823,1.9044682640302653,141.10215678830733,50.322144633313115,196.4679008684098,137.95576923076922,12.091486736582356,1.3336820083682008,0.6859700520833333
888b29ac72f00aa9b0a4,test,1,,4626.0,0.4301014442228577,1.78634214022446,169.2596195417207,39.798208025849945,231.25853869433635,168.8858625162127,8.571984435797665,3.738095238095238,0.0037646484375
888b29ac72f00aa9b0a4,test,2,,18307.0,0.575234094223328,1.7681188159757446,145.99420986507894,35.70913109101874,209.05205659037526,140.7633692030371,7.547659365270115,1.0747126436781609,0.014898274739583333
888b29ac72f00aa9b0a4,test,3,,336351.0,0.06979661009027635,1.8180841571544053,117.23246548991976,47.48077232362334,172.47405537667495,110.46562965473568,7.241078516192905,0.7340980187695516,0.27372314453125
888b29ac72f00aa9b0a4,test,4,,38119.0,0.2881616350068238,1.9014334938604485,108.17854613185025,48.98215033102728,164.80319525695847,99.28195912799391,5.537789553765839,0.28604651162790695,0.031021321614583333
888b29ac72f00aa9b0a4,test,5,,5490.0,0.586417284633268,1.7980578833743357,155.61712204007287,27.627713675542303,218.9167577413479,152.12586520947175,7.555373406193079,1.7164179104477613,0.0044677734375
888b29ac72f00aa9b0a4,test,6,,20420.0,0.31759571845381174,1.7703225791145811,133.46532810969637,39.08206693035264,191.6181194906954,128.39275220372184,7.005288932419197,1.0524017467248907,0.016617838541666666
888b29ac72f00aa9b0a4,test,7,,18176.0,0.3093373375961617,1.8626235738646362,134.83802816901408,56.01262372007089,191.22854313380282,130.59908670774647,8.77662852112676,0.37658227848101267,0.014791666666666667
888b29ac72f00aa9b0a4,test,8,,4320.0,0.732548418995388,1.8983079027946068,160.20763888888888,30.891659352862586,217.9574074074074,159.85787037037036,10.50162037037037,1.5166666666666666,0.003515625
888b29ac72f00aa9b0a4,test,9,,8765.0,0.6669168085238131,1.7947940918111618,148.39760410724472,38.46395746569939,210.90792926411865,143.69446662863663,8.676212207644038,0.7426470588235294,0.007132975260416666
888b29ac72f00aa9b0a4,test,10,,82852.0,0.19589392524195848,1.7430205612332361,146.45890262154202,42.797979598180945,209.13831893014049,141.59574904649253,7.14699705498962,2.1702127659574466,0.06742513020833334
888b29ac72f00aa9b0a4,test,11,,6092.0,0.35665785123016425,1.85167822343802,132.2972751149048,51.762603710943004,188.15101772816809,127.7967826657912,9.02462245567958,0.71875,0.004957682291666667
888b29ac72f00aa9b0a4,test,12,,118.0,0.25576538472887456,1.4878762268766619,147.15254237288136,16.130625214402777,207.40677966101694,143.6271186440678,7.076271186440678,6.166666666666667,9.602864583333333e-05
888b29ac72f00aa9b0a4,test,13,,334.0,0.7305156065544546,1.616733919183673,177.625748502994,12.124629578004233,234.52994011976048,180.05089820359282,15.706586826347305,0.6296296296296297,0.0002718098958333333
888b29ac72f00aa9b0a4,test,14,,3064.0,0.7270619810585438,1.684257196791491,168.23563968668407,30.278202377489503,228.27676240208876,167.68701044386424,13.450718015665796,1.0307692307692307,0.0024934895833333332
888b29ac72f00aa9b0a4,test,15,,66.0,0.6264903538889762,1.4770612278690647,112.4090909090909,36.39887497126187,179.63636363636363,99.46969696969697,3.0303030303030303,0.8461538461538461,5.37109375e-05
888b29ac72f00aa9b0a4,test,16,,692.0,0.5386919497642091,1.5987469906199452,68.65751445086705,26.439150088568667,110.49566473988439,59.536127167630056,5.930635838150289,1.0555555555555556,0.0005631510416666667
888b29ac72f00aa9b0a4,test,17,,2216.0,0.8005287419198791,1.824345505803003,160.09837545126354,26.568015655005098,223.73104693140795,157.40839350180505,7.092960288808665,1.28,0.0018033854166666667
888b29ac72f00aa9b0a4,test,18,,568.0,0.7803377442814909,1.7795920065128852,167.88732394366198,24.386081400630136,228.47359154929578,167.07218309859155,13.209507042253522,0.96875,0.00046223958333333333
888b29ac72f00aa9b0a4,test,19,,797.0,0.8512647104579819,1.7244944686540509,147.5470514429109,20.48157618629839,198.95357590966123,147.0,15.445420326223337,0.8421052631578947,0.0006486002604166667
888b29ac72f00aa9b0a4,test,20,,692.0,0.771258056513233,1.7028832768423297,150.86271676300578,29.29893658658532,218.757225433526,144.8222543352601,3.9552023121387285,0.7027027027027027,0.0005631510416666667
891f3ff8586e46d69518,test,1,,6556.0,0.6271200763362094,1.793729718356177,130.6172971323978,33.075077755516055,199.4685784014643,120.50579621720561,2.0593349603416717,1.1030927835051547,0.005335286458333333
891f3ff8586e46d69518,test,2,,11486.0,0.5347247136175863,1.8190469851275077,122.40179348772419,31.331645526686014,196.2253177781647,108.41755180219397,0.7376806547100818,1.8041237113402062,0.009347330729166667
891f3ff8586e46d69518,test,3,,9707.0,0.7050440616354559,1.8547826923088924,111.78335222004739,37.76512049120637,181.17564644071288,97.9744514268054,0.8954362830946739,1.0,0.007899576822916667
891f3ff8586e46d69518,test,4,,26328.0,0.4797848944388022,1.7825488303539743,120.95050896384078,40.3065436498707,189.5163704041325,109.24278334852629,1.3757596475235492,1.2322274881516588,0.02142578125
891f3ff8586e46d69518,test,5,,52851.0,0.16473389960848642,1.7150059882393898,132.49849577113017,44.53003232363836,202.78901061474713,122.11294015250421,1.5812756617660972,0.954653937947494,0.04301025390625
89ac9fe45664f4c42ad6,test,1,,20213.0,0.25950076323096805,1.8125328753149939,163.11814178993717,41.275313509874486,231.68930886063424,159.53881165586503,1.652253500222629,1.440251572327044,0.016449381510416666
89ac9fe45664f4c42ad6,test,2,,10703.0,0.6947522852251503,1.8255405970572178,139.08007100812856,38.4970982028612,215.2706717742689,127.09193684013827,0.9658974119405774,1.6666666666666667,0.008710123697916667
89ac9fe45664f4c42ad6,test,3,,2476.0,0.6966344280177029,1.758670846762309,132.35379644588045,48.367693703020365,199.08885298869143,123.9329563812601,0.6809369951534734,0.5487804878048781,0.0020149739583333335
89ac9fe45664f4c42ad6,test,4,,1607.0,0.816183525804286,1.749336438774198,163.75295581829496,24.043221342151583,239.1344119477287,156.82638456751712,1.6913503422526446,0.8627450980392157,0.0013077799479166666
89ac9fe45664f4c42ad6,test,5,,64204.0,0.14399882458921848,1.7554271618989756,151.56242601707058,41.24460850739581,220.66279359541463,145.16212385521152,3.2514640832346893,0.7278911564625851,0.05224934895833333
89ac9fe45664f4c42ad6,test,6,,8779.0,0.6029974418149932,1.7959366869796551,100.79359835972207,54.11364305991242,163.900444241941,88.13429775600866,0.5090557011049095,0.8356164383561644,0.007144368489583333
89ac9fe45664f4c42ad6,test,7,,17410.0,0.6944478861588887,1.8513962539248987,105.28862722573234,55.65636167036078,168.0945433658817,93.20505456634119,2.7464675473865596,0.6318407960199005,0.014168294270833333
8c10a746f7fb065fd8e2,test,1,,10961.0,0.7349318929888935,1.8529031615973333,107.59948909771006,50.339516709402055,166.02089225435634,98.45315208466381,1.6528601404981298,1.1538461538461537,0.008920084635416667
8c10a746f7fb065fd8e2,test,2,,24439.0,0.40572652783112567,1.766739520777816,122.62322517287942,37.31625094093828,186.55427799828144,113.50313024264496,2.0853962928106715,1.2701421800947867,0.019888509114583335
8c10a746f7fb065fd8e2,test,3,,10079.0,0.5589280160681213,1.796094591295261,125.72556801269967,36.74169660189558,189.8066276416311,117.26917352911995,1.4157158448258755,1.556701030927835,0.008202311197916666
8c10a746f7fb065fd8e2,test,4,,18481.0,0.47873329844302853,1.8298905907665162,124.6623018234944,40.66642205132633,190.10394459174287,115.13765488880472,2.229587143552838,0.44357976653696496,0.015039876302083333
8c10a746f7fb065fd8e2,test,5,,4910.0,0.7583642374418818,1.798007246740757,126.80529531568229,38.06455515207039,193.32729124236252,117.24908350305499,1.7572301425661914,1.2133333333333334,0.003995768229166667
8c10a746f7fb065fd8e2,test,6,,8875.0,0.7221115499793986,1.864986786858381,109.00157746478874,50.068498406911225,164.58647887323943,101.48394366197184,2.0010140845070423,0.7913043478260869,0.007222493489583333
8c10a746f7fb065fd8e2,test,7,,9020.0,0.560687135419217,1.780661001127987,120.2529933481153,38.82929647670412,184.59745011086474,110.3869179600887,2.46940133037694,1.3047619047619048,0.007340494791666667
8c10a746f7fb065fd8e2,test,8,,4746.0,0.6811271490832387,1.7156991643742754,111.33206911083018,36.569748916786054,173.89001264222503,100.48967551622418,3.209228824273072,1.5797101449275361,0.0038623046875
8c10a746f7fb065fd8e2,test,9,,11796.0,0.5922819184758136,1.8189411086062588,115.51703967446592,39.86059717448121,182.65140725669718,103.44565954560868,1.8423194303153612,1.5132743362831858,0.009599609375
8c10a746f7fb065fd8e2,test,10,,10491.0,0.27199514422214705,1.7049609490507467,101.81069488132685,41.65266874586869,160.62348679820798,90.97912496425508,3.4578209894195022,0.9133333333333333,0.00853759765625
8c10a746f7fb065fd8e2,test,11,,1922.0,0.7121014678812164,1.6917235100290244,115.9063475546306,38.190273007985574,183.53329864724245,103.55515088449532,2.4422476586888657,0.6521739130434783,0.0015641276041666666
8c10a746f7fb065fd8e2,test,12,,13668.0,0.722749997712859,1.7132043620972546,91.28299678080187,42.4485791017,152.61398887913376,77.32645595551654,2.46780801872988,0.9019607843137255,0.011123046875
8cec87b4f6890f4f800c,test,1,,141109.0,0.17212685997147706,1.8392556549744432,129.9568277005719,46.76167292374102,186.6613114684393,124.51417698375015,9.269543402617835,1.4361493123772102,0.11483479817708334
8cec87b4f6890f4f800c,test,2,,3512.0,0.600248785143199,1.8329975647226269,163.72095671981776,45.77897198581302,221.65375854214122,163.59197038724375,12.347095671981776,1.5689655172413792,0.0028580729166666667
8cec87b4f6890f4f800c,test,3,,2704.0,0.714177393457597,1.7759057039245325,154.47633136094674,31.20910629183685,213.85798816568047,151.44933431952663,14.150887573964496,1.290909090909091,0.0022005208333333334
8cec87b4f6890f4f800c,test,4,,2052.0,0.7009621869739575,1.7032529038116717,192.7266081871345,11.53758218716664,244.30214424951268,199.39083820662768,22.897173489278753,0.5223880597014925,0.001669921875
8cec87b4f6890f4f800c,test,5,,35852.0,0.4327608375549817,1.8171995288178686,120.17337944884525,43.6943389325364,176.4235468035256,113.61631150284504,6.415932165569564,1.6282722513089005,0.029176432291666665
8cec87b4f6890f4f800c,test,6,,88450.0,0.4930537466275597,1.813174536016069,122.31321650650085,43.50672087673419,174.28070096099492,117.71002826455624,9.72967778405879,0.5058823529411764,0.07198079427083333
8cec87b4f6890f4f800c,test,7,,61423.0,0.40837865410576674,1.8103576384703057,137.33620956319294,41.716645677121335,196.78006609901828,132.17672533090212,7.993113328883317,0.861764705882353,0.049986165364583335
8cec87b4f6890f4f800c,test,8,,103256.0,0.24214635854863656,1.7758744390163357,144.3347117843031,47.86574083088652,203.35604710622144,140.58092507941427,8.871804059812504,1.3507462686567164,0.08402994791666667
8cec87b4f6890f4f800c,test,9,,3573.0,0.7224547408464604,1.8132249981732738,149.45200111950743,28.07574925282443,209.67030506577106,145.72656031346207,10.598656591099916,0.8311688311688312,0.00290771484375
8cec87b4f6890f4f800c,test,10,,7245.0,0.5819789452524005,1.8081917134484609,170.75873015873015,48.86662777307938,219.58688750862663,174.79696342305039,21.862939958592133,0.9304347826086956,0.00589599609375
8cec87b4f6890f4f800c,test,11,,32934.0,0.29020773404305594,1.6853264930254264,110.29768628165422,48.169062291938104,162.50756057569686,103.66359992712698,7.559816602902775,0.9222614840989399,0.0268017578125
8cec87b4f6890f4f800c,test,12,,16733.0,0.7402281451160322,1.7939239630153614,58.51616566067053,58.14130078884372,93.02533915018228,51.23534333353254,5.648777864100879,0.7810650887573964,0.013617350260416666
8cec87b4f6890f4f800c,test,13,,21253.0,0.4553908823392332,1.7863837101528421,109.26956194419611,40.49088329908681,162.01039853197196,102.53333647014539,5.651155131040324,2.0,0.017295735677083333
8f37ecdb69402da4e8f8,test,1,,13180.0,0.808109291769667,1.7577022625216243,81.93224582701062,62.583659635547946,117.31995447647951,77.63725341426404,11.253869499241274,1.0763358778625953,0.010725911458333333
8f37ecdb69402da4e8f8,test,2,,19112.0,0.586062314207063,1.7770304462005793,119.25711594809543,36.537698019024965,169.64190037672665,114.53332984512349,11.352501046462955,1.0993788819875776,0.015553385416666666
8f37ecdb69402da4e8f8,test,3,,9416.0,0.646091122131198,1.8628209807284235,119.28302888700085,36.321239622984066,166.07221750212403,115.84441376380629,14.22429906542056,1.1261261261261262,0.007662760416666667
8f37ecdb69402da4e8f8,test,4,,12436.0,0.71589130711636,1.8284951737966042,116.98198777742039,46.30600454620308,169.4252975233194,110.51640398842072,12.74879382438083,1.6372549019607843,0.010120442708333333
8f37ecdb69402da4e8f8,test,5,,44950.0,0.3286299768255136,1.756589724266304,121.63001112347052,45.642140363640834,177.17968854282537,114.92286985539488,10.446117908787542,0.9459459459459459,0.036580403645833336
8f37ecdb69402da4e8f8,test,6,,4891.0,0.6363007723173958,1.7920236925206177,137.31752197914537,32.870071564490864,193.63933755878145,132.64710693109794,13.518503373543243,0.8901098901098901,0.003980305989583334
8f37ecdb69402da4e8f8,test,7,,3190.0,0.40840360058654,1.7415926944134368,125.18056426332288,57.97946884204027,171.57554858934168,123.29435736677117,13.09717868338558,0.3089430894308943,0.0025960286458333332
8f37ecdb69402da4e8f8,test,8,,2191.0,0.4855597231767813,1.7742139665510284,153.72113190324052,22.293410941920076,210.85257873117297,150.91236878137838,18.213144682793246,0.8507462686567164,0.0017830403645833334
8f37ecdb69402da4e8f8,test,9,,2095.0,0.37416854870737726,1.8536774776099003,117.62243436754177,35.64087879569224,166.41861575178999,113.51503579952268,10.665871121718377,4.111111111111111,0.0017049153645833333
8f37ecdb69402da4e8f8,test,10,,32608.0,0.6396458765331978,1.8038369021808016,95.26168424926398,63.34108497754741,141.08347644749756,88.04091020608439,12.33749386653582,0.6013745704467354,0.026536458333333332
91559ca0f839f90cc9f9,test,1,,24758.0,0.5904402853521841,1.805267090902099,95.69399789966879,57.79095080542513,138.74303255513368,89.14997172631068,16.5155505291219,1.2055555555555555,0.020148111979166668
91559ca0f839f90cc9f9,test,2,,9323.0,0.6769615128616777,1.8499493991749358,100.37069612785584,30.861972048036435,136.3424863241446,97.99399334978011,18.177196181486647,0.9752066115702479,0.007587076822916667
91559ca0f839f90cc9f9,test,3,,21918.0,0.6430058920687409,1.7892227557217797,78.29779176932202,42.72642262257936,117.64723058673236,71.3836572679989,10.738388539100283,0.9641025641025641,0.0178369140625
91559ca0f839f90cc9f9,test,4,,25545.0,0.6091391567177777,1.8107305595492504,80.48815815228029,46.19359835286817,123.27101193971423,72.47520062634567,9.623448815815228,0.9252336448598131,0.02078857421875
91559ca0f839f90cc9f9,test,5,,9243.0,0.6371070700609482,1.798011974719919,134.4033322514335,46.103227219263225,173.40701071080818,133.25121713729308,37.9451476793249,0.8102189781021898,0.00752197265625
91559ca0f839f90cc9f9,test,6,,2261.0,0.400877299383945,1.7356995947450302,148.21848739495798,37.58991030289622,198.6766917293233,144.06236178682,37.16895179124281,0.3333333333333333,0.0018400065104166668
91559ca0f839f90cc9f9,test,7,,9508.0,0.5764257628059046,1.7803391182788684,142.75262936474547,43.710152457732235,191.7852334875894,140.5369162810265,25.529554059739166,1.3979591836734695,0.007737630208333333
91d0c6d931cb18e728ee,test,1,,333.0,0.6008147604877393,1.7891042239249,96.04804804804805,17.64253248959287,144.012012012012,89.45645645645645,3.945945945945946,2.2666666666666666,0.00027099609375
91d0c6d931cb18e728ee,test,2,,135852.0,0.13869422026902933,1.7498366663058007,112.70324323528546,43.64164928347703,163.61617053852723,106.39474575273091,11.630134263757618,1.0688622754491017,0.110556640625
91d0c6d931cb18e728ee,test,3,,16816.0,0.6669106044981106,1.7491911753711227,112.47103948620362,37.12297937956445,158.21295195052332,108.13826117982873,14.767364414843007,1.1986754966887416,0.013684895833333334
91d0c6d931cb18e728ee,test,4,,9598.0,0.7550932020205408,1.86765352805638,127.68878933111064,41.59825247099394,174.7667222337987,124.39529068555949,21.118878933111066,0.9829059829059829,0.007810872395833333
91d0c6d931cb18e728ee,test,5,,5432.0,0.7015722079894774,1.7656191533028534,113.56038291605302,41.62957351117472,156.76509572901327,110.11892488954345,17.916053019145803,1.3466666666666667,0.004420572916666666
91d0c6d931cb18e728ee,test,6,,5461.0,0.7706509830278804,1.8270469438000418,155.16626991393517,27.44698416140685,212.42190075077824,151.17780626258926,25.466581212232192,1.2337662337662338,0.004444173177083333
91d0c6d931cb18e728ee,test,7,,28237.0,0.5792114188531886,1.8280298556212355,129.81552572865388,51.4589064751598,178.75556893437687,125.56025781775685,23.325601161596488,0.8590308370044053,0.022979329427083334
91d0c6d931cb18e728ee,test,8,,71.0,0.8902924737136679,1.5431319450516783,186.8732394366197,8.91892998297787,239.04225352112675,190.91549295774647,29.070422535211268,0.9,5.7779947916666666e-05
91d0c6d931cb18e728ee,test,9,,5251.0,0.4262829406479435,1.799188459481371,162.1159779089697,1.4147769711199427,214.59302989906683,161.58293658350792,26.971434012569034,2.816326530612245,0.0042732747395833335
91d0c6d931cb18e728ee,test,10,,3374.0,0.3088558674631104,1.784527594506279,149.3165382335507,23.13949564689558,203.7528156490812,146.21221102548904,22.387966804979254,0.2356687898089172,0.0027457682291666665
91d0c6d931cb18e728ee,test,11,,7003.0,0.5431769863027546,1.800044703811335,128.2633157218335,25.623272874118044,175.41253748393547,125.99942881622162,16.216193060117092,1.120879120879121,0.005699055989583333
91d0c6d931cb18e728ee,test,12,,13995.0,0.4639757211006711,1.8754970997117981,109.1697034655234,38.15533205678673,157.64901750625222,103.10153626295106,13.235083958556627,0.4025974025974026,0.01138916015625
91d0c6d931cb18e728ee,test,13,,600.0,0.2872969962130584,1.9720671786825563,150.32333333333332,4.718981763991984,194.05,152.235,25.701666666666668,0.10666666666666667,0.00048828125
91d0c6d931cb18e728ee,test,14,,5087.0,0.26601770696169946,1.7149470940509333,119.89463337920189,38.98651060733452,171.54137998820522,115.47886770198545,7.2246903872616475,0.2079207920792079,0.004139811197916667
91d0c6d931cb18e728ee,test,15,,7257.0,0.81813540655443,1.8207195330195236,137.0326581231914,27.389265596618635,187.55160534656193,133.76546782416978,21.203941022461073,1.074468085106383,0.00590576171875
91d0c6d931cb18e728ee,test,16,,1122.0,0.7620249261401465,1.6311116516533157,142.01426024955435,21.215467313490283,194.87878787878788,139.32620320855614,17.174688057041,0.6730769230769231,0.0009130859375
91d0c6d931cb18e728ee,test,17,,558.0,0.6885906582440527,1.6908167182060758,169.59856630824373,13.970019027771015,225.3405017921147,168.28494623655914,29.915770609318997,1.2592592592592593,0.0004541015625
91d0c6d931cb18e728ee,test,18,,1584.0,0.789814223517021,1.7455501006460423,138.3655303030303,11.089664344529742,185.37689393939394,137.1622474747475,21.12563131313131,0.9056603773584906,0.0012890625
91d0c6d931cb18e728ee,test,19,,323.0,0.5827722751878072,1.771071518055561,95.85139318885449,17.3268405107161,143.92569659442725,89.15479876160991,3.996904024767802,2.2666666666666666,0.00026285807291666667
91d0c6d931cb18e728ee,test,20,,125.0,0.7224988645486272,1.6444840649288757,182.288,6.440889379581051,236.848,181.824,41.44,1.1428571428571428,0.00010172526041666667
91d0c6d931cb18e728ee,test,21,,91.0,0.6812513941752723,1.505943682083629,179.8901098901099,5.282046201599931,236.04395604395606,178.57142857142858,39.252747252747255,0.8571428571428571,7.405598958333334e-05
91d0c6d931cb18e728ee,test,22,,1757.0,0.7067266089868831,1.7369329693148956,169.34547524188957,18.213889146524263,229.0438247011952,167.22481502561183,23.589641434262948,0.9090909090909091,0.0014298502604166666
91d0c6d931cb18e728ee,test,23,,2013.0,0.39113920944183805,1.566545663639233,181.7083954297069,15.922562048065155,236.07699950322902,183.13611525086935,31.539493293591654,1.0,0.00163818359375
91d0c6d931cb18e728ee,test,24,,103524.0,0.21575421858281013,1.7817056474040804,132.87674355704956,45.919114318239316,191.03325798848576,126.45772960859318,13.446292647115644,1.2337962962962963,0.084248046875
9334dc57e45d5490d766,test,1,,78469.0,0.26277662403311725,1.7939224656968449,112.7972320279346,56.063028192722264,176.20238565548178,102.07487033095872,1.6980845939160687,1.2210526315789474,0.06385823567708333
9334dc57e45d5490d766,test,2,,23427.0,0.5098536022452614,1.7693069110976536,114.8508131642976,63.941264610701595,174.21761215691296,106.3314978443676,2.984974601955009,0.5807692307692308,0.01906494140625
9334dc57e45d5490d766,test,3,,18913.0,0.541733218077769,1.7728399993482382,137.8900756093692,48.174855595394035,204.19335906519325,130.27933167662454,3.12779569608206,1.1753246753246753,0.015391438802083334
9334dc57e45d5490d766,test,4,,51734.0,0.4254022506316735,1.7828821284742586,128.35906753778946,46.68934237417501,193.292979471914,119.65763327792168,2.8126183940928597,1.2432432432432432,0.042101236979166665
9334dc57e45d5490d766,test,5,,9455.0,0.6637890515130633,1.7945989555451616,120.7544156530936,64.26976441527849,177.9130618720254,114.43458487572713,3.3739820200951876,0.8074074074074075,0.0076944986979166664
93e33972d0772d9483dc,test,1,,20731.0,0.4694657220046555,1.7795061389473377,120.08615117456948,39.54934876942455,173.86368240798805,113.9521971926101,10.570112392069847,0.827906976744186,0.016870930989583335
93e33972d0772d9483dc,test,2,,10174.0,0.597972389291777,1.8496254406826111,102.7157460192648,62.897554895112854,150.28327108315312,96.10133674071162,12.02349125221152,0.8344827586206897,0.008279622395833333
93e33972d0772d9483dc,test,3,,18816.0,0.7149020076261174,1.8210530272312067,91.11490221088435,48.131894760441675,140.28869047619048,82.22826318027211,7.922565901360544,1.2317880794701987,0.0153125
93e33972d0772d9483dc,test,4,,14551.0,0.5442217507818987,1.8475932706632474,122.06350079032369,55.22427849239702,170.04199024122053,117.744347467528,18.448972579204177,2.1881188118811883,0.011841634114583333
93e33972d0772d9483dc,test,5,,7815.0,0.7567133496392155,1.830858567389775,108.41177223288548,50.07446906943056,149.2984005118362,105.58080614203455,15.707869481765835,0.7520661157024794,0.00635986328125
93e33972d0772d9483dc,test,6,,16875.0,0.6148282567002842,1.8959433468241416,118.84847407407408,41.333328708392145,168.2074074074074,113.94020740740741,14.61114074074074,0.7175141242937854,0.01373291015625
93e33972d0772d9483dc,test,7,,20655.0,0.5283123502933857,1.7928751403830774,111.14233841684822,44.59189566822769,157.39617526022755,106.46080852093924,13.93197772936335,0.8609625668449198,0.01680908203125
93e33972d0772d9483dc,test,8,,2736.0,0.352139514302037,1.7369868825088173,127.97624269005848,39.61318567661371,176.20687134502924,124.4780701754386,19.398391812865498,0.2824427480916031,0.0022265625
93e33972d0772d9483dc,test,9,,3565.0,0.6844321499750333,1.779229567200197,140.74502103786816,46.11588921600979,198.05666199158486,136.51416549789622,12.215988779803647,2.3095238095238093,0.0029012044270833332
93e33972d0772d9483dc,test,10,,661.0,0.7775807428275734,1.7637477249464462,152.36308623298032,7.881771929617501,200.44931921331317,153.47352496217852,20.31467473524962,0.7941176470588235,0.0005379231770833333
93e33972d0772d9483dc,test,11,,15800.0,0.5105892035594414,1.7806194159426432,156.23215189873417,39.801701880504076,211.09398734177216,154.9551898734177,18.866708860759495,0.877906976744186,0.012858072916666666
93e33972d0772d9483dc,test,12,,1212.0,0.7576556250769084,1.6590641332969884,167.0924092409241,10.541120571762256,217.740099009901,167.81600660066007,30.273927392739274,1.3421052631578947,0.000986328125
93e33972d0772d9483dc,test,13,,1250.0,0.4640509233299707,1.729531683990615,175.4392,11.114022825241992,225.7752,176.3048,38.7632,3.16,0.0010172526041666667
93e33972d0772d9483dc,test,14,,16599.0,0.3931638723997912,1.73964774402772,151.40502439906018,35.371216553540336,209.1190433158624,148.57750466895595,14.554611723597807,0.6818181818181818,0.01350830078125
93e33972d0772d9483dc,test,15,,2355.0,0.8267554512602187,1.8447170023090138,166.20467091295117,3.287714286765879,224.6263269639066,164.2067940552017,23.112951167728237,1.3061224489795917,0.00191650390625
93e33972d0772d9483dc,test,16,,6495.0,0.40289281125688076,1.7990802448804875,149.7387220939184,18.000357585163297,200.16658968437258,148.825558121632,21.99384141647421,1.28125,0.00528564453125
93e33972d0772d9483dc,test,17,,1302.0,0.8938156603086882,1.6948303702450656,131.74500768049154,20.908904580224874,174.79723502304148,131.01228878648234,22.51689708141321,0.8666666666666667,0.0010595703125
95c4a1a92dbf83c665fe,test,1,,12868.0,0.4547453726936694,1.7488166691217164,130.8933012123096,34.737731896253194,189.9943270127448,125.29732670189618,4.686897730805098,0.8011049723756906,0.010472005208333333
95c4a1a92dbf83c665fe,test,2,,24416.0,0.4580662135610968,1.753454186448341,111.55832241153342,40.84742740844504,171.80062254259502,101.8517365661861,3.6021051769331587,1.375,0.019869791666666668
95c4a1a92dbf83c665fe,test,3,,14559.0,0.5563945545922672,1.7268828849366624,120.12178034205645,40.63289155416897,178.43127962085308,112.98159214231747,4.084827254619136,0.8305084745762712,0.01184814453125
95c4a1a92dbf83c665fe,test,4,,3288.0,0.5940038943375219,1.7565637851577984,125.16210462287104,38.90453487722717,187.33485401459853,117.37165450121654,2.409367396593674,0.35514018691588783,0.00267578125
95c4a1a92dbf83c665fe,test,5,,4974.0,0.7102670436431007,1.7377258248553518,125.40148773622839,38.645838718021,185.5665460394049,118.67249698431846,2.356855649376759,0.8901098901098901,0.0040478515625
95c4a1a92dbf83c665fe,test,6,,6140.0,0.7229319663189623,1.7738112998607913,126.15228013029316,34.132737201587965,186.8229641693811,118.89022801302931,4.495114006514658,0.900990099009901,0.004996744791666666
95c4a1a92dbf83c665fe,test,7,,17885.0,0.7142677031972088,1.7652465444779086,94.98009505171932,44.37124806936117,149.79770757618115,85.1133911098686,2.168017892088342,1.2066666666666668,0.014554850260416667
95c4a1a92dbf83c665fe,test,8,,1563.0,0.7036656416607083,1.8902632436156093,121.75943698016634,35.08725571985423,181.10428662827894,114.94369801663467,1.4702495201535508,0.4745762711864407,0.00127197265625
95c4a1a92dbf83c665fe,test,9,,2035.0,0.7906762555225122,1.8048358583668906,116.57444717444717,45.69999097442946,174.03685503685503,109.14840294840295,4.185749385749386,0.7719298245614035,0.0016560872395833333
95c4a1a92dbf83c665fe,test,10,,1117.0,0.4335130492512309,1.7567324072039907,158.12444046553267,17.24388497935143,223.24440465532678,154.64100268576544,5.312444046553268,3.5,0.0009090169270833333
95c4a1a92dbf83c665fe,test,11,,5393.0,0.8108821915695656,1.7649225628687513,130.25570183571296,27.16466188634277,190.80437604301872,124.12201001297979,3.2100871500092714,1.2297297297297298,0.004388834635416667
95c4a1a92dbf83c665fe,test,12,,6735.0,0.7537981995919358,1.8006402986224328,93.94342984409799,32.554456567890604,154.4118782479584,81.14328136599852,1.492798812175204,0.8240740740740741,0.00548095703125
9841aaff79b300e86417,test,1,,1450.0,0.7358933924167911,1.8059080528625995,148.80689655172415,27.262098624337263,201.14827586206897,146.9503448275862,20.848275862068967,1.146341463414634,0.0011800130208333333
9841aaff79b300e86417,test,2,,2683.0,0.42256343592632006,1.768088230236316,160.506522549385,16.840270804858992,218.84494968319046,157.60231084606784,22.314945956019383,0.37272727272727274,0.0021834309895833333
9841aaff79b300e86417,test,3,,20869.0,0.47372775274428375,1.7956533461584077,108.83894772150079,39.72849884352488,157.08519814078298,103.54434807609373,9.52901432747137,0.8518518518518519,0.016983235677083333
9841aaff79b300e86417,test,4,,74999.0,0.28264103121216466,1.7927777187638212,122.00577341031213,48.25657305099565,177.50416672222298,115.10433472446299,11.979439725863012,1.2340425531914894,0.06103434244791667
9841aaff79b300e86417,test,5,,19841.0,0.59286259036868,1.7779940666566403,138.50425885792046,48.26415807507845,194.49589234413588,134.15760294340004,14.00065520891084,1.2967741935483872,0.016146647135416668
9841aaff79b300e86417,test,6,,4288.0,0.5897705673174161,1.8483918347244255,103.13502798507463,45.95009871096823,146.24533582089552,98.66371268656717,13.074626865671641,2.489795918367347,0.0034895833333333333
9841aaff79b300e86417,test,7,,43350.0,0.4816778004701939,1.8405098836703702,109.7354094579008,47.06238985174716,162.27411764705883,102.5326643598616,9.0320184544406,1.7534883720930232,0.0352783203125
9841aaff79b300e86417,test,8,,25574.0,0.2767436868793467,1.7810619642820968,107.82306248533666,42.5856454711374,163.6363885195902,98.948502385235,7.144521779932744,1.7682926829268293,0.020812174479166667
9841aaff79b300e86417,test,9,,21965.0,0.35500038026815894,1.8645265053580933,130.25035283405418,29.917895318137607,177.63719553835648,128.34218074208968,15.709856590029592,0.3532934131736527,0.017875162760416667
9841aaff79b300e86417,test,10,,19494.0,0.5226177240650559,1.759762517436265,106.3290243151739,41.00048772568252,160.2959885092849,97.97717246332205,7.786908792448958,1.0050761421319796,0.0158642578125
9841aaff79b300e86417,test,11,,11803.0,0.38693927502102815,1.817568647958529,118.32957722612895,46.4654171014252,168.78285181733457,113.4658137761586,10.963314411590273,1.5206611570247934,0.009605305989583333
9841aaff79b300e86417,test,12,,8523.0,0.49988577534175827,1.7643254190480515,112.20685204740116,43.64759508372483,165.38484101842076,104.6237240408307,11.74715475771442,0.6870748299319728,0.00693603515625
9841aaff79b300e86417,test,13,,2586.0,0.8671897171162115,1.8493410905143826,112.19180201082753,48.2848873115847,165.94199535962878,104.85730858468678,9.016241299303944,1.1636363636363636,0.0021044921875
9841aaff79b300e86417,test,14,,477.0,0.8227480573733821,1.7244151412827309,150.50733752620545,21.270013356208494,203.70020964360586,150.0587002096436,13.236897274633124,0.8571428571428571,0.00038818359375
9841aaff79b300e86417,test,15,,1345.0,0.6839894420097231,1.7650141374951704,133.15092936802975,31.015673712897154,193.49368029739776,125.6996282527881,13.247583643122677,0.8653846153846154,0.0010945638020833333
9841aaff79b300e86417,test,16,,1447.0,0.514661948316059,1.637228028161318,103.89288182446441,34.72556437958715,155.55632342778162,96.67657221838286,5.534899792674499,0.7142857142857143,0.0011775716145833333
9841aaff79b300e86417,test,17,,872.0,0.5588805553708318,1.6357044356669561,148.7993119266055,22.635673507163098,204.21330275229357,146.3084862385321,16.19495412844037,1.225,0.0007096354166666667
98f39617340a6cc8a67a,test,1,,107363.0,0.17068607749931353,1.7891192713732482,115.70880098357907,39.35233014709104,169.33806804951428,109.31338543073498,7.974274191294953,1.1422222222222222,0.08737223307291667
98f39617340a6cc8a67a,test,2,,4752.0,0.8432795939254908,1.787792762987666,133.2354797979798,32.79581605858048,192.93771043771045,127.22032828282828,7.697811447811448,1.25,0.0038671875
98f39617340a6cc8a67a,test,3,,5666.0,0.6715185028304684,1.83461813808792,123.26491351923755,27.41800781016163,173.15266501941406,119.7229085774797,10.561771973173315,1.0,0.004611002604166667
98f39617340a6cc8a67a,test,4,,16539.0,0.471052686238266,1.755053694215375,128.78481165729488,30.651663349507807,178.0315617631054,125.8582139186166,14.66636435092811,0.9,0.01345947265625
98f39617340a6cc8a67a,test,5,,9809.0,0.6479840075076067,1.8097726490530706,113.337547150576,40.15451015308311,161.96126006728514,108.74839433173616,9.380670812519115,1.1304347826086956,0.007982584635416666
98f39617340a6cc8a67a,test,6,,5290.0,0.8336063516917392,1.8149070860231673,133.07202268431,23.548604602109226,189.23553875236294,128.6054820415879,8.777693761814744,0.9340659340659341,0.004305013020833333
997449d9ff40879be267,test,1,,670.0,0.8857230364128175,1.695974652386266,154.19402985074626,5.653789657534691,203.11492537313433,153.855223880597,27.440298507462686,1.1785714285714286,0.0005452473958333333
997449d9ff40879be267,test,2,,32130.0,0.5076123547828566,1.8137792496280531,133.0148770619359,31.4755443770271,184.72561469032058,129.32841581076875,16.31742919389978,1.3181818181818181,0.0261474609375
997449d9ff40879be267,test,3,,33392.0,0.6073129015471053,1.8553567605920023,106.98376856732152,45.0237609640347,161.22559295639675,98.44947891710589,8.655755869669381,1.2,0.027174479166666668
997449d9ff40879be267,test,4,,10584.0,0.6061271212246071,1.8084203799207685,119.02050264550265,37.58964662688644,175.15778533635677,111.19453892668179,12.023148148148149,1.8636363636363635,0.00861328125
997449d9ff40879be267,test,5,,9816.0,0.5550826928296986,1.6842604132575714,134.23726568867156,21.94711081687378,185.04339853300735,130.85289323553383,18.31723716381418,0.9357142857142857,0.00798828125
997449d9ff40879be267,test,6,,40300.0,0.3190960362635562,1.8336448560065426,140.48133995037222,29.545227544581692,199.26315136476427,135.2874193548387,13.000843672456575,0.4948186528497409,0.032796223958333336
997449d9ff40879be267,test,7,,5196.0,0.6595057104967501,1.7446845429721682,138.78040800615858,24.385892566431774,197.90973826020016,133.28387220939183,11.998652809853734,0.6454545454545455,0.004228515625
997449d9ff40879be267,test,8,,5862.0,0.7232711391183178,1.8451475572669773,139.01893551688843,26.08944832519337,199.59126577959742,132.94302285909245,11.431422722620265,0.9680851063829787,0.0047705078125
997449d9ff40879be267,test,9,,3240.0,0.32485422513014683,1.6354206467006598,150.13148148148147,10.436728664319103,201.4179012345679,150.44320987654322,13.873148148148148,0.782608695652174,0.00263671875
997449d9ff40879be267,test,10,,3532.0,0.7189347958360153,1.8421882872236126,137.26528878822197,8.465211341679352,190.47253680634202,133.70583238958096,15.899490373725934,1.6415094339622642,0.0028743489583333334
997449d9ff40879be267,test,11,,2742.0,0.8202899853893227,1.7780683778229407,161.15827862873815,13.344196528461342,219.54157549234137,158.8231218088986,19.924872355944565,1.1818181818181819,0.0022314453125
997449d9ff40879be267,test,12,,4410.0,0.7396500400900953,1.7660541602931337,188.24625850340135,9.677504635934175,241.3151927437642,191.65850340136055,31.239002267573696,1.2816901408450705,0.0035888671875
997449d9ff40879be267,test,13,,183.0,0.5488802779093244,1.4082025749638047,159.70491803278688,1.3016710020788513,217.92349726775956,157.53551912568307,17.846994535519126,1.0555555555555556,0.00014892578125
997449d9ff40879be267,test,14,,2356.0,0.7765717078656066,1.8539973054520038,183.90959252971138,17.902226237209423,234.67741935483872,187.56876061120542,31.77843803056027,1.2708333333333333,0.0019173177083333334
997449d9ff40879be267,test,15,,1336.0,0.6866306159897152,1.6787162170020198,143.5935628742515,7.440698924132044,192.186377245509,142.08832335329342,23.729041916167663,0.7454545454545455,0.0010872395833333333
997449d9ff40879be267,test,16,,3056.0,0.9104331940260182,1.8501868780699566,134.42342931937173,8.258069242352985,187.76832460732984,130.09064136125656,16.67081151832461,0.9253731343283582,0.002486979166666667
997449d9ff40879be267,test,17,,1477.0,0.8833524959003456,1.735924645681302,144.42383209207853,4.768910339860337,191.13134732566013,143.65267433987813,25.72444143534191,1.1428571428571428,0.0012019856770833332
9a87bb672a2330500656,test,1,,335.0,0.5960267279443374,1.7461631773766064,139.53432835820897,9.533187157751504,197.24477611940299,136.4865671641791,3.7313432835820897,3.0833333333333335,0.0002726236979166667
9a87bb672a2330500656,test,2,,3674.0,0.5237751377534654,1.796040814265829,189.59063690800218,18.278543408369206,245.3097441480675,196.41643984757758,8.005171475231355,1.9423076923076923,0.0029899088541666665
9a87bb672a2330500656,test,3,,18251.0,0.5762761037286276,1.815055837914007,133.02690263547203,41.00257832145385,197.79913429401128,125.14585502164265,3.871733055722974,0.7121951219512195,0.014852701822916667
9a87bb672a2330500656,test,4,,32407.0,0.5326852691043857,1.8646480122774611,99.01360817107415,44.017803647484335,148.52667633535964,92.2227913722344,4.191964698984787,0.7035573122529645,0.02637288411458333
9a87bb672a2330500656,test,5,,15853.0,0.5743135306976476,1.8308770924154814,114.623730524191,49.54293364527457,169.71872831640698,107.45101873462436,7.128682268340377,1.7107438016528926,0.012901204427083333
9a87bb672a2330500656,test,6,,43869.0,0.3386937070286054,1.8293614902489257,115.8930224076227,38.62479495415619,175.82502450477557,107.36882536643188,2.7017027969636875,1.304,0.03570068359375
9a87bb672a2330500656,test,7,,50809.0,0.2948925207742021,1.8546464497132085,135.45566730303688,44.09601912605332,199.81989411324764,128.18744710582772,4.145486035938514,0.6783783783783783,0.041348470052083336
9a87bb672a2330500656,test,8,,13456.0,0.5768763671233759,1.8521207518155984,139.08576099881094,36.71726403999341,203.37552021403093,132.4947235434007,4.3713585017835905,0.5706521739130435,0.010950520833333333
9a87bb672a2330500656,test,9,,33940.0,0.3400637704678099,1.8065381661316056,116.85854449027696,39.91378963697845,177.02041838538597,108.35238656452563,2.933618149675899,0.6261682242990654,0.027620442708333335
9a87bb672a2330500656,test,10,,9062.0,0.6115448618978504,1.7741145239479825,124.67556830721695,38.11498037897561,180.4447141911278,119.1296623261973,6.93765173250938,0.781021897810219,0.007374674479166667
9a87bb672a2330500656,test,11,,2442.0,0.7729257825303517,1.838457518084822,152.79115479115478,24.546346617072995,216.85257985257985,148.4733824733825,6.932022932022932,0.9821428571428571,0.0019873046875
9a87bb672a2330500656,test,12,,8183.0,0.6069611303616342,1.7569021487014966,120.42747158743737,32.121669101354556,178.17792985457655,113.75155810827324,3.4175730172308443,0.7021276595744681,0.006659342447916667
9a87bb672a2330500656,test,13,,568.0,0.7866547290257554,1.715206387535413,98.17605633802818,65.76010598666267,142.08098591549296,92.63380281690141,11.477112676056338,0.6857142857142857,0.00046223958333333333
9a87bb672a2330500656,test,14,,129.0,0.8738327130186117,1.6959681184825974,133.984496124031,6.511747876340402,188.86046511627907,130.14728682170542,9.55813953488372,0.9230769230769231,0.00010498046875
9a87bb672a2330500656,test,15,,3910.0,0.7316906235294655,1.750068073268379,111.99002557544758,39.52824950850349,167.67186700767263,104.1690537084399,6.21150895140665,1.1764705882352942,0.0031819661458333333
9b769431accdfc6b5f57,test,1,,2406.0,0.8108889701951343,1.7591403914886805,125.64713216957605,36.61376113218057,188.5602660016625,117.31463009143808,3.5561097256857854,0.647887323943662,0.0019580078125
9b769431accdfc6b5f57,test,2,,3488.0,0.7100772056856822,1.7888482078119756,150.75774082568807,27.642314673204588,208.69896788990826,148.11009174311926,12.40538990825688,1.7636363636363637,0.0028385416666666667
9b769431accdfc6b5f57,test,3,,36141.0,0.3779143113890692,1.8328033228366485,138.9617608809939,50.26856049729769,199.5539138374699,133.6542707728065,7.400542320356382,0.8484848484848485,0.02941162109375
9b769431accdfc6b5f57,test,4,,38709.0,0.4456832143807849,1.7347620905689831,125.09682502777132,35.50723194092056,182.44266191325013,118.71797256451988,7.509933090495751,1.0072202166064983,0.03150146484375
9b769431accdfc6b5f57,test,5,,17431.0,0.6699783198467046,1.8761114367954401,123.51614938901956,39.800083577073906,180.92157650163503,116.74860880041305,7.884229246744306,1.6370967741935485,0.014185384114583333
9b769431accdfc6b5f57,test,6,,9419.0,0.3219970027234979,1.861137232745017,183.52394097037902,25.344806271463522,239.19322645716105,188.61832466291537,11.17677035778745,3.629032258064516,0.007665201822916667
9b769431accdfc6b5f57,test,7,,29403.0,0.36698099751569496,1.8104633628138855,154.88198483147977,37.90814327705564,215.05200149644594,152.06009590858076,11.546304798830052,0.36436170212765956,0.02392822265625
9b769431accdfc6b5f57,test,8,,410.0,0.7850421000159034,1.6857211066538718,143.42439024390245,18.741902713201892,201.99512195121952,139.9658536585366,7.5390243902439025,0.8888888888888888,0.0003336588541666667
9b769431accdfc6b5f57,test,9,,23780.0,0.36950371273496485,1.8009527003996044,114.54003364171572,40.12636834846317,165.5936921783011,109.05218671152228,8.870100925147183,0.6245059288537549,0.019352213541666666
9b769431accdfc6b5f57,test,10,,405.0,0.22431423352522337,1.5360082071569077,154.43703703703704,5.939955614508576,208.34814814814814,153.73827160493826,16.471604938271604,3.823529411764706,0.00032958984375
9b769431accdfc6b5f57,test,11,,32060.0,0.4395717206806946,1.814638934296188,132.97747972551466,50.7405709860593,192.8906737367436,126.8723955084217,7.329975046787274,0.7043189368770764,0.026090494791666665
9b769431accdfc6b5f57,test,12,,107139.0,0.16744975655380326,1.7783489850106942,106.03863205742073,48.35725560404185,159.5571267232287,98.0707585473077,6.753217782506837,1.4096692111959288,0.08718994140625
9b769431accdfc6b5f57,test,13,,5861.0,0.7938564131104043,1.7627021465801032,107.90752431325713,37.53667802651562,163.95956321446852,98.69544446340215,8.394130694420747,0.7075471698113207,0.004769694010416666
9b769431accdfc6b5f57,test,14,,89796.0,0.7305359292880429,1.8368018134356894,77.21612321261526,42.67540163677487,128.65822531070427,65.53436678693929,2.5962626397612367,1.3550488599348534,0.073076171875
9b89e880a10960ab15b3,test,1,,18629.0,0.6776136591047629,1.7700946197739276,82.14080197541467,50.32824014082211,128.7932256159751,73.58961833700145,3.8758387460411186,0.7241379310344828,0.015160319010416666
9b89e880a10960ab15b3,test,2,,75313.0,0.16938344230452929,1.804021086796156,121.926267709426,38.666689065162956,177.77772761674612,115.92905607265678,6.3077821889979155,1.12012012012012,0.06128987630208333
9b89e880a10960ab15b3,test,3,,83002.0,0.3465719332533959,1.7579726736393857,128.44247126575263,46.47636420876172,190.35060600949376,120.44657960049156,7.2715717693549555,1.4015957446808511,0.06754720052083334
9b89e880a10960ab15b3,test,4,,168994.0,0.14786375698074214,1.7751950427722516,112.61782075103258,37.51402328587017,166.99643774335183,105.45566114773305,6.858746464371516,1.3986486486486487,0.13752766927083335
9b89e880a10960ab15b3,test,5,,99223.0,0.4801714027132958,1.8479824994610634,101.39009100712536,45.686488423481464,154.9027846366266,92.83849510698124,5.150962982373039,1.2727272727272727,0.08074788411458333
9b89e880a10960ab15b3,test,6,,6295.0,0.49418474568762727,1.6891135987303365,147.47053216838762,25.93873849440358,203.82033359809373,145.09753772835583,11.814614773629865,0.7769230769230769,0.0051228841145833336
9b89e880a10960ab15b3,test,7,,5786.0,0.3936969689869242,1.7047000709767748,141.156066367093,25.15936097914864,199.2528517110266,137.5655029381265,7.251987556170065,1.3333333333333333,0.004708658854166666
9b8c004701b548c0cece,test,1,,21056.0,0.7983343038369605,1.8010818842698795,114.3614646656535,42.95795744810399,165.76211056231003,107.52654825227964,14.840947948328267,1.096774193548387,0.017135416666666667
9b8c004701b548c0cece,test,2,,7754.0,0.7312449705514935,1.8284634583811112,117.70750580345629,51.169191182569406,162.44944544751095,113.20079958730977,23.53366004642765,1.2580645161290323,0.006310221354166667
9b8c004701b548c0cece,test,3,,12051.0,0.4496806146877211,1.8278970737329088,129.2837108953614,35.814629135989,170.7882333416314,127.7697286532238,28.193510911957514,1.31496062992126,0.00980712890625
9b8c004701b548c0cece,test,4,,9359.0,0.4415284838279944,1.877527533829645,126.09082166898173,48.86066462568185,179.17694198098087,120.43028101292873,16.018805427930335,3.629032258064516,0.007616373697916666
9b8c004701b548c0cece,test,5,,5080.0,0.6937766364758331,1.7216873205594598,129.16299212598426,37.94591842221571,181.96456692913387,123.88267716535434,17.921653543307087,1.4852941176470589,0.004134114583333333
9b8c004701b548c0cece,test,6,,36894.0,0.48058197268015257,1.8125128116618285,91.8774326448745,39.06539732046262,128.88938580799046,87.71426248170434,16.24226161435464,1.4454976303317535,0.0300244140625
9b8c004701b548c0cece,test,7,,147930.0,0.2785522144019889,1.8238037734299033,97.0063611167444,45.17946704691267,140.20317717839518,91.28138308659501,13.242607990265666,1.902061855670103,0.1203857421875
9b8c004701b548c0cece,test,8,,49665.0,0.3863654217706194,1.8112081993041496,140.80366455250177,40.68775709757368,189.7356689821806,138.29227826437128,25.35920668478808,0.5375,0.04041748046875
9c3d576c58ac831eb5f5,test,1,,31517.0,0.4594927618697039,1.8416505143365083,133.10000951867246,33.18948033888714,188.85855252720754,127.62686803947076,14.998381825681378,1.0044247787610618,0.025648600260416668
9c3d576c58ac831eb5f5,test,2,,7675.0,0.6610585835426717,1.8057055377923565,120.78775244299675,26.70428541956018,166.25824104234528,117.65615635179154,17.620325732899023,0.8869565217391304,0.006245930989583333
9c3d576c58ac831eb5f5,test,3,,3325.0,0.6969334679605416,1.8202187394859308,146.35488721804512,22.35471545743244,193.05503759398496,145.10616541353383,30.145263157894735,1.3278688524590163,0.0027058919270833335
9c3d576c58ac831eb5f5,test,4,,17404.0,0.5379957445080048,1.785443085953449,131.2120202252356,33.660944155220506,186.8732475293036,125.50402206389336,14.552056998391175,0.805,0.014163411458333334
9c3d576c58ac831eb5f5,test,5,,3976.0,0.7175230934848255,1.8747520828176583,135.96277665995976,19.333814966097048,187.4235412474849,132.58098591549296,18.258551307847082,1.4262295081967213,0.0032356770833333335
9c3d576c58ac831eb5f5,test,6,,10892.0,0.4909827957189844,1.6927165979243841,134.07225486595667,28.35410391649682,184.6393683437385,130.62963643040763,19.046364304076388,1.2595419847328244,0.008863932291666666
9c3d576c58ac831eb5f5,test,7,,19459.0,0.569960834022878,1.7700618886027177,127.91577162238553,32.48996726136375,184.13258646384708,121.36466416568169,14.131712832108535,0.8979591836734694,0.015835774739583332
9c3d576c58ac831eb5f5,test,8,,4749.0,0.7529875405786991,1.7163698556317173,96.65045272688987,45.770408003368594,145.38050115813854,88.33249105074752,11.642872183617603,1.463768115942029,0.00386474609375
9c3d576c58ac831eb5f5,test,9,,6310.0,0.40990442833235746,1.8399082537623117,120.9053882725832,39.44453972644602,173.14643423137878,114.41331220285261,17.269572107765452,0.34545454545454546,0.005135091145833334
9c3d576c58ac831eb5f5,test,10,,6034.0,0.7475099265632855,1.7707970386002754,115.04226052369904,37.779856683492945,165.06927411335764,109.10440835266822,14.336261186609214,1.2588235294117647,0.004910481770833333
9c3d576c58ac831eb5f5,test,11,,4668.0,0.781773459116126,1.7825022301799252,161.49485861182518,22.888523468251545,219.8639674378749,158.28384747215082,24.850471293916023,1.2253521126760563,0.003798828125
9c3d576c58ac831eb5f5,test,12,,8333.0,0.694475777091411,1.8465635295471932,163.36865474618986,22.097993392316038,222.14940597623905,161.60302412096485,18.16980679227169,1.1521739130434783,0.006781412760416667
9c3d576c58ac831eb5f5,test,13,,45.0,0.7579857545082013,1.4960986116159252,193.42222222222222,3.630052885374713,243.55555555555554,198.55555555555554,35.71111111111111,0.8,3.662109375e-05
9c3d576c58ac831eb5f5,test,14,,124.0,0.7286958522387919,1.8161341077497553,133.6209677419355,11.316981774432191,193.0241935483871,126.0725806451613,16.629032258064516,2.7142857142857144,0.00010091145833333333
9c3d576c58ac831eb5f5,test,15,,91.0,0.800370136842115,1.5160813841211382,141.5054945054945,7.875924681624954,192.8021978021978,140.78021978021977,10.538461538461538,1.2727272727272727,7.405598958333334e-05
9c3d576c58ac831eb5f5,test,16,,4284.0,0.8349341700998036,1.703716936972059,105.71591970121382,42.86165744970932,163.13795518207283,94.92203548085901,10.749766573295984,1.0273972602739727,0.003486328125
9d05c4ba96153ec4a4df,test,1,,6408.0,0.7987026213765688,1.780677099133744,155.9289950062422,42.62767905904887,222.8579900124844,151.48361423220973,3.1861735330836454,1.4102564102564104,0.00521484375
9d05c4ba96153ec4a4df,test,2,,14651.0,0.7342580930982385,1.763564166985222,130.4629718107979,57.036433782838095,195.33478943416833,122.15200327622688,3.0717357176984508,0.9741935483870968,0.011923014322916667
9d05c4ba96153ec4a4df,test,3,,7668.0,0.6630401564745967,1.835909127703563,144.17253521126761,53.11497349111013,210.4246218049035,137.86280646844028,2.9075378195096504,1.3263157894736841,0.006240234375
9d05c4ba96153ec4a4df,test,4,,84886.0,0.2706303205197581,1.8162182345427142,129.80569234031523,52.83059979269469,195.53028767994724,120.89637867257262,3.267276111490705,1.208994708994709,0.06908040364583333
9d05c4ba96153ec4a4df,test,5,,58687.0,0.37980291832060564,1.7587482857610797,111.01601717586519,53.644969903196404,174.51094791009933,99.70536916182459,2.710020958645015,1.096774193548387,0.047759602864583334
9d05c4ba96153ec4a4df,test,6,,3961.0,0.4084381706920527,1.7390029065950439,120.63292097955062,46.76902984631529,188.2678616510982,109.27341580408988,1.7475385003786923,0.2785714285714286,0.0032234700520833333
9d05c4ba96153ec4a4df,test,7,,6781.0,0.814937603574226,1.7912059341557434,125.57720100280194,35.65690618588094,196.51054416752692,113.24037752543873,3.0244801651673794,1.173913043478261,0.005518391927083333
9d05c4ba96153ec4a4df,test,8,,33987.0,0.4417513655704589,1.8315195089316831,115.8126048194898,63.91280928724377,175.82693382763998,107.2558625356754,2.4836849383587842,1.950310559006211,0.02765869140625
9d05c4ba96153ec4a4df,test,9,,20938.0,0.4561375045463909,1.7699116104226293,161.37525074028082,46.20746936573654,223.13807431464323,160.29477505014805,4.907918616868851,1.014218009478673,0.017039388020833334
9d05c4ba96153ec4a4df,test,10,,12679.0,0.48217823425625983,1.845511126665469,147.62788863475038,50.278025330206425,210.7057338906854,143.1405473617793,5.224781134158845,0.7469879518072289,0.010318196614583334
9d05c4ba96153ec4a4df,test,11,,19177.0,0.6221724547726014,1.8239304813615476,82.90598112322053,60.46959404469305,136.5864838087292,71.25123846274182,2.028575898211399,1.1464968152866242,0.015606282552083333
9d05c4ba96153ec4a4df,test,12,,104474.0,0.2927056075579453,1.7853755783860445,87.78601374504662,57.19577471228362,144.2173746578096,75.78378352508759,1.5149128012711297,1.1793721973094171,0.08502115885416667
9d05c4ba96153ec4a4df,test,13,,53962.0,0.20151006416554942,1.733649014572453,128.15103220784997,52.09752728844412,192.86946369667544,119.22864237796968,4.318724287461547,0.9073033707865169,0.043914388020833334
9d05c4ba96153ec4a4df,test,14,,56168.0,0.22430309340247742,1.837526465286993,152.6181277595784,45.265736888059166,219.03404073493803,147.74198832075203,3.47423800028486,0.5446808510638298,0.045709635416666665
9fb5f31c0b6248d0dba5,test,1,,75.0,0.577877480728542,1.4064967694741373,149.38666666666666,15.460826483586041,206.12,147.70666666666668,9.32,1.0833333333333333,6.103515625e-05
9fb5f31c0b6248d0dba5,test,2,,82.0,0.6585538882324944,1.455808284102449,151.65853658536585,17.119536345581498,207.9390243902439,150.58536585365854,9.585365853658537,1.0833333333333333,6.673177083333333e-05
9fb5f31c0b6248d0dba5,test,3,,75113.0,0.4647774285430209,1.8442563483245704,142.3112510484204,42.707521258547644,205.00524543021848,136.47745396935284,7.9399837578049075,1.249211356466877,0.061127115885416666
9fb5f31c0b6248d0dba5,test,4,,27311.0,0.4143762519296164,1.8346548308539157,133.5929845117352,48.479951769246604,191.90747317930504,127.88854307788071,10.043169418915456,1.2692307692307692,0.022225748697916665
9fb5f31c0b6248d0dba5,test,5,,39953.0,0.4256601302874439,1.821265097300664,101.92779015343028,56.341166131800094,157.7189447600931,92.25700197732336,5.46144219457863,0.7292307692307692,0.03251383463541667
9fb5f31c0b6248d0dba5,test,6,,27181.0,0.42184592757213824,1.884919326418195,131.53305617894853,39.77684965687953,193.75435046539863,123.89934145174938,7.681468672970089,0.3439306358381503,0.022119954427083335
9fb5f31c0b6248d0dba5,test,7,,222.0,0.8155858329943941,1.7357712506943181,187.71621621621622,14.763163559874044,242.8063063063063,193.22522522522522,14.554054054054054,1.3571428571428572,0.0001806640625
9fb5f31c0b6248d0dba5,test,8,,146.0,0.44120611540908494,1.6912348184112052,191.36986301369862,20.50860617834608,248.7054794520548,193.03424657534248,32.33561643835616,0.2413793103448276,0.00011881510416666667
9fb5f31c0b6248d0dba5,test,9,,12016.0,0.2986251103867521,1.6924706702367565,147.77496671105192,31.01777430337714,215.64505659121173,141.1067743009321,4.20788948069241,0.9939024390243902,0.009778645833333334
9fb5f31c0b6248d0dba5,test,10,,4402.0,0.5764964186655349,1.6972596955040202,130.42503407542026,28.57634330912009,188.24466151749206,124.70717855520218,8.276010904134484,1.4189189189189189,0.0035823567708333334
9fb5f31c0b6248d0dba5,test,11,,5156.0,0.7182351785433927,1.7500982972872439,115.59930178432894,39.32708358121122,168.70170674941815,109.28568657874321,8.853762606671838,1.1058823529411765,0.004195963541666667
9fb5f31c0b6248d0dba5,test,12,,8784.0,0.44398416903547094,1.7654708477332162,137.12534153005464,28.460640940803092,198.55157103825135,131.38103369763206,5.63683970856102,1.5339805825242718,0.0071484375
9fc4796374629a88d0b1,test,1,,732.0,0.8989840917890426,1.732090629376305,146.68169398907105,6.858327742641277,203.09016393442624,144.28688524590163,10.949453551912569,0.8285714285714286,0.000595703125
9fc4796374629a88d0b1,test,2,,8568.0,0.6688418375472938,1.803326098164162,119.12114845938375,38.59059672921979,175.42203548085902,112.1155462184874,7.498949579831932,1.3366336633663367,0.00697265625
9fc4796374629a88d0b1,test,3,,17837.0,0.6086808264006958,1.8134783762175326,133.88422941077536,37.3131058268058,197.87581992487526,125.9263889667545,7.006951841677412,0.7540106951871658,0.014515787760416666
9fc4796374629a88d0b1,test,4,,27065.0,0.7514854046419315,1.8357808803468545,115.73242194716424,53.738443333244575,174.07626085350083,106.87315721411417,8.387696286717162,0.8454106280193237,0.022025553385416667
9fc4796374629a88d0b1,test,5,,8501.0,0.5041219224054946,1.8382550812252976,135.84660628161393,30.834871751229038,195.86213386660393,130.36183978355487,6.605575814610046,1.1261261261261262,0.0069181315104166665
9fc4796374629a88d0b1,test,6,,77922.0,0.2257633700132323,1.8285938147539997,123.12461179127845,45.55657082117589,185.9503092836426,113.84589717923052,6.175662842329509,0.8292079207920792,0.0634130859375
9fc4796374629a88d0b1,test,7,,25813.0,0.6178052658639078,1.8102245743489978,114.13144539573084,40.782099009862954,169.82958199356912,106.65850540425367,6.578429473521094,0.6454183266932271,0.021006673177083334
9fc4796374629a88d0b1,test,8,,3456.0,0.5270562020188903,1.7687891391112174,109.73900462962963,79.66299565536697,156.07204861111111,104.97829861111111,12.804398148148149,2.7857142857142856,0.0028125
9fc4796374629a88d0b1,test,9,,14956.0,0.35958058277111066,1.831627610588478,100.26571275742177,40.28314806159279,152.75280823749665,91.99692431131318,5.1942364268520995,3.193548387096774,0.012171223958333333
9fc4796374629a88d0b1,test,10,,3467.0,0.7853037448075212,1.7967012836373648,147.09460628785695,19.772275569720247,208.85578309777907,142.55292760311508,8.404095760023075,0.9014084507042254,0.0028214518229166667
9fc4796374629a88d0b1,test,11,,1024.0,0.3234568039074384,1.6270207228433677,151.2890625,21.818015901339283,216.451171875,145.994140625,7.6708984375,1.4090909090909092,0.0008333333333333334
9fc4796374629a88d0b1,test,12,,1851.0,0.8448867382592959,1.7617427947718927,136.4759589411129,22.649606827724455,200.47109670448407,129.00540248514318,7.143165856293895,0.9622641509433962,0.00150634765625
a0a7409d31f8233d04df,test,1,,62964.0,0.3343513735866109,1.7874835618585518,124.57170764246236,41.15067104665826,176.66852487135506,119.8256781653008,12.322041166380789,1.4121863799283154,0.051240234375
a0a7409d31f8233d04df,test,2,,196111.0,0.19259357583273892,1.7754697046315622,128.1169031823814,47.141853049336696,188.44765974371657,120.87205715130717,7.240685122201202,0.6866952789699571,0.15959554036458334
a0a7409d31f8233d04df,test,3,,39828.0,0.7101826041727675,1.8901569134075904,101.86891131867029,58.86947050251112,161.39309028823942,90.32168323792307,5.354800642763885,1.1298076923076923,0.032412109375
a0a7409d31f8233d04df,test,4,,17222.0,0.5288792470014428,1.8397958241015147,177.93618627337128,36.69752960269351,227.5934850772268,182.306642666357,25.109743351527115,2.1714285714285713,0.014015299479166667
a0a7409d31f8233d04df,test,5,,86227.0,0.5956708564572673,1.8175915039490622,129.7860067032368,56.33450155501084,187.50702216243172,123.31827617799529,11.774850104955524,0.7595907928388747,0.07017171223958334
a0a7409d31f8233d04df,test,6,,34816.0,0.5389978315922949,1.8168472269506362,138.6253159466912,43.182400407120234,200.45033892463235,132.7653090533088,6.691377527573529,0.6114649681528662,0.028333333333333332
a0a7409d31f8233d04df,test,7,,35.0,0.8514486354891784,1.403677461028801,187.71428571428572,12.962740954799047,248.34285714285716,192.4,4.514285714285714,0.7777777777777778,2.8483072916666667e-05
a0a7409d31f8233d04df,test,8,,7673.0,0.66411260937808,1.8160421910908426,180.68408705851687,25.465647104714602,238.07220122507493,183.8881793301186,13.593900690733742,1.1855670103092784,0.006244303385416667
a0a7409d31f8233d04df,test,9,,6278.0,0.6717684663392024,1.8391361658047598,137.31650207072315,37.799912751376866,193.5431666135712,133.55447594775407,9.18923223956674,0.9405940594059405,0.0051090494791666665
a0a7409d31f8233d04df,test,10,,50286.0,0.592220664578149,1.7944848509374518,111.91279879091596,51.661248076405194,168.85805194288668,103.38931312890267,6.510857892852881,0.9321428571428572,0.0409228515625
a0a7409d31f8233d04df,test,11,,11499.0,0.3878088285553127,1.7860856737827957,143.47699799982607,50.956135606777075,195.8697278024176,141.25741368814678,17.449256457083223,1.8818181818181818,0.00935791015625
a0a7409d31f8233d04df,test,12,,2064.0,0.5530046885066715,1.8089469428206806,196.12403100775194,22.358623972005056,245.9171511627907,205.21608527131784,18.444282945736433,0.5061728395061729,0.0016796875
a0a7409d31f8233d04df,test,13,,14128.0,0.5197068111161413,1.8702452968374232,141.00729048697622,31.165404465910132,197.667681200453,137.5477066817667,10.150268969422424,0.6080402010050251,0.011497395833333333
a0a7409d31f8233d04df,test,14,,7277.0,0.3190059910579174,1.7223977301654263,134.4040126425725,44.82395626776085,190.25133983784528,129.67816407860383,12.23333791397554,0.6549295774647887,0.005922037760416667
a0a7409d31f8233d04df,test,15,,20458.0,0.5181515145319281,1.7805303511381247,143.25007332095024,32.883990925213425,197.81171179978492,140.23687554990713,15.59971649232574,1.2258064516129032,0.016648763020833332
a0a7409d31f8233d04df,test,16,,2586.0,0.7077140175894205,1.7735222684574101,170.31051817478732,29.001504440706213,223.70572312451662,172.01160092807424,21.425754060324827,0.4935064935064935,0.0021044921875
a0a7409d31f8233d04df,test,17,,3819.0,0.6418593659256076,1.7875302796553207,165.0395391463734,27.148872542561673,220.67714061272585,164.19952867242733,23.319979052107882,1.6440677966101696,0.00310791015625
a0a7409d31f8233d04df,test,18,,558.0,0.7404504785583725,1.645087179017339,198.42831541218638,10.454255415951385,243.50358422939067,208.61290322580646,27.788530465949822,0.5142857142857142,0.0004541015625
a0a7409d31f8233d04df,test,19,,7569.0,0.5243479296604353,1.8015786429273775,157.17135685031047,40.47980948053013,216.27361606553046,155.7044523715154,9.70339542872242,1.309278350515464,0.00615966796875
a0a7409d31f8233d04df,test,20,,8775.0,0.37719943511870374,1.655482181259022,152.76296296296297,32.05310935215301,211.62495726495726,149.98290598290598,12.652763532763533,0.723404255319149,0.00714111328125
a19d518c6b1544388764,test,1,,1844.0,0.4940603903131309,1.855899271040915,153.013557483731,21.306215181224655,220.12255965292843,148.2125813449024,1.6420824295010845,0.34065934065934067,0.0015006510416666666
a19d518c6b1544388764,test,2,,3694.0,0.780075630381112,1.8605165814155837,129.8356794802382,29.071571490626802,195.3451543042772,121.45289658906334,1.392528424472117,0.9264705882352942,0.003006184895833333
a19d518c6b1544388764,test,3,,16102.0,0.4923319083487223,1.737994156064166,124.17985343435598,43.64414933854438,188.8969693205813,114.77406533349894,2.9634206930816047,0.9533678756476683,0.013103841145833333
a19d518c6b1544388764,test,4,,8837.0,0.7107334484981491,1.8467448461605727,131.34661084078306,43.15570904995878,195.00531854701822,124.16928821998415,1.5632001810569198,1.2376237623762376,0.007191569010416667
a19d518c6b1544388764,test,5,,24473.0,0.7147030063909525,1.814268110541789,93.4356637927512,52.7045250974102,150.29342540759205,82.20769827973685,2.2662934662689493,0.8181818181818182,0.019916178385416667
a19d518c6b1544388764,test,6,,3336.0,0.5636786987504335,1.7629030931334595,103.75239808153478,58.741394289905195,167.0812350119904,91.38998800959233,1.5872302158273381,0.3783783783783784,0.00271484375
a19d518c6b1544388764,test,7,,20929.0,0.546800736827001,1.794301161695212,113.43642792297769,56.51402605606065,170.1894978259831,105.88274642840078,3.662143437335754,1.124223602484472,0.017032063802083334
a19d518c6b1544388764,test,8,,3296.0,0.7400875224104665,1.8315002375745686,111.98270631067962,59.104143353980874,168.27366504854368,104.48816747572816,3.0245752427184467,1.1639344262295082,0.0026822916666666666
a19d518c6b1544388764,test,9,,45545.0,0.5430086289601596,1.7650116332222046,102.451838840707,49.3031894753977,162.14550444615216,91.54730486332198,2.2890547809858384,0.9430604982206405,0.037064615885416666
a19d518c6b1544388764,test,10,,32402.0,0.4786294572880482,1.79811378536772,113.11585704586136,41.42100009901022,173.24412073328807,104.07095241034504,2.0814455897784088,2.0588235294117645,0.026368815104166665
a19d518c6b1544388764,test,11,,41146.0,0.4710968537534854,1.8224219111717046,116.71676469158606,46.093524669643124,181.339328245759,106.04646867253196,2.348612258785787,1.391304347826087,0.033484700520833334
a19d518c6b1544388764,test,12,,25451.0,0.5547831316318692,1.8111175584082533,118.59227535263841,44.51471599740723,183.41055361282466,108.25739656595026,1.9741463989627126,0.85,0.020712076822916668
a19d518c6b1544388764,test,13,,11076.0,0.5642169569650965,1.8446504581916088,119.09759841097869,42.28139185881604,179.96198988804622,110.86944745395449,1.9583784759841099,0.8541666666666666,0.009013671875
a19d518c6b1544388764,test,14,,3740.0,0.8193691198313539,1.8666384690240234,162.23689839572194,18.349533413040987,229.07326203208555,159.0235294117647,3.639839572192513,1.1639344262295082,0.0030436197916666667
a19d518c6b1544388764,test,15,,25915.0,0.31536907643611484,1.7360698039026887,123.08574184835038,42.11208892049472,181.742272814972,116.71587883465175,2.094539841790469,0.42679127725856697,0.021089680989583335
a19d518c6b1544388764,test,16,,3595.0,0.2595027149646478,1.6429730911842269,168.07093184979138,15.68361486866545,233.81390820584144,166.93045897079276,1.7193324061196105,0.6666666666666666,0.002925618489583333
a19d518c6b1544388764,test,17,,16811.0,0.34784205235395804,1.7345916316171415,140.112783296651,28.80707361924159,206.60930343227648,133.13616084706442,1.8084587472488252,1.3973509933774835,0.013680826822916667
a4005d561d56d8633fe4,test,1,,4428.0,0.7576961630056387,1.7686291340648101,144.84123757904246,29.577846508309573,185.98803071364048,145.0731707317073,35.61020776874435,0.8160919540229885,0.003603515625
a4005d561d56d8633fe4,test,2,,1273.0,0.3522245425720929,1.6531488006393142,193.5310290652003,10.829428946418096,228.13354281225452,200.86017282010997,64.90730557737628,5.388888888888889,0.0010359700520833333
a4005d561d56d8633fe4,test,3,,43520.0,0.47095764190894684,1.8387449112182457,84.91663602941176,50.267310623905196,119.92823988970588,80.9458869485294,13.587477022058824,1.2753036437246963,0.035416666666666666
a4005d561d56d8633fe4,test,4,,45457.0,0.4151231480994143,1.912704717037724,82.98400686362936,37.53063362892912,116.00974547374442,79.59357194711485,13.838550718261214,0.9959839357429718,0.036993001302083335
a4005d561d56d8633fe4,test,5,,24833.0,0.5023279561492302,1.7776581416628146,130.0175170136512,46.07121547413665,177.39954898723474,126.42213989449523,24.20219063343132,1.543859649122807,0.020209147135416668
a4005d561d56d8633fe4,test,6,,5614.0,0.7433523003843631,1.7730203270226477,119.09707873174207,46.525984963504264,160.62504453152832,116.43070894193089,23.868364802280013,1.0459770114942528,0.004568684895833334
a4005d561d56d8633fe4,test,7,,8450.0,0.5725508130560688,1.843260946349598,104.97585798816569,49.49799478937688,144.86236686390532,101.44674556213018,18.55514792899408,0.7071428571428572,0.006876627604166667
a4005d561d56d8633fe4,test,8,,28585.0,0.3255360477928577,1.785539715862607,139.0935805492391,44.90779026459123,185.73989854818961,137.73577050900823,23.69256603113521,0.8619402985074627,0.023262532552083333
a4005d561d56d8633fe4,test,9,,3797.0,0.7320839136736798,1.728595806225584,121.97340005267316,15.308265245661579,158.69923623913616,121.39425862523045,28.562549381090335,1.1492537313432836,0.0030900065104166666
a4005d561d56d8633fe4,test,10,,18858.0,0.23198994190734165,1.696533127654482,114.29563050164387,24.27809204867385,152.59147311485842,113.1028741117828,19.932601548414468,0.737037037037037,0.0153466796875
a48663b8ca6f30c587e8,test,1,,11416.0,0.7147496519775988,1.8393220741397363,117.8280483531885,34.84074220944123,160.98615977575332,115.02076033637,19.06596005606167,0.536144578313253,0.009290364583333334
a48663b8ca6f30c587e8,test,2,,21972.0,0.550203699395021,1.7868778792292035,144.07236482796287,40.841637645333,181.19652284726016,145.7362552339341,38.084061532860005,0.8506787330316742,0.017880859375
a48663b8ca6f30c587e8,test,3,,21244.0,0.5310068572287758,1.8481908047206705,89.5052720768217,33.70171106949666,127.46973263038976,85.18085106382979,12.209329693089813,0.9329608938547486,0.017288411458333333
a48663b8ca6f30c587e8,test,4,,32064.0,0.584973370168462,1.841159719597584,122.3161489520958,35.05142367417614,169.60563248502993,118.34599550898204,18.641778942115767,1.0833333333333333,0.02609375
a48663b8ca6f30c587e8,test,5,,10985.0,0.5148438752772314,1.8138867368999552,94.4603550295858,41.411048271511014,132.15439235320892,90.52353208921257,15.848793809740556,1.7572815533980584,0.008939615885416667
a48663b8ca6f30c587e8,test,6,,25194.0,0.43048691943633255,1.8042253464256024,115.47610542192585,28.07797698828291,152.96050646979438,113.91589267285862,25.095737080257205,1.2180094786729858,0.0205029296875
a48663b8ca6f30c587e8,test,7,,11236.0,0.38704570147042966,1.805008791761499,130.9939480242079,36.006547786305596,175.20879316482734,128.7686899252403,26.392221431114276,1.5480769230769231,0.009143880208333333
a48663b8ca6f30c587e8,test,8,,35.0,0.8091987282944626,1.403677461028801,148.85714285714286,16.901636196606795,190.8,151.45714285714286,25.771428571428572,1.2857142857142858,2.8483072916666667e-05
a48663b8ca6f30c587e8,test,9,,6555.0,0.6097022938929751,1.803125734428577,127.02745995423341,49.43753666608719,167.91868802440885,125.59908466819222,27.05720823798627,1.2637362637362637,0.00533447265625
a48663b8ca6f30c587e8,test,10,,2008.0,0.4770710113178265,1.6805637702724627,161.99850597609563,27.370329883420386,212.94521912350598,161.2066733067729,32.35856573705179,2.3947368421052633,0.0016341145833333333
a48663b8ca6f30c587e8,test,11,,4553.0,0.7579225327815211,1.7786574093687766,121.59279595870855,17.131518263473865,158.5231715352515,121.17856358444982,26.78497693828245,0.9629629629629629,0.0037052408854166665
a4b4c8e5fca88ea10229,test,1,,5375.0,0.7437208790947953,1.738654631557982,111.57581395348838,27.34474774044629,184.9013953488372,95.78176744186047,0.5363720930232558,1.1235955056179776,0.004374186197916667
a4b4c8e5fca88ea10229,test,2,,6185.0,0.8291520341872493,1.7889410596889106,71.93306386418755,59.37106406262922,118.64171382376718,61.8501212611156,1.4291026677445433,1.3026315789473684,0.005033365885416667
a4b4c8e5fca88ea10229,test,3,,54427.0,0.19780435304319255,1.7777395376687224,103.75965972770868,42.19918156221616,168.30473845701582,90.72271115439028,1.582725485512705,0.848314606741573,0.044292805989583336
a4b4c8e5fca88ea10229,test,4,,18340.0,0.6847294331204804,1.768625001180302,69.80948745910578,38.73956351467631,129.36886586695746,52.93238822246456,0.4902944383860414,0.6729857819905213,0.014925130208333333
a4b4c8e5fca88ea10229,test,5,,4304.0,0.8535653542345301,1.7624511612938898,36.82202602230483,48.406541214245614,66.4474907063197,28.715845724907062,0.8980018587360595,0.8414634146341463,0.0035026041666666665
a4b4c8e5fca88ea10229,test,6,,28317.0,0.7302946941604619,1.8283821487446164,73.71811985732953,46.65627120985241,128.74379348094783,59.85122011512519,0.7915033372179257,1.044776119402985,0.02304443359375
a4b4c8e5fca88ea10229,test,7,,8043.0,0.8006563707836484,1.8387357429918323,113.03953748601268,44.35737485022152,187.9212980231257,96.72472957851548,0.587094367773219,0.7962962962962963,0.00654541015625
a4b4c8e5fca88ea10229,test,8,,45431.0,0.20268670153854057,1.7213531112839897,108.58026457705091,48.155398197765834,177.35088375778653,94.51953511919174,0.6271708745129977,1.1232876712328768,0.03697184244791667
a4b4c8e5fca88ea10229,test,9,,3520.0,0.797026912066128,1.7032035726743888,88.08920454545455,41.663349075481605,154.19801136363637,71.45823863636363,0.36079545454545453,1.0289855072463767,0.002864583333333333
a4b4c8e5fca88ea10229,test,10,,9676.0,0.6094718588779501,1.8262427435755946,134.07193054981397,47.9007775630719,203.8453906572964,124.30777180653162,1.350144687887557,0.5644171779141104,0.007874348958333333
a4b4c8e5fca88ea10229,test,11,,3694.0,0.7216583842353514,1.7354681004364694,87.42528424472117,54.439027447048446,144.6486193827829,75.20546832701679,0.24363833243096913,0.8333333333333334,0.003006184895833333
a4b4c8e5fca88ea10229,test,12,,12346.0,0.500135187485765,1.6931057465086048,86.72760408229387,50.20348592871659,149.1466061882391,71.6276526810303,0.8216426372914304,1.4108527131782946,0.010047200520833334
a4b4c8e5fca88ea10229,test,13,,8792.0,0.7728696286718189,1.818903504811942,89.63967242948135,34.719820462132645,154.502161055505,73.78491810737033,1.2173566878980893,1.6136363636363635,0.007154947916666667
a4b4c8e5fca88ea10229,test,14,,13119.0,0.5547378094885493,1.7017348815157527,123.47511243235003,45.75496202995658,194.38615748151537,110.96829026602637,1.8497598902355363,0.8604651162790697,0.01067626953125
a4b4c8e5fca88ea10229,test,15,,4479.0,0.8144887576457736,1.770687941601998,104.68117883456128,40.800553131403476,172.86135298057602,90.02813127930341,1.2819825853985265,1.0,0.00364501953125
a4b4c8e5fca88ea10229,test,16,,7968.0,0.8354642660896583,1.8192981279050915,111.72853915662651,33.993292049933046,183.8269327309237,96.60705321285141,0.4654869477911647,0.944954128440367,0.006484375
a4b4c8e5fca88ea10229,test,17,,5195.0,0.768382052210852,1.7533447292301,68.7478344562079,30.35209380411932,126.07680461982676,52.79730510105871,0.5039461020211742,0.8085106382978723,0.004227701822916667
a4b4c8e5fca88ea10229,test,18,,15622.0,0.2590508684006167,1.7600510379508791,124.03424657534246,38.14935432033406,196.52758929714506,110.73953399052618,2.356100371271284,1.4666666666666666,0.012713216145833333
a4b4c8e5fca88ea10229,test,19,,7144.0,0.8005346912679143,1.816866223988977,90.94680851063829,36.0998207569425,157.2728163493841,74.65173572228443,0.8768197088465846,0.8715596330275229,0.005813802083333333
a4b4c8e5fca88ea10229,test,20,,4087.0,0.5408691355260637,1.6857137216955898,139.23954000489357,31.06658945335133,210.3719109371177,129.62613163689747,2.1695620259358943,1.2133333333333334,0.0033260091145833333
a4b4c8e5fca88ea10229,test,21,,2178.0,0.7634695840317698,1.745500957092941,131.85491276400367,49.46909207683189,195.89944903581267,123.81313131313131,5.315426997245179,1.3673469387755102,0.0017724609375
a4b4c8e5fca88ea10229,test,22,,5378.0,0.8350053501742573,1.7654547065264778,82.47266641874303,41.9473418366787,143.87560431387132,66.92413536630718,1.4669021941242097,0.8421052631578947,0.0043766276041666665
a4b4c8e5fca88ea10229,test,23,,3293.0,0.6538028878669148,1.8131646491374793,113.93744306103856,57.173395734882206,174.01852414211965,105.0616459155785,2.1166109930154873,0.5913978494623656,0.0026798502604166666
a4b4c8e5fca88ea10229,test,24,,28562.0,0.24524141231142024,1.8143843950704055,107.9546950493663,42.82756488807747,173.0263987115748,95.42451508997969,1.795847629717807,0.9960474308300395,0.023243815104166666
a4b4c8e5fca88ea10229,test,25,,3147.0,0.7367580188899724,1.8060686135352488,103.27073403241182,36.43742360223172,168.13409596441056,90.14839529710835,0.6927232284715602,0.6385542168674698,0.00256103515625
a4b4c8e5fca88ea10229,test,26,,7087.0,0.5935225096791468,1.749294726874434,135.921405390151,43.222881345671205,201.78806264992238,128.52561027232963,1.1990969380555947,0.7906976744186046,0.005767415364583334
a5871f68c483f2d202b2,test,1,,22196.0,0.6216945861052946,1.8066261577424547,120.00027031897639,34.203118378724945,175.12813119480987,114.28590737069743,4.852856370517211,0.9679144385026738,0.018063151041666666
a5871f68c483f2d202b2,test,2,,17038.0,0.6605065051359181,1.7994029050777944,153.7755018194624,27.89777498211813,220.48374222326564,148.7441014203545,4.767754431271276,0.8206521739130435,0.013865559895833334
a5871f68c483f2d202b2,test,3,,10032.0,0.5010067832397049,1.8715214443183865,147.4484649122807,22.233485700615784,208.3107057416268,144.0627990430622,5.2779106858054226,1.0847457627118644,0.0081640625
a5871f68c483f2d202b2,test,4,,8241.0,0.44685867420678993,1.6680356941874408,133.874408445577,26.778006732215168,193.68680985317314,128.36609634753063,5.287101079966024,1.0852713178294573,0.00670654296875
a5871f68c483f2d202b2,test,5,,3855.0,0.7497882463085656,1.854523421393412,178.23761348897537,21.01197451225817,236.69494163424125,181.16264591439688,9.79792477302205,1.6346153846153846,0.00313720703125
a5871f68c483f2d202b2,test,6,,38148.0,0.3340238499638164,1.8106656082590067,157.811340044039,33.960521312539726,223.20113767432107,154.28001467966865,4.5547604068365315,0.7427652733118971,0.031044921875
a5871f68c483f2d202b2,test,7,,18444.0,0.5077108152509036,1.7783604636165802,171.35268922142703,29.94334159994206,234.43320320971588,171.42512470180003,5.530633268271525,1.0324324324324323,0.015009765625
a5871f68c483f2d202b2,test,8,,8189.0,0.7016067452051707,1.8346052822157612,172.3924777140066,25.671270199263,232.3377701795091,173.40053730614238,9.923433874709977,1.0360360360360361,0.006664225260416667
a5871f68c483f2d202b2,test,9,,19208.0,0.5660904258651456,1.7798901616040312,105.25374843815077,48.49366053350049,161.8645876718034,95.92779050395669,4.800291545189505,1.1528662420382165,0.015631510416666668
a5871f68c483f2d202b2,test,10,,19056.0,0.38525600459532583,1.7529522261099917,131.34655751469353,27.76861722806641,187.5162153652393,126.89116288832913,6.897617548278757,0.5648535564853556,0.0155078125
a5871f68c483f2d202b2,test,11,,27388.0,0.3109573914306649,1.8195257246189611,124.89232510588579,39.69314232875889,184.46673725719293,117.9026215860961,4.597305389221557,0.9906103286384976,0.022288411458333334
a5871f68c483f2d202b2,test,12,,4731.0,0.4331729466595732,1.7468251308340095,105.24984147114775,41.94706502851755,158.44430352990912,97.85943775100401,3.8556330585499894,1.0303030303030303,0.00385009765625
a5871f68c483f2d202b2,test,13,,8092.0,0.6728523590124331,1.8143876197838533,160.14681166584282,32.33992019819664,220.0176717745922,158.83662876915471,9.82748393475037,1.088235294117647,0.006585286458333333
a5871f68c483f2d202b2,test,14,,20683.0,0.4543484482560668,1.7829080683989065,117.42735579944882,34.46320499152541,171.17676352560073,111.66088091669486,6.08644780737804,0.8663594470046083,0.016831868489583332
a5871f68c483f2d202b2,test,15,,14129.0,0.4559049286723295,1.7569601787031208,167.87472574138297,32.080694253281706,230.93410715549578,167.05619647533442,6.700686531247788,0.9627329192546584,0.011498209635416666
a5871f68c483f2d202b2,test,16,,31550.0,0.505682958969968,1.800993021902905,125.91771790808241,40.51896873220853,183.98443740095087,119.60741679873217,6.152488114104596,0.7635658914728682,0.025675455729166668
a5871f68c483f2d202b2,test,17,,122504.0,0.194593680667034,1.8047728769960378,114.73791876183635,52.796889021971886,174.16659047867824,105.83434826617906,4.817108012799582,1.2977777777777777,0.09969401041666667
a5938c6e473d7c041e36,test,1,,10061.0,0.554122775520728,1.790072160605928,146.18904681443198,42.6994992378296,199.75111817910744,143.69237650332968,18.554616837292517,1.3125,0.008187662760416667
a5938c6e473d7c041e36,test,2,,29501.0,0.4945953490293604,1.8089489513303187,106.98837327548219,37.66914038330079,162.0537947866174,98.3498864445273,7.0408799701705025,0.896551724137931,0.024007975260416668
a5938c6e473d7c041e36,test,3,,8590.0,0.7212017326675737,1.8411396250535914,121.23434225844005,35.44782072380182,179.66833527357392,113.32165308498254,8.69196740395809,1.009090909090909,0.006990559895833333
a5938c6e473d7c041e36,test,4,,269.0,0.6348436155977846,1.6201818414166802,96.69888475836431,14.785531165356826,143.3011152416357,88.22304832713755,18.156133828996282,0.68,0.00021891276041666665
a5938c6e473d7c041e36,test,5,,15198.0,0.5270692344727842,1.7365848003023734,105.27766811422556,30.437019816712265,152.80629030135543,99.52395051980524,10.230096065271747,1.0632183908045978,0.0123681640625
a5938c6e473d7c041e36,test,6,,2518.0,0.31162538831910896,1.7563550182565772,101.92851469420175,33.10087077414632,148.89078633836377,96.11119936457506,8.72835583796664,1.4603174603174602,0.002049153645833333
a5938c6e473d7c041e36,test,7,,5882.0,0.8003031390558826,1.785056983685521,105.66439986399185,36.77159512883358,153.1048962937776,100.38524311458687,8.413804828289697,0.9574468085106383,0.004786783854166666
a5938c6e473d7c041e36,test,8,,36055.0,0.22240272188383026,1.6905296454544,110.87643877409513,35.56102590140129,159.89504923034252,105.39267785327971,10.518014145056163,0.6031042128603105,0.029341634114583334
a5938c6e473d7c041e36,test,9,,5146.0,0.61582723272589,1.7452846895504202,109.27361057131753,28.348974446696943,159.8847648659153,103.2901282549553,7.368052856587641,0.84,0.004187825520833333
a5938c6e473d7c041e36,test,10,,2372.0,0.8449388312259536,1.8270811389039998,143.88153456998313,7.622349737469789,196.11635750421584,142.02403035413153,16.30564924114671,0.8571428571428571,0.0019303385416666666
a5938c6e473d7c041e36,test,11,,1948.0,0.8706224585522273,1.7810418291673946,186.72535934291582,8.537815003567582,241.85369609856264,190.741273100616,21.217659137577,1.0392156862745099,0.0015852864583333333
a5938c6e473d7c041e36,test,12,,319.0,0.7949406441529164,1.568318824909113,150.49529780564262,14.666591698777436,203.61442006269593,149.12852664576803,17.90282131661442,1.4210526315789473,0.0002596028645833333
a5938c6e473d7c041e36,test,13,,1942.0,0.8770185300151202,1.7887392027952351,142.10401647785787,12.596506730366691,188.40937178166837,141.44232749742534,23.93099897013388,0.8148148148148148,0.0015804036458333334
a5938c6e473d7c041e36,test,14,,832.0,0.6536896969267865,1.7391375877958797,156.625,12.88199959096174,217.08894230769232,154.13822115384616,10.76923076923077,1.21875,0.0006770833333333334
a5938c6e473d7c041e36,test,15,,2372.0,0.8449388312259536,1.8270811389039998,143.88153456998313,7.622349737469789,196.11635750421584,142.02403035413153,16.30564924114671,0.8571428571428571,0.0019303385416666666
a5938c6e473d7c041e36,test,16,,3028.0,0.7941385238065732,1.8029823420351143,144.5118890356671,9.39783014098941,199.0287318361955,141.73216644649935,15.635402906208718,1.4363636363636363,0.0024641927083333334
a69bce9557d2adf2415e,test,1,,5884.0,0.38938465664185057,1.8484103170050108,108.24065261726716,42.65450428988515,156.35469068660774,103.33055744391571,7.385622025832767,0.4305555555555556,0.004788411458333333
a69bce9557d2adf2415e,test,2,,266162.0,0.07560718998990208,1.788527712081377,108.6315026187059,57.42210014308493,160.5724032731945,101.72376222000135,8.03829246849663,0.7322580645161291,0.21660319010416668
a69bce9557d2adf2415e,test,3,,23467.0,0.33128712574678043,1.7389469683016818,100.98742915583585,42.706257201082174,151.33306345080325,93.39178420761068,8.067158136958282,1.740506329113924,0.019097493489583332
a69bce9557d2adf2415e,test,4,,497.0,0.7797308163497549,1.6152363820319329,161.53521126760563,22.954141747094535,219.51307847082495,159.36217303822937,20.498993963782695,0.6764705882352942,0.0004044596354166667
a69bce9557d2adf2415e,test,5,,3759.0,0.6814735898342906,1.7376039391127485,133.60601223729716,34.28011422789269,190.67996807661612,128.29396115988294,11.214950784783188,1.4242424242424243,0.00305908203125
a69bce9557d2adf2415e,test,6,,26218.0,0.6912429910571973,1.8187990159321812,108.38603249675795,44.68596656437419,160.06533679151727,101.17430772751544,9.989015180410405,0.9850746268656716,0.021336263020833333
a69bce9557d2adf2415e,test,7,,51188.0,0.2199747348209225,1.7638050898003368,100.39999609283426,46.66731096594323,147.36074861295617,93.94633507853403,10.481382355239509,0.7733050847457628,0.041656901041666666
a69bce9557d2adf2415e,test,8,,21117.0,0.4963951108513453,1.7635663361167961,113.82189704977033,36.376015813151014,163.7060662025856,108.59383435147038,9.92427901690581,0.9805825242718447,0.01718505859375
a6cae70606b5d07de127,test,1,,18735.0,0.6708254961091273,1.7753371112920346,130.74187349879904,49.16579777870435,191.41254336802777,123.95628502802242,6.589698425406993,0.9401197604790419,0.01524658203125
a6cae70606b5d07de127,test,2,,2440.0,0.8139983644023038,1.8470170361399652,173.91967213114754,20.89827288865201,233.2717213114754,174.79918032786884,13.727459016393443,1.0185185185185186,0.0019856770833333332
a6cae70606b5d07de127,test,3,,12749.0,0.6569008271935852,1.8413202602331755,139.72688053965018,32.28733919327008,203.82422150756923,133.12110753784611,5.702957094674092,1.4956521739130435,0.010375162760416667
a6cae70606b5d07de127,test,4,,3756.0,0.5852635957951019,1.8058078131443858,142.07561235356764,60.94025104620894,202.1182108626198,138.0268903088392,5.4781682641107565,2.2291666666666665,0.003056640625
a6cae70606b5d07de127,test,5,,1801.0,0.5853766976530732,1.866400668102484,130.3237090505275,19.729405974098825,183.08384230982787,127.2953914491949,7.339255968906163,0.36363636363636365,0.0014656575520833332
a6cae70606b5d07de127,test,6,,2799.0,0.5524450637611888,1.791807580951726,182.2836727402644,20.069963051260647,237.032154340836,186.93819221150412,14.61557699178278,1.8958333333333333,0.00227783203125
a6cae70606b5d07de127,test,7,,2007.0,0.8516869352147419,1.8133515987645763,134.943697060289,19.933979694763835,190.44593921275535,131.46287992027902,7.220229197807673,1.0851063829787233,0.00163330078125
a6cae70606b5d07de127,test,8,,23761.0,0.45010232749131823,1.8022541095847295,108.81810529859854,36.23484060560016,163.79163334876478,100.98484912251168,4.9720129624174065,1.1884816753926701,0.019336751302083333
a6cae70606b5d07de127,test,9,,9587.0,0.6341450233964948,1.7692756261414724,42.84844059664128,43.87045180512963,79.20861583394179,32.46709085219568,1.1713779075831856,0.6621621621621622,0.007801920572916667
a6cae70606b5d07de127,test,10,,18267.0,0.5733548481204228,1.788801292052706,113.24875458477035,35.70135923071573,168.12618382876224,106.08868451305634,6.210872064378387,0.736318407960199,0.01486572265625
a6cae70606b5d07de127,test,11,,4199.0,0.8164279699504031,1.715391815201209,99.50678733031674,31.1996984789546,150.59156942129079,91.77994760657299,5.323886639676114,1.1846153846153846,0.0034171549479166665
a6cae70606b5d07de127,test,12,,28176.0,0.3590376354042784,1.7950670626735565,97.75979557069847,48.60513767689243,154.54727427597956,86.99723168654174,4.322685973878478,0.663003663003663,0.0229296875
a6cae70606b5d07de127,test,13,,11631.0,0.24105958472664799,1.7068515364554668,120.13395236866994,27.397366811641632,174.10635370991315,114.70913936892786,6.51973175135414,0.8055555555555556,0.00946533203125
a820f3109024e8c7da34,test,1,,17858.0,0.7380134472961984,1.7776466284572638,106.67146376973905,52.59436451503046,157.79325792361968,99.10992272370926,11.560197110538693,1.167741935483871,0.014532877604166666
a820f3109024e8c7da34,test,2,,26458.0,0.5276079095727443,1.838719124303184,124.57857736790385,36.62469039931976,172.74578577367905,121.12400786151636,15.96594602766649,0.8311688311688312,0.021531575520833332
a820f3109024e8c7da34,test,3,,19232.0,0.4178385708897721,1.7474579763835962,123.74745216306157,48.72360754452049,171.10586522462563,119.53982945091514,21.168001247920134,0.5280898876404494,0.015651041666666667
a820f3109024e8c7da34,test,4,,18734.0,0.40945635279022413,1.7496248129066612,121.46637130351233,37.020304598900125,169.83340450517775,117.38272659335966,15.612469307142094,0.6439024390243903,0.015245768229166666
a820f3109024e8c7da34,test,5,,6079.0,0.6943847787288697,1.7677931534888363,143.2248725119263,37.386885054617984,194.80128310577396,140.8244777101497,20.239348577068597,1.2439024390243902,0.004947102864583333
a820f3109024e8c7da34,test,6,,3895.0,0.8010038347494235,1.8729097962449934,151.6413350449294,17.587470340562657,203.81103979460846,149.75584082156612,24.3599486521181,1.3278688524590163,0.003169759114583333
a820f3109024e8c7da34,test,7,,3202.0,0.7546392014383878,1.822132409766048,179.6064959400375,31.52206025309521,232.78669581511556,181.53560274828232,29.983447845096816,0.9104477611940298,0.0026057942708333334
a820f3109024e8c7da34,test,8,,8761.0,0.7578811974073767,1.8512039384068018,133.7712589886999,36.69423694064565,183.81942700604955,130.57721721264696,18.812464330555873,1.1386138613861385,0.007129720052083333
a820f3109024e8c7da34,test,9,,91135.0,0.22524313123343473,1.8122854375447748,147.8509134800022,42.34384268648205,202.13814670543698,144.9839578647062,20.20398310199155,1.3698224852071006,0.07416585286458334
a820f3109024e8c7da34,test,10,,74043.0,0.3550441193020873,1.875240540241801,110.15659819294194,53.224229145969936,160.51037910403414,103.51240495387815,12.30567373012979,0.5095137420718816,0.06025634765625
a820f3109024e8c7da34,test,11,,16858.0,0.41559827989548964,1.738489955545477,152.82732233954206,40.338838270549914,209.59301221971765,149.6893463044252,20.02485466840669,1.3313253012048192,0.013719075520833334
a820f3109024e8c7da34,test,12,,51053.0,0.2537190396767315,1.776787338522462,137.41756605880164,52.1370986134035,193.40916302665858,132.51150764891386,15.832331106888919,1.2771535580524345,0.04154703776041667
a820f3109024e8c7da34,test,13,,4857.0,0.7334703646882229,1.7909819634199646,150.9421453572164,35.85587770500923,208.74366893143915,146.6794317479926,21.211035618694666,0.8160919540229885,0.00395263671875
a820f3109024e8c7da34,test,14,,3510.0,0.8056553211061419,1.7046780942979378,140.25299145299147,27.844733033697334,185.53333333333333,139.3843304843305,25.836182336182336,0.9848484848484849,0.0028564453125
a820f3109024e8c7da34,test,15,,3652.0,0.6647334859875392,1.8388685425820614,176.02929901423877,45.88274338433214,225.89403066812704,179.82447973713033,25.5815991237678,1.3278688524590163,0.0029720052083333334
a820f3109024e8c7da34,test,16,,58259.0,0.40273407191425004,1.839184987296287,127.22434301996257,44.39623859927006,181.89030021112617,121.06702827031016,15.524485487220858,1.7796610169491525,0.047411295572916665
a820f3109024e8c7da34,test,17,,4236.0,0.727985976566837,1.7571296091395878,134.82105760151086,32.5005134035934,183.5363550519358,132.38408876298394,19.534466477809254,0.8160919540229885,0.003447265625
a820f3109024e8c7da34,test,18,,9096.0,0.33784379972188255,1.685678656472075,143.6712840809147,59.705202512496854,195.58619173262971,141.88764291996483,16.692612137203167,1.125,0.00740234375
a820f3109024e8c7da34,test,19,,1057.0,0.8479946378160709,1.6994624318983171,156.47492904446545,26.936548759141765,216.8713339640492,152.06527909176916,20.642384105960264,1.1111111111111112,0.0008601888020833334
a820f3109024e8c7da34,test,20,,1061.0,0.8512036998324042,1.7011117460789187,156.44957587181904,26.895871262343388,216.82469368520265,152.0593779453346,20.57492931196984,1.1111111111111112,0.0008634440104166667
a820f3109024e8c7da34,test,21,,631.0,0.7059416623674613,1.5662586486270296,168.8082408874802,21.13925593012991,223.89223454833598,168.71315372424723,24.638668779714738,0.9705882352941176,0.0005135091145833334
a820f3109024e8c7da34,test,22,,5172.0,0.8409234810899888,1.7521798730583718,126.00444702242847,32.26014141677278,183.00696055684455,119.42362722351122,10.346094354215003,1.2077922077922079,0.004208984375
a82c21a55639603800b6,test,1,,13675.0,0.5238012431179131,1.7646623437903495,108.90062157221206,37.34310892107843,152.21981718464352,105.4781718464351,12.893528336380255,0.9790209790209791,0.011128743489583334
a82c21a55639603800b6,test,2,,12640.0,0.7520832245615667,1.8580816770537676,116.4692246835443,42.826197941156146,159.99042721518987,113.45949367088608,17.828481012658226,0.8723404255319149,0.010286458333333333
a82c21a55639603800b6,test,3,,77420.0,0.1939921884118008,1.7832713153278434,94.35865409454921,48.21633767674983,134.3066261947817,89.53876259364505,14.45379746835443,0.6335540838852097,0.06300455729166667
a82c21a55639603800b6,test,4,,5035.0,0.5646277013254563,1.8556720382684448,157.19980139026814,47.358337335195785,200.45382323733864,158.45799404170805,37.29433962264151,2.086206896551724,0.004097493489583334
a82c21a55639603800b6,test,5,,7098.0,0.5093978082214417,1.7326401872753234,142.49605522682447,42.32259542633973,189.6848408002254,141.32276697661314,24.70850943927867,0.5666666666666667,0.0057763671875
a82c21a55639603800b6,test,6,,8317.0,0.5499905718590746,1.7595509499329474,145.29818444150536,56.922481246849664,191.21762654803413,144.70349885776122,27.91667668630516,1.8414634146341464,0.006768391927083333
a82c21a55639603800b6,test,7,,4465.0,0.5534268402781896,1.8626970656495843,141.48577827547592,49.703396516638016,189.3892497200448,139.18141097424413,27.64434490481523,0.5041322314049587,0.0036336263020833332
a82c21a55639603800b6,test,8,,945.0,0.7593600203871819,1.8206098613995798,150.2920634920635,29.736646382368722,201.13968253968255,148.42751322751323,26.42962962962963,0.6595744680851063,0.00076904296875
a82c21a55639603800b6,test,9,,13819.0,0.6565942324490054,1.8578201831057073,108.50727259570156,50.74178178561325,154.86981691873507,102.78623634126927,16.362037774079166,0.6628571428571428,0.011245930989583333
a82c21a55639603800b6,test,10,,12248.0,0.6786360340801922,1.8352268713950084,127.37099934683214,43.718080806455106,168.66590463749185,125.3411985630307,29.43060091443501,1.3305785123966942,0.009967447916666667
a82c21a55639603800b6,test,11,,38259.0,0.40310198906697625,1.815584070317446,152.90935466164825,43.169093127821405,201.24558927311222,153.14448887843383,24.867508298700958,1.3962264150943395,0.03113525390625
a82c21a55639603800b6,test,12,,13262.0,0.6843995675032652,1.8452541442767083,113.02254561906199,57.87370887086211,151.90401146131805,110.82521489971347,22.384331171768963,0.5297297297297298,0.010792643229166666
a82c21a55639603800b6,test,13,,168021.0,0.23451183566173375,1.7700336878379221,120.87425976514841,48.94759012550696,169.8750275263211,116.76151790549991,13.555400812993614,1.0558375634517767,0.13673583984375
a82c21a55639603800b6,test,14,,2392.0,0.28265005716995,1.6904499835943263,143.48578595317727,33.13619355092683,190.58946488294313,143.55685618729098,19.51045150501672,2.3404255319148937,0.0019466145833333334
a82c21a55639603800b6,test,15,,2370.0,0.292601975361489,1.6976050362706692,143.457805907173,32.98714927251042,190.62067510548522,143.47805907172994,19.5915611814346,2.5348837209302326,0.0019287109375
a82c21a55639603800b6,test,16,,1028.0,0.42019455317401505,1.601567266456521,170.23151750972764,22.970605875184045,218.51653696498053,172.02237354085602,34.204280155642024,0.8148148148148148,0.0008365885416666667
a82c21a55639603800b6,test,17,,1011.0,0.42861129761933264,1.5975675336116848,170.44114737883285,23.00022036339282,218.62314540059347,172.27200791295746,34.47972304648862,0.8301886792452831,0.00082275390625
a8a0a5b16289ad8a8f5c,test,1,,656.0,0.8190069115218628,1.6941531943807762,177.16615853658536,16.142132074979614,233.35670731707316,177.64329268292684,27.234756097560975,0.7027027027027027,0.0005338541666666666
a8a0a5b16289ad8a8f5c,test,2,,504.0,0.668222136486578,1.669772678033435,137.95833333333334,20.25473318189705,187.734126984127,136.8452380952381,12.890873015873016,2.411764705882353,0.00041015625
a8a0a5b16289ad8a8f5c,test,3,,61607.0,0.3137777925101497,1.7702054246176593,115.4212021361209,42.23113675262207,166.70779294560683,109.98600808349701,8.8848182836366,1.0469208211143695,0.050135904947916664
a8a0a5b16289ad8a8f5c,test,4,,45765.0,0.24372911927371363,1.716027025685895,122.10092865727084,59.331111292405325,173.72426526821806,116.88746858953348,13.572620998579701,0.9291553133514986,0.03724365234375
a8a0a5b16289ad8a8f5c,test,5,,4547.0,0.7907517408910936,1.8716175493945024,95.94413899274247,57.1690162387363,131.060259511766,93.04156586760502,18.78183417638003,0.7529411764705882,0.0037003580729166666
a8a0a5b16289ad8a8f5c,test,6,,3429.0,0.7267556707204256,1.8865839930100181,122.7153689122193,34.47107400631895,171.9650043744532,119.34179060950714,10.887722368037329,1.3508771929824561,0.00279052734375
a8a0a5b16289ad8a8f5c,test,7,,2257.0,0.7274471400033128,1.8524222696445167,138.3774922463447,18.103605446857948,181.56623836951707,138.49667700487373,24.362428001772265,0.7377049180327869,0.0018367513020833334
a8a0a5b16289ad8a8f5c,test,8,,1581.0,0.7214955789605261,1.8026818600373404,184.7843137254902,20.688549925666937,234.112586970272,189.34092346616066,31.80392156862745,1.2439024390243902,0.00128662109375
a8a0a5b16289ad8a8f5c,test,9,,40451.0,0.4124879427438423,1.8244252232559794,124.91372277570393,38.82569888467743,181.27260141900078,118.41425428295963,10.541049665026822,0.754601226993865,0.03291910807291667
a8a0a5b16289ad8a8f5c,test,10,,16993.0,0.4656647092220032,1.7594625948108547,129.1656564467722,47.276946530253056,185.06302595186253,123.50844465368093,11.693462013770375,1.0061728395061729,0.013828938802083333
a8a0a5b16289ad8a8f5c,test,11,,15123.0,0.6978930489985493,1.881438614975896,120.62487601666336,42.39217541610856,176.09766580704886,113.88395159690538,9.807114990411955,1.5416666666666667,0.01230712890625
a8a0a5b16289ad8a8f5c,test,12,,12887.0,0.4267087046417696,1.8584842095168588,72.22130829518119,55.69010521996188,106.18600139675642,67.91177155272756,5.395825250252192,2.640449438202247,0.010487467447916666
a8a0a5b16289ad8a8f5c,test,13,,2398.0,0.4998246947131548,1.8498412769864112,105.50333611342786,44.40354163019029,149.9670558798999,101.54795663052543,9.321517931609675,0.2962962962962963,0.0019514973958333333
a8a0a5b16289ad8a8f5c,test,14,,86267.0,0.17745918014695825,1.7886365091047933,110.29423765750519,40.86544007913039,155.36537725897503,106.49113797860132,11.616075672041452,1.9603960396039604,0.07020426432291667
a8a0a5b16289ad8a8f5c,test,15,,39471.0,0.3050021765493924,1.8062104734615632,148.04631248258215,45.64643972893266,201.00197613437714,146.13898811785867,18.945149603506373,1.4545454545454546,0.03212158203125
a8a0a5b16289ad8a8f5c,test,16,,50229.0,0.47717384397229023,1.7755495388504687,130.71004798025047,45.443795267517,180.3698062872046,127.02952477652352,19.38973501363754,0.9123376623376623,0.04087646484375
a8a0a5b16289ad8a8f5c,test,17,,1494.0,0.5672585386122002,1.658461868058499,171.18607764390896,10.640224203200468,220.2797858099063,172.57697456492636,34.95515394912985,1.8717948717948718,0.0012158203125
a8d95369b60b6729580c,test,1,,5158.0,0.7046225040380963,1.7957997467707372,137.21190383869717,43.6786251311894,203.33908491663436,129.78092283830944,2.2289647150058163,0.6633663366336634,0.004197591145833333
a8d95369b60b6729580c,test,2,,5177.0,0.6490611480120446,1.736474338608237,115.14892795055052,49.0815159204686,175.6165733050029,106.33069345180607,2.119953641104887,1.1494252873563218,0.004213053385416667
a8d95369b60b6729580c,test,3,,8978.0,0.6311490940222075,1.8100890049155751,121.13689017598574,33.61207079912518,185.05179327244375,111.70082423702384,2.1930274003118733,2.26027397260274,0.0073063151041666665
a8d95369b60b6729580c,test,4,,6821.0,0.6575904624082084,1.7869643859485718,144.5880369447295,32.86711924271527,210.74915701510042,138.50696378830082,2.473684210526316,0.8738738738738738,0.005550944010416667
a8d95369b60b6729580c,test,5,,4614.0,0.5369396181552073,1.8735514241982436,159.82466406588642,23.84004797742555,227.7798006068487,155.83333333333334,2.3866493281317727,1.9516129032258065,0.0037548828125
a8d95369b60b6729580c,test,6,,74736.0,0.23639549197615145,1.7765758400960128,125.04969492614,39.84985861928685,190.0222248983087,115.74871547848427,2.6552932990794265,0.9126637554585153,0.0608203125
a8d95369b60b6729580c,test,7,,6976.0,0.6813487871184175,1.7907960493247261,134.14291857798165,32.76791151367662,199.17775229357798,126.57654816513761,2.565223623853211,0.9439252336448598,0.0056770833333333335
a8d95369b60b6729580c,test,8,,3057.0,0.7429095839111669,1.8508158873524343,118.88223748773306,50.899805385237144,173.6077854105332,113.62741249591102,2.4488060189728493,0.6623376623376623,0.00248779296875
a8d95369b60b6729580c,test,9,,32126.0,0.5815682943824413,1.8612455959365597,137.67014256365562,32.95441185840554,203.86185644026645,130.3174375894914,2.060854136836207,0.6862745098039216,0.026144205729166668
a8d95369b60b6729580c,test,10,,53521.0,0.3442211943381463,1.7872701712048626,130.37308719941706,39.06084911485893,196.20065021206628,121.69341006333963,2.611442237626352,1.1897810218978102,0.043555501302083334
a8d95369b60b6729580c,test,11,,11291.0,0.6089135150027343,1.6716890130357376,146.53051102648126,29.087872937806903,215.89735187317333,139.13187494464617,2.8971747409441146,0.8280254777070064,0.009188639322916666
a8d95369b60b6729580c,test,12,,11158.0,0.6742996512659044,1.8286802241209361,146.12430543108084,27.414225416490478,211.9581466212583,140.46406165979568,2.8139451514608353,0.5333333333333333,0.009080403645833334
a8d95369b60b6729580c,test,13,,10133.0,0.6567277339517945,1.8750568041061055,123.83075101154643,44.12503065165344,186.46146254811015,115.54218888779236,2.409059508536465,1.007936507936508,0.008246256510416666
a8d95369b60b6729580c,test,14,,8539.0,0.7174469306738369,1.8366138914745473,131.23679587773745,37.78210777864466,197.70757699964867,122.31689893430143,3.0425108326501933,0.8916666666666667,0.006949055989583334
a8d95369b60b6729580c,test,15,,10522.0,0.5072101193384966,1.803793091845026,127.33225622505228,44.09290233719604,192.7297091807641,118.12326553887094,3.418741684090477,1.4504504504504505,0.008562825520833333
a8d95369b60b6729580c,test,16,,4784.0,0.598268799212799,1.7328848677097286,122.22428929765886,55.16607705091245,184.86684782608697,113.53114548494983,2.839464882943144,0.9166666666666666,0.003893229166666667
a8d95369b60b6729580c,test,17,,6983.0,0.7619461157423615,1.8079990857738686,130.81999140770444,28.96336511135412,193.13876557353572,124.05456107690105,2.2494629815265643,1.372093023255814,0.005682779947916667
aa169596aa2b594422ba,test,1,,2462.0,0.7112140117617849,1.8050839420463223,148.5182778229082,13.468992544118553,206.59626320064987,145.28878960194965,12.705523964256702,1.5106382978723405,0.0020035807291666667
aa169596aa2b594422ba,test,2,,33354.0,0.4207175187409279,1.8212159042041594,118.64193200215867,38.079574371922256,169.80644000719553,113.6223241590214,10.228668225700066,1.1702127659574468,0.0271435546875
aa169596aa2b594422ba,test,3,,8748.0,0.6367470426101274,1.8087020552936157,150.0730452674897,39.045493502835654,212.51554641060815,144.86225422953817,13.047210791037951,0.8778625954198473,0.007119140625
aa169596aa2b594422ba,test,4,,44612.0,0.29095340417172466,1.7449035738338359,133.12514570070832,35.60716782615096,195.56639469201113,125.58230969245943,8.143862637855285,1.1107142857142858,0.03630533854166667
aa169596aa2b594422ba,test,5,,34425.0,0.21901433899049266,1.8277392451720318,114.64543209876543,37.227639892219,167.97057371096588,108.22983297022513,7.777109658678286,1.9289617486338797,0.02801513671875
aa169596aa2b594422ba,test,6,,6950.0,0.7143200488418007,1.7976065432089923,123.91309352517986,29.97746757770823,180.00604316546762,117.50043165467626,9.75136690647482,1.134020618556701,0.005655924479166667
aa169596aa2b594422ba,test,7,,28056.0,0.4259619708453822,1.7975471690600833,133.6225762760194,52.39011762468798,193.08165811234673,127.1295623039635,11.15340747077274,2.272727272727273,0.02283203125
aa169596aa2b594422ba,test,8,,21386.0,0.4186455174535907,1.7824231466200053,145.07364631067054,37.19703515405962,207.8236696904517,138.9182642850463,12.083465818759937,1.0526315789473684,0.017403971354166665
aa169596aa2b594422ba,test,9,,38871.0,0.7316764279390141,1.8524510495940656,95.20614339739137,57.60795940918393,150.03053690411875,84.15988783411798,8.394124154253815,0.6794425087108014,0.03163330078125
aa169596aa2b594422ba,test,10,,4818.0,0.6907160412570136,1.7483220248977758,152.43835616438355,44.100450904538,213.38024076380242,148.12826899128268,14.741801577418016,1.2337662337662338,0.0039208984375
aa169596aa2b594422ba,test,11,,41557.0,0.46875087919325,1.8992050210934104,127.38227013499531,49.9366639923029,187.6489159467719,119.62805303558967,9.284813629472772,0.9840637450199203,0.033819173177083335
aa169596aa2b594422ba,test,12,,163.0,0.2042508030599457,1.381882826754958,206.66871165644173,1.628184335307716,252.93251533742333,217.15337423312883,31.33128834355828,8.166666666666666,0.00013264973958333333
aa169596aa2b594422ba,test,13,,1330.0,0.8323981291254646,1.7714807224263878,154.22105263157894,5.808666750492969,204.26165413533835,154.19022556390976,22.833834586466164,1.135135135135135,0.0010823567708333334
aa169596aa2b594422ba,test,14,,720.0,0.7739109643849835,1.7202478298317088,155.275,11.218260783205212,217.11805555555554,151.35694444444445,13.045833333333333,0.6904761904761905,0.0005859375
aa169596aa2b594422ba,test,15,,152.0,0.7658378221531209,1.6332587107346308,161.80263157894737,12.713461304379313,222.23684210526315,159.05921052631578,17.407894736842106,0.7894736842105263,0.00012369791666666668
ac710e3e5872a5cd9923,test,1,,13627.0,0.44407682287342365,1.8661153606429925,94.3545901519043,41.041431580959426,135.26425478828796,89.47332501651134,12.189843692668966,1.5714285714285714,0.011089680989583333
ac710e3e5872a5cd9923,test,2,,8602.0,0.8013395744556832,1.848513932027968,95.54545454545455,57.297328116257894,131.26691467100673,93.23622413392235,13.765519646593816,0.9272727272727272,0.007000325520833333
ac710e3e5872a5cd9923,test,3,,138203.0,0.22094306432985747,1.8332055228251516,112.34575949870842,56.9408351956673,162.83425106546167,105.80529366222152,13.674305188744095,2.0706521739130435,0.11246988932291667
ac710e3e5872a5cd9923,test,4,,18262.0,0.5301762183460124,1.787821126723329,121.059139196145,60.05526063333341,170.18760267221552,116.11285729931004,17.682126820720622,1.1647727272727273,0.014861653645833334
ac710e3e5872a5cd9923,test,5,,7661.0,0.5732425588180936,1.7667428661980333,138.07048688160813,46.87812148535898,191.2820780576948,134.41704738284818,17.31118652917374,0.6928571428571428,0.006234537760416666
ac710e3e5872a5cd9923,test,6,,1767.0,0.6412565296632469,1.6553716477752727,148.2552348613469,17.192177336235602,196.52631578947367,149.1477079796265,16.96208262591964,0.5671641791044776,0.00143798828125
ac710e3e5872a5cd9923,test,7,,99452.0,0.20466801521136302,1.6997788899179662,102.55525278526325,50.570629054474885,151.64335558862567,95.43880464947915,10.494499859228572,0.9876760563380281,0.08093424479166667
ac710e3e5872a5cd9923,test,8,,80023.0,0.4027713103523283,1.8068744355317456,110.81471576921635,43.87785356417602,156.7548204891094,105.95033927745773,15.324056833660322,0.6903225806451613,0.06512288411458333
ac710e3e5872a5cd9923,test,9,,3647.0,0.6419273190801524,1.8501523975503957,175.59583219084178,32.52472960416078,224.9254181519057,178.890320811626,29.14751850836304,1.4918032786885247,0.0029679361979166666
ac710e3e5872a5cd9923,test,10,,308.0,0.44354190449948583,1.897835792406269,134.7564935064935,11.772565650282761,182.4025974025974,132.6461038961039,20.435064935064936,0.1951219512195122,0.00025065104166666665
ac710e3e5872a5cd9923,test,11,,4734.0,0.7745488874281796,1.7717222280771148,148.77820025348544,6.804393419472623,187.7300380228137,150.4476130122518,37.85340092944656,1.4477611940298507,0.0038525390625
ac710e3e5872a5cd9923,test,12,,4066.0,0.66217051095375,1.8218547638364726,138.926709296606,3.64105678115811,185.21077225774718,137.9618789965568,22.347270044269553,2.488888888888889,0.003308919270833333
ac710e3e5872a5cd9923,test,13,,1756.0,0.706324374149668,1.7109992175000517,103.20444191343964,32.695614264217575,143.06150341685648,100.61446469248291,11.95615034168565,0.5942028985507246,0.0014290364583333334
ace9854f014bd8f569ac,test,1,,74362.0,0.21946741904570816,1.7939327990186404,126.03776122212959,42.733694050146376,184.27600118340013,119.21701944541567,8.424289287539334,0.5717391304347826,0.060515950520833334
ace9854f014bd8f569ac,test,2,,77838.0,0.33264081693441216,1.8052718819422147,105.42953313291709,48.24060027780228,158.1699940902901,97.62442508800329,7.273439708111719,0.8498727735368957,0.0633447265625
ace9854f014bd8f569ac,test,3,,38466.0,0.4118393707321181,1.8412074690191917,105.25097488691311,47.45771462130204,152.03691571777674,99.91870742993812,9.978162533146156,0.7585139318885449,0.0313037109375
ace9854f014bd8f569ac,test,4,,3005.0,0.7075946425549678,1.7912620561616772,109.65158069883528,36.12165709762077,161.0559068219634,103.37803660565724,7.162396006655574,1.2830188679245282,0.002445475260416667
ace9854f014bd8f569ac,test,5,,9309.0,0.4611697618250982,1.7812146868563918,139.8502524438715,28.312410210182236,190.7140401761736,137.7553980019336,17.098184552583522,0.8540145985401459,0.00757568359375
ace9854f014bd8f569ac,test,6,,3844.0,0.6967920576110598,1.7266487679359814,110.80020811654526,40.99355473258321,160.761186264308,105.23621227887617,8.402185223725287,1.208955223880597,0.003128255208333333
ace9854f014bd8f569ac,test,7,,8973.0,0.47469276992744625,1.7710085471164712,136.00323191797614,27.76770131657232,191.94293993090383,131.9264460046807,10.198484341914632,0.6273291925465838,0.00730224609375
ace9854f014bd8f569ac,test,8,,26978.0,0.3555064361350558,1.8125206463306038,157.86433390169768,37.30234114611446,217.38872414560012,155.80773222625842,12.302357476462303,0.9880478087649402,0.021954752604166666
ace9854f014bd8f569ac,test,9,,20152.0,0.3835011571321936,1.766104374047986,140.7262802699484,26.69046297673975,192.38561929337038,138.72945613338626,15.408942040492258,0.5617529880478087,0.016399739583333333
ace9854f014bd8f569ac,test,10,,1181.0,0.7276714459710075,1.7199739118437372,198.2328535139712,12.381494661888327,248.04572396274344,207.9432684165961,17.594411515664692,0.72,0.0009611002604166666
ace9854f014bd8f569ac,test,11,,5263.0,0.5353544696282775,1.8678430820939347,165.69181075432263,35.76072688195643,225.71727151814554,165.35854075622268,9.969029070872127,1.9180327868852458,0.004283040364583333
ace9854f014bd8f569ac,test,12,,2283.0,0.5565755339824053,1.7236609505895948,169.71703898379326,17.146034880576444,225.71879106438897,170.97809899255367,16.21156373193167,0.6235294117647059,0.00185791015625
ace9854f014bd8f569ac,test,13,,188727.0,0.2118508200950701,1.8014558663192675,132.11628966708525,44.89443733339527,190.22765158138475,126.12189034955253,10.578799005971588,0.8599670510708401,0.15358642578125
af74336a1f561ee06aba,test,1,,813.0,0.8558922477988439,1.7623729701345032,180.52152521525215,13.814126916702568,229.12546125461256,183.59655596555965,37.025830258302584,1.2758620689655173,0.00066162109375
af74336a1f561ee06aba,test,2,,435592.0,0.11882017095564697,1.852508498358674,108.22277957354589,58.970916256959256,155.37101921063748,102.726723631288,12.910893680324708,1.0797413793103448,0.35448567708333334
af74336a1f561ee06aba,test,3,,1400.0,0.8672750806318255,1.7152946261927515,155.0757142857143,30.38500539840703,202.25357142857143,156.70285714285714,22.86357142857143,1.1578947368421053,0.0011393229166666667
af74336a1f561ee06aba,test,4,,36081.0,0.2923862978330986,1.7987776036173013,129.8288018624761,47.662069709889465,177.41681217261163,127.53898173553948,16.828441562040965,0.49303621169916434,0.02936279296875
af74336a1f561ee06aba,test,5,,66051.0,0.12189908164932672,1.5985544430493952,86.57051369396376,45.789620891906395,126.9390016805196,80.97205189928994,9.556236847284675,0.9788732394366197,0.05375244140625
af74336a1f561ee06aba,test,6,,8237.0,0.8261464401638016,1.8449495671485774,107.28626927279349,36.91960260922982,149.60325361175185,104.11836833798714,12.587106956416171,1.3604651162790697,0.006703287760416667
b497b04ad8f423bf05fa,test,1,,23105.0,0.5948906595958496,1.7908605455935462,88.39471975762822,50.433775671159495,130.36723652888986,82.54291278943951,8.514780350573469,0.5897435897435898,0.018802897135416666
b497b04ad8f423bf05fa,test,2,,8474.0,0.7208483459445705,1.764199190995611,123.4480764691999,50.641114705940176,171.2656360632523,119.79336794902053,16.817323578003304,1.611764705882353,0.0068961588541666665
b497b04ad8f423bf05fa,test,3,,35359.0,0.44494745263713137,1.8465549722031298,119.9783647727594,38.14580919076374,171.41517011227694,114.99397607398399,10.698322916372069,0.43466666666666665,0.028775227864583332
b497b04ad8f423bf05fa,test,4,,17011.0,0.652592489155445,1.7973512965847374,122.09805420022339,44.463166342768915,174.18053024513551,117.18064781611898,10.794015636940802,1.0254777070063694,0.013843587239583333
b497b04ad8f423bf05fa,test,5,,11688.0,0.7010961274256842,1.7392321324135378,132.39442162902122,24.929746800179608,179.62816563997262,130.23981861738534,19.498802190280628,0.9703703703703703,0.00951171875
b497b04ad8f423bf05fa,test,6,,16794.0,0.7107230255560264,1.8740848224114535,77.08044539716566,49.424374005925465,120.29951173037989,68.9178277956413,5.854769560557342,1.8807339449541285,0.0136669921875
b497b04ad8f423bf05fa,test,7,,24377.0,0.4678558553292034,1.8110014864203923,136.6397834023875,47.92227589689942,191.8368954342208,132.63285063789638,12.512122082290684,1.4180790960451977,0.019838053385416665
b497b04ad8f423bf05fa,test,8,,25910.0,0.5593871455891165,1.815612416701076,118.56190659976843,51.35056266170824,173.3138942493246,111.61296796603628,10.760748745658047,1.3125,0.021085611979166665
b497b04ad8f423bf05fa,test,9,,48697.0,0.322141893606928,1.7695565595886764,141.08524139064008,49.1592603281267,195.9712507957369,137.58303386245558,15.134361459638171,0.7831325301204819,0.03962972005208333
b497b04ad8f423bf05fa,test,10,,17766.0,0.4209497736244397,1.83776974955566,112.55645615220084,37.82304056428866,160.01317122593719,108.09585725543172,11.022402341551278,2.309734513274336,0.0144580078125
b497b04ad8f423bf05fa,test,11,,5195.0,0.5916756563875515,1.7965302073137326,157.55206929740135,19.193280952857766,214.10356111645814,155.13647738209818,21.47526467757459,1.8059701492537314,0.004227701822916667
b497b04ad8f423bf05fa,test,12,,4653.0,0.6758951960841293,1.8437583898871204,146.4747474747475,32.62503525825632,203.5966043412852,142.5598538577262,16.772619815173005,0.5327102803738317,0.00378662109375
b497b04ad8f423bf05fa,test,13,,1909.0,0.8014240523408103,1.7830254904416527,166.9544264012572,21.3933089892895,224.6605552645364,165.29072812991095,24.043478260869566,1.1555555555555554,0.0015535481770833333
b497b04ad8f423bf05fa,test,14,,90.0,0.6934529768742503,1.6305634287546704,153.15555555555557,7.439998672507516,201.4111111111111,153.5222222222222,24.377777777777776,1.1666666666666667,7.32421875e-05
b497b04ad8f423bf05fa,test,15,,1045.0,0.8672332782090687,1.6938522042943003,135.0267942583732,22.942225122053262,187.7799043062201,132.1425837320574,11.283253588516747,0.8333333333333334,0.0008504231770833333
b54a5682bda91fa1d732,test,1,,141784.0,0.25136395808513107,1.8063928349108433,159.22751509338147,24.879595063763734,224.30064041076568,156.5553024318682,2.475117079501213,2.724852071005917,0.11538411458333334
b5ed1c99bc4cf1671c8c,test,1,,44601.0,0.5378743305800706,1.8458742200018252,107.6526535279478,47.095435720024426,162.63758660119728,99.08883208896661,7.556848501154683,1.1875,0.03629638671875
b5ed1c99bc4cf1671c8c,test,2,,16009.0,0.4315356644560918,1.864337390537455,140.63045786744956,43.76979097885524,200.9563370604035,134.99812605409457,11.396152164407521,0.4826086956521739,0.013028157552083334
b5ed1c99bc4cf1671c8c,test,3,,28942.0,0.46431098160610923,1.8553924475057468,118.57874369428512,31.504615649763625,166.3796213115887,114.97049270955705,11.715430861723448,1.3370165745856353,0.023553059895833332
b5ed1c99bc4cf1671c8c,test,4,,21369.0,0.5147423488967934,1.8360044543706846,93.68870794141046,43.922383610005454,141.92105386307267,86.12209275118161,6.140249894707286,1.9844961240310077,0.01739013671875
b5ed1c99bc4cf1671c8c,test,5,,31052.0,0.5125397632221562,1.799737711118316,100.18246811799563,40.20258667689733,148.77502254283138,93.73479969084117,5.916688136029886,1.883435582822086,0.025270182291666665
b5ed1c99bc4cf1671c8c,test,6,,42601.0,0.5240569660497081,1.864473120443347,145.02124363277858,45.771502487920344,203.12476232952278,141.33020351634937,11.639867608741579,0.8900709219858156,0.03466878255208333
b5ed1c99bc4cf1671c8c,test,7,,34292.0,0.5799739822405496,1.814839877048529,100.73229907850228,47.22987077705985,153.7462965123061,92.06529219643066,6.33261402076286,0.701067615658363,0.027906901041666668
b5ed1c99bc4cf1671c8c,test,8,,32061.0,0.29345351278511317,1.7796680059161911,118.30164374161754,35.73386364575125,167.73141823399146,113.86263684850753,11.481925080315648,1.257918552036199,0.02609130859375
b5ed1c99bc4cf1671c8c,test,9,,4256.0,0.628808593163249,1.8253548295434467,175.71499060150376,25.091249277775322,232.70112781954887,177.62570488721803,16.33341165413534,1.7719298245614035,0.003463541666666667
b5ed1c99bc4cf1671c8c,test,10,,2616.0,0.649285195358314,1.7721087674498484,171.72706422018348,31.97676385360771,232.45451070336392,172.02255351681958,10.809633027522937,1.9285714285714286,0.00212890625
b5ed1c99bc4cf1671c8c,test,11,,3261.0,0.6892052168453426,1.8412058174059738,103.00091996320147,37.05192076029284,151.2790555044465,97.03219871205152,7.178472861085557,0.5647058823529412,0.00265380859375
b6031c4910b2b0c062ed,test,1,,9913.0,0.6412978249227558,1.8258319981288087,143.04690810047413,35.25586204173125,197.90971451629173,139.40926056693232,17.794007868455562,1.3738317757009346,0.008067220052083334
b6031c4910b2b0c062ed,test,2,,906.0,0.7161816690655464,1.6609219915189783,157.82560706401765,20.01408019591275,219.84547461368655,155.25717439293598,8.349889624724062,0.7857142857142857,0.0007373046875
b6031c4910b2b0c062ed,test,3,,28835.0,0.6203983845151906,1.831113565396877,94.55349401768684,47.605831372845124,147.37527310560083,84.82746662042656,6.128455002601005,0.8273092369477911,0.023465983072916665
b6031c4910b2b0c062ed,test,4,,107162.0,0.2658972958456429,1.845505988258622,105.23355293854165,41.5320631515018,155.16178309475373,98.44172374535749,9.25230025568765,0.7569892473118279,0.08720865885416666
b6031c4910b2b0c062ed,test,5,,5069.0,0.38170467589438056,1.8090810737353065,159.34799763266918,20.873290249564562,215.61392779640954,158.23160386664037,17.305582955217993,3.619047619047619,0.004125162760416667
b6031c4910b2b0c062ed,test,6,,2482.0,0.5982755866808709,1.930177408945242,139.05600322320709,18.00869625583152,189.85173247381144,137.87187751813053,11.906929895245769,0.3368421052631579,0.0020198567708333334
b6031c4910b2b0c062ed,test,7,,2027.0,0.7461098974938981,1.774212886770206,190.47311297483967,9.651584108590376,243.82634435125803,195.41144548593982,24.815984213122842,1.0,0.0016495768229166667
b6031c4910b2b0c062ed,test,8,,4858.0,0.7277851427043072,1.7373039468211768,169.6852614244545,15.0193354501708,223.42857142857142,169.70111156854674,28.50988060930424,0.7731958762886598,0.003953450520833333
b6031c4910b2b0c062ed,test,9,,151337.0,0.12353152665962205,1.7356400884544758,132.93380997376715,44.49103285268169,192.5093466898379,126.39428560100967,10.350152309085022,0.7792848335388409,0.12315836588541666
b6031c4910b2b0c062ed,test,10,,27273.0,0.6857290214294545,1.827062519996234,119.83727496058373,51.815872839474956,180.17970153631796,110.72434275657244,8.59590070765959,0.8636363636363636,0.02219482421875
b6031c4910b2b0c062ed,test,11,,95.0,0.7763701557043955,1.5157025801964068,111.81052631578947,38.70707666478468,188.43157894736842,93.6421052631579,4.052631578947368,0.7333333333333333,7.731119791666666e-05
b6031c4910b2b0c062ed,test,12,,86675.0,0.38539989232186955,1.8898583230032884,106.93456013844822,44.05037743580158,161.6601442169022,98.52820305739833,6.713169887510817,0.572265625,0.07053629557291667
b6031c4910b2b0c062ed,test,13,,1697.0,0.8068980897711657,1.756063536122738,159.21154979375368,22.58661132119394,217.76605774896876,157.7678255745433,13.038892162639954,0.9387755102040817,0.0013810221354166666
b6031c4910b2b0c062ed,test,14,,2030.0,0.4055756146068187,1.7242736941181684,182.03940886699507,24.738184195409932,236.70935960591132,185.15123152709359,22.49113300492611,0.6867469879518072,0.0016520182291666667
b6031c4910b2b0c062ed,test,15,,1311.0,0.9032309123247768,1.696463863190973,135.37528604118992,24.552957433671626,193.1807780320366,130.8367658276125,7.134248665141113,1.075,0.00106689453125
b6031c4910b2b0c062ed,test,16,,17939.0,0.34241450157575076,1.7970833617084438,143.27894531467751,32.11794884012578,203.2024639054574,138.72880316628576,9.49584703718156,0.27002967359050445,0.014598795572916667
b6985ee08a05e69c5cf7,test,1,,7493.0,0.634659873351731,1.8038061367824978,146.39156546109703,18.32702305469703,196.15934872547712,144.90017349526224,23.38115574536234,0.9910714285714286,0.006097819010416667
b6985ee08a05e69c5cf7,test,2,,12266.0,0.5947058437349197,1.8352028604111676,160.27604761128322,32.17445833295555,212.2279471710419,159.12269688570032,29.85732920267406,0.6836158192090396,0.009982096354166666
b6985ee08a05e69c5cf7,test,3,,11635.0,0.6880958002017337,1.835744618983995,147.3950150408251,37.222808519452656,204.80618822518264,143.4086807047701,17.293940696175333,1.4761904761904763,0.009468587239583333
b6985ee08a05e69c5cf7,test,4,,9904.0,0.6725089140975203,1.8004871042924537,126.69153877221325,34.77994614387886,179.54069063004846,121.61995153473345,14.105411954765751,0.6688741721854304,0.008059895833333334
b6985ee08a05e69c5cf7,test,5,,6959.0,0.6850798423874702,1.7984251995070342,135.50912487426353,32.7084539792757,193.05431814915937,129.55582698663602,15.183934473343871,1.4069767441860466,0.005663248697916666
b6985ee08a05e69c5cf7,test,6,,5116.0,0.6697489469990818,1.7842322389077212,147.6280297107115,24.084516698354808,195.47634870992962,146.46989835809225,27.959538702111026,0.7623762376237624,0.004163411458333334
b6985ee08a05e69c5cf7,test,7,,4275.0,0.5294040127800371,1.756047841415347,154.1964912280702,20.96286299901376,209.44140350877194,151.6,22.511345029239767,1.4225352112676057,0.00347900390625
b6985ee08a05e69c5cf7,test,8,,7682.0,0.6984709286103545,1.835600285109828,135.08786774277533,26.626461600040006,185.40783650091123,132.14514449362144,18.151392866441032,0.728,0.006251627604166666
b6985ee08a05e69c5cf7,test,9,,3675.0,0.7123865445620156,1.7342521844929653,152.85115646258504,29.38078219871235,210.654693877551,149.58122448979591,18.06122448979592,0.9466666666666667,0.00299072265625
b6985ee08a05e69c5cf7,test,10,,8506.0,0.5022981143980737,1.7850239019908138,102.62979073595109,32.19045137937548,149.75335057606395,96.80507876792852,8.992123207147896,1.438095238095238,0.006922200520833333
b6985ee08a05e69c5cf7,test,11,,6680.0,0.5326649223916783,1.762227621574518,107.5691616766467,33.272253026401785,153.30898203592815,102.44326347305389,13.898652694610778,1.8354430379746836,0.0054361979166666664
b6985ee08a05e69c5cf7,test,12,,76.0,0.4162570394865166,1.623963756721793,141.6184210526316,2.064531967242772,184.3684210526316,140.80263157894737,33.38157894736842,3.6666666666666665,6.184895833333334e-05
b6985ee08a05e69c5cf7,test,13,,2470.0,0.7618854425895207,1.8598074069378308,168.31012145748988,24.78095493550667,224.32267206477732,166.91133603238868,28.44655870445344,1.196078431372549,0.002010091145833333
b6985ee08a05e69c5cf7,test,14,,2194.0,0.7051100826768324,1.811011753833394,153.792160437557,12.6855099538493,207.84731084776664,152.14858705560619,20.31039197812215,1.196078431372549,0.0017854817708333334
b6985ee08a05e69c5cf7,test,15,,2972.0,0.6757253478310494,1.674799848014604,131.04979811574697,19.28554495572238,179.64535666218035,128.10699865410498,18.56628532974428,0.9436619718309859,0.0024186197916666666
b71c68343e34bbda37fd,test,1,,11141.0,0.4636802632626271,1.709908410934023,150.87550489184096,36.133786258920445,212.67704873889238,146.86311821200968,9.40633695359483,0.9375,0.009066569010416666
b71c68343e34bbda37fd,test,2,,698.0,0.5241994650460329,1.7371939707046098,155.0487106017192,12.12343061887558,212.60744985673352,153.878223495702,9.922636103151863,2.217391304347826,0.0005680338541666667
b71c68343e34bbda37fd,test,3,,857.0,0.8204647310072022,1.79449672199041,156.55309218203033,18.948183174936386,212.75962660443406,155.07234539089848,16.52158693115519,1.3666666666666667,0.0006974283854166666
b71c68343e34bbda37fd,test,4,,25165.0,0.5302530561083347,1.7831185214495704,130.07931651102723,37.88452116026254,187.2782435922909,124.58811841843831,8.359904629445658,1.4914285714285713,0.020479329427083335
b71c68343e34bbda37fd,test,5,,8426.0,0.4517235639642992,1.790037975446661,130.87016377877995,38.73476049906912,187.55886541656776,125.78222169475433,8.354023261333966,1.1764705882352942,0.0068570963541666665
b71c68343e34bbda37fd,test,6,,18822.0,0.49541510559709345,1.7940459861965057,146.25746466900435,54.49663414225379,201.70901073212198,144.09451705451067,11.96015301243226,0.7121212121212122,0.0153173828125
b71c68343e34bbda37fd,test,7,,16229.0,0.30793006230054837,1.7697194353970882,164.11953909667878,35.5358495674842,221.73072894201738,163.95717542670528,13.817240741881816,1.5714285714285714,0.013207194010416666
b71c68343e34bbda37fd,test,8,,108918.0,0.17748739625084656,1.8092884050393576,129.37101305569328,55.58848487233122,188.4320406177124,123.29588314144586,5.836280504599791,1.0523138832997987,0.0886376953125
b71c68343e34bbda37fd,test,9,,1765.0,0.539982548315251,1.7700282253770505,159.53201133144475,37.182235861496125,220.13201133144477,156.93314447592067,13.95014164305949,0.4125,0.0014363606770833334
b71c68343e34bbda37fd,test,10,,3008.0,0.6622361812159804,1.7972848341049867,190.79886968085106,18.05671579840881,246.0994015957447,197.3809840425532,11.790558510638299,0.6621621621621622,0.002447916666666667
b71c68343e34bbda37fd,test,11,,1995.0,0.7437328617174278,1.7787989843099745,165.86115288220552,26.596177569859623,226.9468671679198,164.16340852130327,14.278696741854636,1.0,0.00162353515625
b71c68343e34bbda37fd,test,12,,1779.0,0.7290386183343399,1.7721634601750602,160.39347948285553,18.568963031408973,221.4080944350759,158.16582349634626,11.765036537380551,1.3414634146341464,0.00144775390625
b71c68343e34bbda37fd,test,13,,1827.0,0.7819034567900125,1.7781951139376342,203.82266009852216,10.828830487011604,250.76847290640393,214.8505747126437,23.571428571428573,0.8627450980392157,0.00148681640625
b71c68343e34bbda37fd,test,14,,4911.0,0.7138600811670393,1.795538468923346,170.09305640399103,20.508633466798784,230.15007126858075,170.14172266340867,12.211565872531052,0.7473684210526316,0.00399658203125
b71c68343e34bbda37fd,test,15,,1469.0,0.7876024819249944,1.7086193425794778,182.5942818243703,29.96265195023002,236.89448604492853,187.17631041524848,16.493533015656908,0.8301886792452831,0.0011954752604166666
b71c68343e34bbda37fd,test,16,,1563.0,0.617070151127369,1.717875427012591,191.68202175303904,10.074291054477559,245.07101727447218,197.06525911708255,23.726167626359565,0.9310344827586207,0.00127197265625
b71c68343e34bbda37fd,test,17,,10756.0,0.6369445790694787,1.706183589356264,122.20221271848271,41.9228838194672,186.087114168836,112.52807735217553,4.575399776868724,1.186046511627907,0.008753255208333333
b71c68343e34bbda37fd,test,18,,2335.0,0.6800300780416688,1.7316059795854593,170.71134903640257,32.52331365584611,224.19186295503212,174.0963597430407,12.859100642398287,0.7,0.0019002278645833333
b71c68343e34bbda37fd,test,19,,41519.0,0.43054066966852156,1.8514840341759051,144.96360702329054,47.16997638212544,205.39938341482213,140.71955008550302,8.344107517040392,1.3574660633484164,0.03378824869791667
b71c68343e34bbda37fd,test,20,,1828.0,0.4781024530576085,1.7590081362673393,163.0120350109409,10.881491503773526,221.2051422319475,162.33041575492342,13.716630196936542,0.3655913978494624,0.0014876302083333334
b71c68343e34bbda37fd,test,21,,110404.0,0.268960018851168,1.8579229638707393,93.19772834317597,48.1576268059905,143.4533984275932,84.82765117205898,4.6228035216115355,0.3021223470661673,0.08984700520833333
b84231d198683a35216a,test,1,,14983.0,0.5584269976611902,1.7806068307949083,149.6588800640726,34.9481433673087,211.00373756924515,145.37068677834878,10.788493626109592,0.786096256684492,0.012193196614583334
b84231d198683a35216a,test,2,,19364.0,0.6161834837413409,1.824532179644115,141.5799421607106,37.06341203321485,202.24333815327412,136.4426771328238,8.931987192728775,1.0,0.015758463541666667
b84231d198683a35216a,test,3,,20518.0,0.39636179274638883,1.7675736381632001,127.82844331806218,40.46775688048792,178.46734574519934,124.1252558728921,14.006920752509991,0.6711111111111111,0.016697591145833333
b84231d198683a35216a,test,4,,31079.0,0.49654637881139385,1.790833270926507,122.19028926284629,47.36867452520665,176.9562405482802,116.62032240419576,7.16750860709804,1.5789473684210527,0.025292154947916666
b84231d198683a35216a,test,5,,9209.0,0.5392237732808726,1.8093699532002934,129.10620045607558,33.02754247346716,181.64893039417962,125.45346943207731,9.969377782603974,0.643312101910828,0.007494303385416666
b84231d198683a35216a,test,6,,31979.0,0.5657268695176478,1.835678716562008,112.01169517495856,48.984324779579005,164.85115231870915,105.19578473373151,8.588948997779793,0.908256880733945,0.026024576822916666
b84231d198683a35216a,test,7,,9410.0,0.6584917596716083,1.8813141563800777,122.52922422954303,36.37029194796372,175.3682252922423,117.7750265674814,8.317428267800212,0.7480314960629921,0.007657877604166667
b84231d198683a35216a,test,8,,18884.0,0.4498559820267351,1.7412791952457738,150.56974158017368,47.079338966321174,206.58382757890277,148.68534208854055,13.367612793899598,1.9015151515151516,0.015367838541666666
b84231d198683a35216a,test,9,,16223.0,0.3587678146792648,1.7255825191974083,113.8513838377612,35.83823219917843,163.2159280034519,108.6042039080318,11.349565431794366,1.0710659898477157,0.013202311197916667
b84231d198683a35216a,test,10,,73426.0,0.17389736109110662,1.7623596162803354,103.74533543976248,35.8205647959663,150.16803312178249,98.52139569089968,8.845613270503636,0.8984198645598194,0.05975423177083333
b84231d198683a35216a,test,11,,9427.0,0.5553327118634959,1.7799760467933268,157.37265301792723,41.812344864711996,217.3229023018988,155.700753155829,8.724832926699905,2.158536585365854,0.007671712239583333
b84231d198683a35216a,test,12,,2069.0,0.7177522560641668,1.7988072767803467,154.71145480908652,26.55241620716254,213.35959400676654,152.02948284195264,14.496858385693573,0.8947368421052632,0.0016837565104166666
b84231d198683a35216a,test,13,,13242.0,0.5498314577842367,1.7065795745460397,132.70487841715752,34.18656962068163,186.70253738106027,128.90915269596738,10.526808639178372,0.9591836734693877,0.0107763671875
b84231d198683a35216a,test,14,,3952.0,0.44538116197712535,1.8623262053962688,188.84868421052633,21.712766032797706,242.18927125506073,195.3243927125506,15.543016194331983,1.6379310344827587,0.0032161458333333334
b84231d198683a35216a,test,15,,23484.0,0.48861940327552844,1.7584250304468176,156.0550587634134,36.59623068290891,213.39175608925225,154.4230114120252,14.052972236416283,0.5490909090909091,0.019111328125
b9409b19b22f55a54be9,test,1,,524.0,0.6638043566438027,1.696731032952398,116.87595419847328,21.63229037076114,174.18129770992365,110.08969465648855,1.618320610687023,1.8571428571428572,0.00042643229166666665
b9409b19b22f55a54be9,test,2,,2598.0,0.5588575942374482,1.8019615494717922,145.80792917628946,27.34192553037569,209.21439568899154,141.28868360277136,2.8483448806774443,0.6075949367088608,0.0021142578125
b9409b19b22f55a54be9,test,3,,4294.0,0.7818374282872106,1.7613595111166995,170.48649278062413,16.236324664395458,230.58593386120168,171.2363763390778,8.858639962738705,0.922077922077922,0.003494466145833333
b9409b19b22f55a54be9,test,4,,4163.0,0.42990723730498004,1.7359069466352461,157.98366562575066,21.806603541727334,222.68988710064858,154.829449915926,4.496516934902714,1.423529411764706,0.0033878580729166667
b9409b19b22f55a54be9,test,5,,1744.0,0.6567898305030281,1.847618508917944,168.85378440366972,13.542866766879339,233.44610091743118,167.74369266055047,5.224197247706422,2.21875,0.0014192708333333334
b9409b19b22f55a54be9,test,6,,15956.0,0.38812065845755706,1.7375146840162485,135.69403359237904,42.73355764043696,198.31185760842317,129.4655302080722,3.6710955126598144,0.993421052631579,0.012985026041666667
b9409b19b22f55a54be9,test,7,,16712.0,0.4725661887298596,1.8506573001687185,134.18932503590236,40.182331102884014,196.79475825753948,127.77531115366205,3.175382958353279,0.35918367346938773,0.013600260416666666
b9409b19b22f55a54be9,test,8,,15672.0,0.42169750736585104,1.8550735404708885,107.71828739152629,47.806243410907,165.84047983665135,98.32280500255233,3.8115109749872382,0.47104247104247104,0.01275390625
b9409b19b22f55a54be9,test,9,,5531.0,0.6270350506757639,1.7454986633692713,117.66678719942145,46.01030221316326,174.29542578195625,110.32887362140661,6.972518531911047,0.7043478260869566,0.004501139322916667
b9409b19b22f55a54be9,test,10,,30816.0,0.3520647387677222,1.700712712920084,108.5928738317757,51.045385361100074,167.91244807892005,99.00707424714435,2.5717808930425754,0.9273927392739274,0.025078125
b9409b19b22f55a54be9,test,11,,2039.0,0.470366808046704,1.8846421745184845,143.77930358018637,38.78547711732803,206.0853359489946,139.1574301128004,4.172143207454635,0.3563218390804598,0.0016593424479166667
b9409b19b22f55a54be9,test,12,,18391.0,0.34982163647325326,1.780677478336793,132.55510847697244,38.68489522918292,194.12109183839922,126.2709477461802,3.4716437387852754,0.4337748344370861,0.014966634114583334
b9409b19b22f55a54be9,test,13,,6675.0,0.7670258408450386,1.8091020987471862,130.83475655430712,42.1304817040008,193.11250936329589,123.5676404494382,5.0139325842696625,1.2298850574712643,0.00543212890625
b9409b19b22f55a54be9,test,14,,10267.0,0.6532620357034908,1.8201676548369239,134.26921203857017,40.70803892869588,198.07499756501412,127.2440829843187,3.306126424466738,1.9230769230769231,0.008355305989583334
b9409b19b22f55a54be9,test,15,,3058.0,0.7874263782676142,1.8019884321820054,118.6399607586658,40.65618817134367,180.25049051667756,109.78613472858078,2.8064094179202095,1.3653846153846154,0.0024886067708333333
b9409b19b22f55a54be9,test,16,,4562.0,0.791195338080723,1.778202761333161,131.44651468654098,33.86401439219553,196.22533976326173,123.29570363875493,3.642481367821131,0.9411764705882353,0.0037125651041666667
b9409b19b22f55a54be9,test,17,,11690.0,0.5083062460938139,1.7264982646589568,93.20145423438836,47.749161535173194,144.53669803250642,84.73883661248931,2.286655260906758,0.891156462585034,0.009513346354166667
b9409b19b22f55a54be9,test,18,,10944.0,0.49389074412777284,1.7208191104474244,130.04513888888889,31.093664064192406,197.13980263157896,120.54614400584795,3.1697733918128654,1.3587786259541985,0.00890625
b9409b19b22f55a54be9,test,19,,3240.0,0.7666523418044567,1.811676321000581,108.75246913580247,44.118469440306065,168.96851851851852,98.77993827160493,2.3237654320987655,1.3442622950819672,0.00263671875
b9409b19b22f55a54be9,test,20,,23247.0,0.36574122749869636,1.7750624064773726,108.05510388437217,43.24249013090965,166.72091022497526,98.76874435411021,2.193831462124145,0.8024691358024691,0.01891845703125
b9409b19b22f55a54be9,test,21,,14864.0,0.37200020783978976,1.7298577027794817,97.52684337997847,45.60505155381668,156.0703040904198,86.17841765339074,2.682588805166846,1.0943396226415094,0.012096354166666667
b9409b19b22f55a54be9,test,22,,1451.0,0.614430781948122,1.7173523220310458,165.2997932460372,12.786768174296174,233.45692625775328,162.0303239145417,3.469331495520331,0.8775510204081632,0.0011808268229166667
b9409b19b22f55a54be9,test,23,,2935.0,0.49298521023911457,1.742004317172859,106.88109028960818,34.3965426559385,172.0013628620102,93.93219761499148,2.9083475298126067,0.5961538461538461,0.0023885091145833333
b9409b19b22f55a54be9,test,24,,1205.0,0.8130832722199841,1.670537586539675,132.44647302904565,17.131122281713342,199.35684647302904,123.87883817427385,1.3900414937759336,1.2105263157894737,0.0009806315104166667
b9409b19b22f55a54be9,test,25,,14338.0,0.6213542151235322,1.8181323076950424,106.97433393778769,39.871407677089586,164.93430046031526,97.8609289998605,2.0211326544845862,0.494949494949495,0.011668294270833334
b9409b19b22f55a54be9,test,26,,59452.0,0.1366754849045441,1.8295350708447755,118.18253380878691,38.76909563569492,180.70783152795534,108.74983179707999,2.878507030882056,0.48940269749518306,0.048382161458333336
b9409b19b22f55a54be9,test,27,,2349.0,0.2755151875386265,1.6232551131254935,150.213282247765,27.285009658457124,209.02639421030224,148.87654320987653,2.9710515112813964,2.9130434782608696,0.00191162109375
b9b447b2ef45182acd2f,test,1,,13382.0,0.6163620513170581,1.8507592056268498,137.65879539680168,31.453507357321907,200.4229562098341,131.62539231803916,4.115901957853834,0.6114285714285714,0.010890299479166667
b9b447b2ef45182acd2f,test,2,,2007.0,0.651390533650433,1.812201407342255,99.7538614848032,47.08635965285481,150.34927752864974,92.38066766317887,5.031888390632785,1.5897435897435896,0.00163330078125
b9b447b2ef45182acd2f,test,3,,2033.0,0.7676651720507337,1.8061098877847723,175.54500737825873,13.006868135866968,238.53418593212,175.42547958681752,10.876045253320216,1.1702127659574468,0.0016544596354166666
b9b447b2ef45182acd2f,test,4,,48386.0,0.3856529717443623,1.8857976127881118,133.7363493572521,39.76064448481823,198.5404455834332,125.71948497499277,5.12619352705328,1.24,0.039376627604166665
b9b447b2ef45182acd2f,test,5,,68283.0,0.37996643758648196,1.792233900065401,154.6200225531977,43.84411530382851,215.84750230657704,152.0875181231053,7.095865735248891,1.1585365853658536,0.05556884765625
b9b447b2ef45182acd2f,test,6,,10393.0,0.5831485782460015,1.8107338737434642,139.72683536996055,46.35434441752837,202.54122967381892,133.4062349658424,7.57557971711729,1.188976377952756,0.008457845052083333
b9b447b2ef45182acd2f,test,7,,14480.0,0.4340818944617485,1.8828176597915132,121.20041436464088,39.68232659544041,177.4489640883978,115.12582872928176,4.939986187845304,1.6050420168067228,0.011783854166666666
b9b447b2ef45182acd2f,test,8,,26165.0,0.4425840554938076,1.7534503999968956,141.35772979170648,28.99816190406284,203.23305943053697,136.06420791133192,6.293101471431301,0.579136690647482,0.021293131510416667
b9b447b2ef45182acd2f,test,9,,6240.0,0.6107730331684647,1.7797147772409978,148.76490384615386,33.21078783341936,211.4508012820513,143.92580128205128,9.26073717948718,1.2197802197802199,0.005078125
b9b447b2ef45182acd2f,test,10,,18518.0,0.5568607114429763,1.7947586252406749,159.51317636893833,34.50744732341042,222.81947294524247,156.85824603088886,7.165460632897721,1.3673469387755102,0.015069986979166667
b9b447b2ef45182acd2f,test,11,,3847.0,0.605028094562957,1.814833298597153,168.204834936314,30.040837771153615,226.57967247205616,168.66805302833376,12.674551598648298,1.9038461538461537,0.0031306966145833335
b9b447b2ef45182acd2f,test,12,,14991.0,0.3219102515520031,1.8125044052846369,171.95223800947235,35.187078098454215,232.08878660529652,173.2030551664332,7.745714095123741,1.652542372881356,0.01219970703125
b9b447b2ef45182acd2f,test,13,,157132.0,0.2845271587807994,1.8758905194274498,91.03708347122165,44.067824856738014,142.99682432604433,81.56416897894763,3.629782603161673,1.9640102827763497,0.12787434895833333
b9b447b2ef45182acd2f,test,14,,1417.0,0.49789565213530723,1.8076565919649956,169.50529287226536,13.799814116742276,226.23288637967536,170.4650670430487,15.576570218772053,2.6785714285714284,0.0011531575520833334
b9b447b2ef45182acd2f,test,15,,2122.0,0.7139939225101688,1.8315903923005326,153.49010367577756,24.505844694922946,216.49151743638078,149.68378887841658,7.658812441093308,0.7704918032786885,0.0017268880208333333
b9b447b2ef45182acd2f,test,16,,26752.0,0.4456765375984963,1.8043118420268949,119.40976375598086,32.290904807044136,175.6296351674641,112.58646082535886,7.093936901913875,1.0043478260869565,0.021770833333333333
bae512179fee29f02c8b,test,1,,17701.0,0.7788400426528859,1.7713288243936969,79.54912151855828,48.08148962529436,135.67967911417435,66.28060561550195,0.6796226201909497,1.2,0.014405110677083333
bae512179fee29f02c8b,test,2,,14178.0,0.6071530012975171,1.8103161383974409,131.8846804909014,42.276265000034314,200.488080124136,122.21124277048949,1.7257723233178164,2.07,0.0115380859375
bae512179fee29f02c8b,test,3,,66743.0,0.4839175745593525,1.8095152013056675,143.18473847444676,49.7426606862223,210.06468094032334,136.52113330236878,2.0388954646929265,1.0785907859078592,0.054315592447916665
bae512179fee29f02c8b,test,4,,33307.0,0.6493583765210462,1.8030516963684131,130.28390428438468,52.41417371342788,196.7121626084607,121.39084877052872,1.8257123127270545,1.85,0.02710530598958333
bae512179fee29f02c8b,test,5,,29642.0,0.8374562178757694,1.8561544085771775,79.25038796302543,55.60878535799822,134.4742932325754,66.26685108967007,1.248363808110114,1.1041666666666667,0.024122721354166668
bae512179fee29f02c8b,test,6,,23152.0,0.5093975299296324,1.7992169973527428,123.89668279198341,49.206527469391624,190.6650397373877,113.59005701451278,1.8184174153420871,1.3770491803278688,0.018841145833333333
bae512179fee29f02c8b,test,7,,9595.0,0.6344819845167129,1.8078948572039326,129.79770713913496,37.51031728775904,195.29004689942678,121.4009379885357,1.2017717561229808,1.3103448275862069,0.0078084309895833336
bae512179fee29f02c8b,test,8,,8605.0,0.7068101108319629,1.8551564793650714,120.27635095874491,40.96099083496961,186.51144683323648,109.61359674607786,1.421034282393957,1.4065934065934067,0.007002766927083333
bae512179fee29f02c8b,test,9,,11181.0,0.7912122083452635,1.8588696331365318,71.33369108308737,53.648121302510525,117.47321348716572,61.485734728557375,1.0470440926571862,1.0483870967741935,0.00909912109375
bae512179fee29f02c8b,test,10,,29691.0,0.6335581013156973,1.9247790408832586,141.4073961806608,46.71607401143301,210.7170523054124,133.27132801185545,1.4762385908187667,2.3622047244094486,0.02416259765625
bae512179fee29f02c8b,test,11,,8524.0,0.8335566687941062,1.8382646517207588,127.72477709995307,34.89225610733075,198.07484748944157,116.43840919755984,1.2651337400281557,0.9310344827586207,0.0069368489583333335
bc9886e37c0ba4e4b549,test,1,,36530.0,0.3987186790337727,1.8673447468062083,116.40495483164523,40.96835875975822,168.72151656173008,110.77719682452779,8.14954831645223,0.975103734439834,0.029728190104166666
bc9886e37c0ba4e4b549,test,2,,4259.0,0.6317872955909359,1.8575928829003485,111.07161305470768,37.31465476781237,157.38835407372622,107.12984268607654,9.915942709556234,1.728813559322034,0.003465983072916667
bc9886e37c0ba4e4b549,test,3,,99461.0,0.13942011675459484,1.8256803263326111,146.25810116528086,45.21261623311647,199.28611214445863,144.68615839374226,15.239410422175526,3.706896551724138,0.08094156901041667
bc9886e37c0ba4e4b549,test,4,,1856.0,0.6157150932815141,1.8705118155050944,161.63900862068965,19.526426277101965,215.49784482758622,161.42995689655172,21.252155172413794,2.25,0.0015104166666666666
bc9886e37c0ba4e4b549,test,5,,11038.0,0.729762868739673,1.819553164281438,121.0626019206378,49.14559514178524,174.9276136981337,114.64060518209821,12.837017575647762,1.373913043478261,0.008982747395833334
bc9886e37c0ba4e4b549,test,6,,1167.0,0.7954226457106646,1.6582911816906791,91.10197086546701,40.240332688294444,137.43359040274208,83.12767780634104,10.764353041988004,0.9111111111111111,0.00094970703125
bd49f1ecdf3e4ccca52e,test,1,,8024.0,0.633888718068586,1.8207826442880748,121.12437686939182,26.854116133761817,170.25623130608176,117.23978065802592,12.193045862412761,0.8211382113821138,0.0065299479166666665
bd49f1ecdf3e4ccca52e,test,2,,18649.0,0.6197198225570321,1.7489280050112666,106.56281838168266,66.44467857687141,152.556490964663,101.48565606734945,12.150571076197116,0.7323232323232324,0.015176595052083333
bd49f1ecdf3e4ccca52e,test,3,,19417.0,0.4244501318699367,1.76879008312985,107.91291136632847,47.890875538945004,157.6867178245867,101.37771025390123,10.974712880465571,0.8578431372549019,0.015801595052083332
bd49f1ecdf3e4ccca52e,test,4,,15588.0,0.5804560694054278,1.8521482105007279,116.21555042340262,44.39119707369009,163.15839107005388,112.64350782653322,11.536309982037464,1.265625,0.012685546875
bd49f1ecdf3e4ccca52e,test,5,,9634.0,0.7865145053288711,1.8536795031765456,97.98505293751298,45.66685312935083,152.59663691094042,87.79831845547021,7.258252024081378,1.087719298245614,0.007840169270833334
bd49f1ecdf3e4ccca52e,test,6,,2209.0,0.8097255507674145,1.813216555880452,159.16659121774558,30.963848825723357,215.59800814848347,157.40380262562246,20.173381620642825,0.9272727272727272,0.0017976888020833333
bd49f1ecdf3e4ccca52e,test,7,,1798.0,0.5314845173993871,1.8454270443763967,171.43715239154616,24.937033030470193,225.78921023359288,172.5344827586207,23.124582869855395,2.53125,0.0014632161458333333
bd49f1ecdf3e4ccca52e,test,8,,2361.0,0.7016044118524107,1.770466324180765,131.89877170690386,38.876725024070424,187.88140618382042,126.36086404066074,13.52562473528166,0.7611940298507462,0.00192138671875
bd49f1ecdf3e4ccca52e,test,9,,62901.0,0.41926600380743567,1.80359739897174,98.15799430851656,52.03908091572687,148.18812101556415,90.07608782054339,8.599497623249233,0.6072234762979684,0.05118896484375
bd49f1ecdf3e4ccca52e,test,10,,2447.0,0.8657020029009113,1.845600833373431,161.05721291377196,9.271502805886183,214.1405803024111,161.11074785451572,21.26930935839804,1.2,0.0019913736979166666
bd49f1ecdf3e4ccca52e,test,11,,1797.0,0.8540091513167161,1.7651174561381549,159.9844184752365,4.625878894506099,211.43683917640513,160.5575959933222,21.834168057874233,1.4390243902439024,0.00146240234375
bd49f1ecdf3e4ccca52e,test,12,,3814.0,0.8466706119423466,1.727343023816072,148.86313581541688,8.53652132630096,196.60723649711588,149.48269533298375,20.3209229155742,1.0289855072463767,0.0031038411458333332
bd49f1ecdf3e4ccca52e,test,13,,2233.0,0.7030512496147387,1.770487109680051,83.08956560680699,41.23356564085156,123.28705776981639,76.76578593819973,10.275862068965518,2.2777777777777777,0.0018172200520833333
bd49f1ecdf3e4ccca52e,test,14,,5095.0,0.7656343516498069,1.782028273299524,177.06005888125614,5.954218896363872,225.8019627085378,177.99293424926398,44.15544651619235,1.6119402985074627,0.0041463216145833336
bd49f1ecdf3e4ccca52e,test,15,,25199.0,0.3465190261794131,1.7642973062018292,105.03980316679234,40.83671254944324,152.45374816460972,99.26282788999563,10.400531767133616,1.2186234817813766,0.020506998697916667
bd49f1ecdf3e4ccca52e,test,16,,372.0,0.788195275336838,1.6319325721719844,113.6989247311828,20.17599177252725,167.39247311827958,107.38440860215054,5.411290322580645,0.8148148148148148,0.000302734375
bd9d7dbd41e412ff1edd,test,1,,86460.0,0.3918967255458443,1.8087466483651842,117.94671524404349,34.916929858078355,170.08034929447143,112.30809622947028,10.193846865602591,1.0625,0.070361328125
bd9d7dbd41e412ff1edd,test,2,,15427.0,0.49467830355965575,1.7772621341677601,125.19725157191937,42.70338813832791,185.78174628897386,117.14169961755364,7.740973617683283,0.9254658385093167,0.012554524739583333
bd9d7dbd41e412ff1edd,test,3,,31246.0,0.31175157405161735,1.7696442626887465,133.19832938616142,27.858699686173022,193.0970044165653,126.91451705818345,8.375504064520259,0.6080691642651297,0.025428059895833334
bd9d7dbd41e412ff1edd,test,4,,327.0,0.6831607474446761,1.6979312145402576,156.6697247706422,10.77974233821835,219.8960244648318,152.84709480122325,10.207951070336392,1.588235294117647,0.00026611328125
bd9d7dbd41e412ff1edd,test,5,,6845.0,0.7760801995248112,1.78472150468552,105.40160701241783,51.89064325964378,161.44499634769906,95.70942293644997,8.31482834185537,1.0,0.005570475260416667
bd9d7dbd41e412ff1edd,test,6,,2300.0,0.633248471572444,1.7787259429585824,162.6873913043478,22.94206535514892,226.34869565217392,158.97434782608696,14.76608695652174,0.5061728395061729,0.0018717447916666667
bd9d7dbd41e412ff1edd,test,7,,4022.0,0.4121949707326277,1.74557691099375,170.2518647439085,21.98766584434444,228.75087021382396,169.30954748881155,21.56016907011437,3.6904761904761907,0.0032731119791666666
bd9d7dbd41e412ff1edd,test,8,,4742.0,0.571189158222037,1.8548867338667496,131.8205398566006,12.581277550194029,184.5636862083509,128.22522142555883,11.850063264445382,1.6984126984126984,0.0038590494791666667
bd9d7dbd41e412ff1edd,test,9,,2241.0,0.8471396012504399,1.8173118809112323,138.89781347612674,30.31378070921254,198.88174921909862,133.0571173583222,11.591700133868809,1.1224489795918366,0.00182373046875
bd9d7dbd41e412ff1edd,test,10,,1463.0,0.6473149945267613,1.888890117258564,134.50512645249486,8.250674139345291,187.9336978810663,131.485987696514,9.826384142173616,0.5245901639344263,0.0011905924479166667
bd9d7dbd41e412ff1edd,test,11,,36899.0,0.5331978771418768,1.8270604190633999,134.36803165397436,27.88942935340865,192.51597604271117,129.11661562643974,8.824548090734167,0.4527777777777778,0.030028483072916667
bd9d7dbd41e412ff1edd,test,12,,21993.0,0.5107020819710753,1.7834073871202123,140.6575728640931,45.16402868114405,202.41845132542173,134.52366662119766,10.26749420270086,0.7575757575757576,0.01789794921875
bd9d7dbd41e412ff1edd,test,13,,4941.0,0.5679737082488643,1.7183586256388255,131.16697024893747,31.012813908151653,194.4573972879984,123.03885853066181,7.059906901436956,0.8118811881188119,0.00402099609375
bd9d7dbd41e412ff1edd,test,14,,6272.0,0.567788907744745,1.7473006885548508,148.61495535714286,26.071309678017496,213.97433035714286,142.45360331632654,8.974808673469388,1.6024096385542168,0.005104166666666667
be7dff298c49aa27f2f9,test,1,,18763.0,0.6402287682334286,1.822351941219588,106.21126685498055,41.816966238142875,157.44960827159835,99.25038639876352,7.634813196183979,1.147239263803681,0.015269368489583334
be7dff298c49aa27f2f9,test,2,,40924.0,0.46561132933629806,1.6974961090945178,103.12784674029909,35.83500820653345,152.12684488319812,96.63346691428013,8.03076434366142,0.7938461538461539,0.03330403645833333
be7dff298c49aa27f2f9,test,3,,5540.0,0.3533603505509475,1.761245239327358,113.7759927797834,29.78428766790343,163.87328519855595,108.985559566787,7.079241877256318,0.2562814070351759,0.004508463541666666
be7dff298c49aa27f2f9,test,4,,31540.0,0.5214351550328346,1.810122737988174,144.09365884590994,39.533872255841466,204.5867469879518,138.99533925174381,11.714806594800253,1.1926605504587156,0.025667317708333335
be7dff298c49aa27f2f9,test,5,,6894.0,0.7126845026532578,1.809758489858039,145.4363214389324,27.420384911948656,203.49840440963158,141.3548012764723,14.067595010153758,0.8504672897196262,0.0056103515625
be7dff298c49aa27f2f9,test,6,,16285.0,0.392104492466991,1.7563286365683293,164.25993245317778,29.52068711110154,225.7402517654283,162.66865213386552,11.211728584587043,1.1582278481012658,0.013252766927083333
be7dff298c49aa27f2f9,test,7,,8196.0,0.5706503343290333,1.7914901374618302,152.3354075158614,29.872673848229848,214.5639336261591,147.77354807223037,12.521961932650074,1.6941176470588235,0.006669921875
be7dff298c49aa27f2f9,test,8,,56.0,1.0,1.903677461028801,161.94642857142858,10.322339925162911,222.0,162.33928571428572,2.4285714285714284,0.875,4.557291666666667e-05
be7dff298c49aa27f2f9,test,9,,14355.0,0.5548460367791848,1.8450425256591552,107.89683037269243,41.36135346956974,159.74427028909787,100.8249390456287,8.30128874956461,0.4660633484162896,0.01168212890625
be7dff298c49aa27f2f9,test,10,,19710.0,0.41457328442018926,1.7703272067365967,114.80395738203957,36.67822738140323,166.4326230339929,109.2234398782344,8.095484525621512,1.867132867132867,0.0160400390625
be7dff298c49aa27f2f9,test,11,,2724.0,0.7766438854990108,1.787048651455373,129.15895741556534,25.30280764429005,187.19970631424377,123.8931718061674,4.112334801762114,1.7142857142857142,0.002216796875
be7dff298c49aa27f2f9,test,12,,88441.0,0.33479039792867804,1.8575094276058322,80.2994538732036,40.18007110824962,128.40381723408825,70.3359301681347,5.482660756888773,1.309090909090909,0.07197347005208334
be7dff298c49aa27f2f9,test,13,,8162.0,0.6617031710582086,1.8336476122373462,147.71979906885568,32.81813396195354,208.72935555011026,142.9208527321735,12.36559666748346,0.84251968503937,0.006642252604166667
be7dff298c49aa27f2f9,test,14,,1887.0,0.6637463165365922,1.71399743620705,173.8924218335983,29.13125789156004,231.27874933757286,176.19130895601484,11.376788553259141,1.7105263157894737,0.00153564453125
bf3094a05c96e0536d6f,test,1,,32532.0,0.30881080263046606,1.7760690241944577,166.12864256731834,29.313243062245032,223.4720890200418,167.35543464896102,9.428285995327677,1.3584905660377358,0.026474609375
bf3094a05c96e0536d6f,test,2,,43491.0,0.4514701241846718,1.7434701831169215,129.9995631280035,35.450186982472445,189.23508312064564,123.8814697293693,6.14016693108919,0.8806451612903226,0.03539306640625
bf3094a05c96e0536d6f,test,3,,31946.0,0.24304013508203895,1.8277709534533313,113.00275464846929,35.50334671262166,160.3025730920929,109.44847555249484,7.271489388342829,1.6596858638743455,0.025997721354166666
bf3094a05c96e0536d6f,test,4,,3126.0,0.7168992439970493,1.8192627432506563,145.5556621880998,14.25202519848474,196.04382597568778,146.38003838771593,8.818618042226488,1.1147540983606556,0.0025439453125
bf3094a05c96e0536d6f,test,5,,37312.0,0.4069098472089055,1.8380750768696923,85.58238636363636,50.545454453567025,128.77567538593482,79.37245390222985,4.348466981132075,2.6202531645569622,0.030364583333333334
bf3094a05c96e0536d6f,test,6,,14703.0,0.5693141604500551,1.921310792140757,95.15207780725022,39.116727113451304,142.48479902060805,88.61191593552336,4.726382370944705,0.6032608695652174,0.01196533203125
bf3094a05c96e0536d6f,test,7,,2842.0,0.7180864343764376,1.8335430846691596,184.73223082336384,15.350390629883004,238.05313159746657,191.01688951442645,12.493314567206193,1.2181818181818183,0.002312825520833333
bf3094a05c96e0536d6f,test,8,,12409.0,0.5591006473682342,1.6889009625831455,114.80892900314288,43.544405341852894,172.08050608429366,106.83133209767105,5.763236360705939,1.24822695035461,0.010098470052083334
bf3094a05c96e0536d6f,test,9,,1252.0,0.7842323498892516,1.6663681362673088,137.32747603833866,23.49844898056545,196.81389776357827,132.55990415335464,5.930511182108626,0.6538461538461539,0.0010188802083333332
bf3094a05c96e0536d6f,test,10,,3977.0,0.6768821639128625,1.6949196579994559,126.87603721398038,35.68159518487807,184.44707065627358,120.90771938647221,6.671360321850641,1.3484848484848484,0.0032364908854166665
bf3094a05c96e0536d6f,test,11,,4643.0,0.7763085014035416,1.7350971101517718,146.5666594874004,29.10753832227255,208.06569028645274,142.29205255222917,7.352143010984277,1.2207792207792207,0.0037784830729166666
bf3094a05c96e0536d6f,test,12,,5757.0,0.7586973439220618,1.7681659456225591,123.70105957964218,32.714886060303,181.4359909675178,117.39968733715477,4.806322737536911,0.7450980392156863,0.00468505859375
bf3094a05c96e0536d6f,test,13,,5173.0,0.6453480276434601,1.8522863694409823,122.50299632708293,37.059576081052946,176.5799342741156,117.82060699787357,4.809394935240673,0.4745762711864407,0.004209798177083333
bf3094a05c96e0536d6f,test,14,,3299.0,0.47145802924409536,1.642800577006117,129.3910275841164,39.67077905265519,185.76295847226433,124.49530160654744,6.813579872688694,1.1604938271604939,0.0026847330729166665
bf3094a05c96e0536d6f,test,15,,2319.0,0.7812306555677112,1.828362761189703,134.745148771022,31.16445260304268,192.01078050884,130.618801207417,5.798620094868478,0.9365079365079365,0.00188720703125
bf3094a05c96e0536d6f,test,16,,16601.0,0.3610980683763301,1.8576024748585185,111.48623576892959,44.27781174887339,166.16890548762123,103.9394614782242,6.942413107644118,0.5021097046413502,0.013509928385416667
bf3094a05c96e0536d6f,test,17,,32695.0,0.2597206593599418,1.8442310298091853,141.60902278635876,35.65208388628089,202.1670285976449,137.38489065606362,4.601835142988224,1.4705882352941178,0.026607259114583334
bf3094a05c96e0536d6f,test,18,,12923.0,0.7090419894895115,1.8450459983257161,132.53246150274705,37.92729284910187,190.6556527122185,127.62570610539349,5.349996130929351,1.5943396226415094,0.010516764322916667
bf3094a05c96e0536d6f,test,19,,24827.0,0.749390860656744,1.8076916897014326,109.21528980545374,42.04047130485254,166.71937809642728,100.45913722962904,3.586337455189914,0.7603686635944701,0.020204264322916665
bfbbe5a19ec6f917d866,test,1,,74.0,0.5973363102984209,1.389139450272064,133.97297297297297,9.468258455938914,195.54054054054055,127.55405405405405,5.324324324324325,0.5882352941176471,6.022135416666667e-05
bfbbe5a19ec6f917d866,test,2,,2710.0,0.4895835017197945,1.8174078914790879,137.9391143911439,23.810823873462258,187.839852398524,136.25239852398525,15.640590405904058,1.9591836734693877,0.0022054036458333333
bfbbe5a19ec6f917d866,test,3,,1070.0,0.8253206469483343,1.6431717634260246,134.58504672897197,4.340825618922185,179.00467289719626,132.5018691588785,28.66355140186916,1.1944444444444444,0.0008707682291666667
bfbbe5a19ec6f917d866,test,4,,57071.0,0.69804213309221,1.8973043883585998,39.96478071174502,41.34083653125144,71.5853761104589,31.168246570061854,2.5311103712918994,1.5844748858447488,0.04644449869791667
bfbbe5a19ec6f917d866,test,5,,28974.0,0.6264994548423276,1.8259026263181237,109.8982881203838,49.222411928892335,156.90205011389523,104.72596120659902,13.253434113342998,1.0271493212669682,0.0235791015625
bfbbe5a19ec6f917d866,test,6,,28974.0,0.4642277312151722,1.8133213103866754,108.25888727824946,48.19564954720859,162.86605232277213,99.70818665010009,9.108856215917719,0.5942028985507246,0.0235791015625
bfbbe5a19ec6f917d866,test,7,,24765.0,0.5865281808039847,1.8083262910096876,117.45834847567131,48.65316679794971,169.8990107005855,111.54298405007066,10.359135877246114,1.3393939393939394,0.02015380859375
bfbbe5a19ec6f917d866,test,8,,36367.0,0.3283534413096477,1.8114428989979374,134.17636868589656,43.88077848395246,190.18571782110155,129.19605686474,12.900816674457612,1.2530612244897958,0.029595540364583332
bfbbe5a19ec6f917d866,test,9,,9546.0,0.5521931020109059,1.6804336346326758,125.21150219987429,35.882516556870144,181.312905929185,118.9286612193589,10.407081500104756,0.9703703703703703,0.0077685546875
bfbbe5a19ec6f917d866,test,10,,4363.0,0.8063781617935195,1.7711530277435126,109.35984414393766,57.51501820772377,151.13041485216593,104.95507678203072,22.455420582168234,0.974025974025974,0.0035506184895833333
bfbbe5a19ec6f917d866,test,11,,637.0,0.7151320737706154,1.686125355935246,164.60910518053376,8.040485000440723,222.24018838304553,162.3359497645212,24.97331240188383,0.43902439024390244,0.0005183919270833334
bfbbe5a19ec6f917d866,test,12,,4524.0,0.6064808088380138,1.8668435831398653,159.39566755083996,35.50824537525799,217.36405835543766,156.34969053934572,22.908488063660478,0.5675675675675675,0.003681640625
bfbbe5a19ec6f917d866,test,13,,3990.0,0.5765667371934903,1.7371547517674142,154.0531328320802,27.27895778442444,203.6358395989975,152.64812030075188,31.06641604010025,0.9770114942528736,0.0032470703125
bfbbe5a19ec6f917d866,test,14,,1464.0,0.6804681644316652,1.791531563221908,161.70833333333334,16.946525876967375,220.1830601092896,159.16871584699453,21.1775956284153,0.7884615384615384,0.00119140625
bfbbe5a19ec6f917d866,test,15,,11278.0,0.590251551391978,1.8342788141601019,158.36433764851924,26.56247998295103,211.80714665720873,158.5249157652066,17.251906366377018,0.6178343949044586,0.009178059895833333
bfbbe5a19ec6f917d866,test,16,,732.0,0.7604519116695041,1.786147467512576,160.91256830601094,17.071306750475536,212.17486338797815,161.0587431693989,25.476775956284154,0.7692307692307693,0.000595703125
bfbbe5a19ec6f917d866,test,17,,379.0,0.8519213792235089,1.6717070577063335,163.38522427440634,10.471188925287699,221.27440633245382,161.68601583113457,20.176781002638524,1.0434782608695652,0.00030843098958333335
bfda9c186a866e66bc7f,test,1,,51143.0,0.24442430385837194,1.7637228213476992,139.16348278356764,34.55806394681787,200.0263183622392,133.56347887296405,8.371214046888138,0.6170212765957447,0.041620279947916665
bfda9c186a866e66bc7f,test,2,,673284.0,0.06885342478942495,1.867232172818612,134.11166016123954,45.80600352809585,194.30571497317626,128.25230066361297,6.492879676332722,1.3340292275574113,0.547919921875
c09862351408c1853ad3,test,1,,5859.0,0.5478544576745024,1.8283321303994324,167.03771974739718,30.12424820770646,213.9846390168971,169.32974910394265,32.06041986687148,1.2159090909090908,0.00476806640625
c09862351408c1853ad3,test,2,,4182.0,0.7003805925500511,1.7520046704235048,116.59373505499761,35.45779297561657,153.86154949784793,115.97560975609755,21.926829268292682,1.2253521126760563,0.0034033203125
c09862351408c1853ad3,test,3,,2711.0,0.6117568589385163,1.6492820963856198,165.22021394319438,17.165945677146546,213.32460346735522,165.02692733308743,39.81003319808189,0.9701492537313433,0.0022062174479166668
c09862351408c1853ad3,test,4,,2231.0,0.49200072835574943,1.769664314382605,132.2626624831914,20.99253970690459,168.6692066337965,132.96279695203944,33.06364858807709,2.4871794871794872,0.0018155924479166666
c09862351408c1853ad3,test,5,,20832.0,0.4719330034701046,1.8036614194796081,115.258544546851,40.683596509121294,153.87000768049154,113.23286290322581,24.341445852534562,1.0052631578947369,0.016953125
c09862351408c1853ad3,test,6,,17939.0,0.5224326127260801,1.7995233405683626,133.06064998048944,42.470451234904424,177.7070628240147,131.65115112325103,23.142873069847816,1.6870229007633588,0.014598795572916667
c09862351408c1853ad3,test,7,,26270.0,0.44966098604941657,1.7952845882118083,137.3798629615531,37.68083582115301,178.56958507803577,137.08964598401218,30.809288161400836,1.02020202020202,0.021378580729166666
c09862351408c1853ad3,test,8,,21589.0,0.5568850762009908,1.7856795677151414,113.24966418083284,31.67904837851355,152.87428783176617,111.35578303765807,18.996711288156007,1.254335260115607,0.017569173177083335
c09862351408c1853ad3,test,9,,4059.0,0.6258594912060462,1.7433020005657955,156.49987681694998,15.668866115509196,201.7689085981769,157.42966247844296,32.85267307218527,1.1973684210526316,0.00330322265625
c09862351408c1853ad3,test,10,,4170.0,0.6793954456880104,1.707082461153682,149.93021582733812,34.52279229325465,195.2465227817746,148.61870503597123,37.70767386091127,1.3582089552238805,0.0033935546875
c09862351408c1853ad3,test,11,,7281.0,0.68044751557871,1.8000902378263754,118.53467930229364,44.11386282040213,161.09311907704986,115.67614338689741,21.62079384699904,0.8434782608695652,0.00592529296875
c09862351408c1853ad3,test,12,,3679.0,0.5916358939083388,1.7371537989928734,160.47839086708345,17.427019665627988,206.02201685240556,161.13454743136722,37.544985050285405,0.9625,0.0029939778645833334
c09862351408c1853ad3,test,13,,1556.0,0.8026141286118935,1.7523710762450297,133.30077120822622,19.603250462899016,170.8772493573265,133.99614395886888,31.11439588688946,0.9565217391304348,0.0012662760416666666
c09862351408c1853ad3,test,14,,35940.0,0.4341296901891595,1.8330586067062615,139.97885364496383,36.42340662334117,188.43057874234836,137.50971062882581,25.516416249304395,1.3755656108597285,0.029248046875
c38b4d9275fd19213c4e,test,1,,14887.0,0.5277382289629564,1.7794277285406106,89.97803452676833,31.198456859883038,124.22885739235575,86.8755961577215,16.08624974810237,0.8633879781420765,0.012115071614583334
c38b4d9275fd19213c4e,test,2,,6133.0,0.6499529695694659,1.7850673231477552,127.03880645687265,30.88844443085644,169.91945214413826,125.13533344203489,24.270340779390185,0.794392523364486,0.004991048177083333
c38b4d9275fd19213c4e,test,3,,6891.0,0.7434853696728683,1.7934708728044224,81.9505151647076,42.1600562362944,117.93585836598461,77.07517051226237,12.714845450587724,0.7456140350877193,0.00560791015625
c38b4d9275fd19213c4e,test,4,,17851.0,0.443815626049178,1.8534538495978068,120.99787126771609,36.111920522544544,162.6459582096241,119.06414206487031,21.724553246316734,1.664,0.014527180989583333
c38b4d9275fd19213c4e,test,5,,151770.0,0.3219455601532958,1.7667112622961727,99.9603676615932,43.652495323526594,144.18369242933386,94.30747183237794,13.069216577716281,1.0178571428571428,0.1235107421875
c53fe935f94adcb14491,test,1,,11795.0,0.4535510013569373,1.8391729394077485,168.06053412462907,50.101007579297146,215.45129292072912,169.3154726579059,37.22441712590081,0.4405940594059406,0.009598795572916667
c53fe935f94adcb14491,test,2,,12104.0,0.5490211211538557,1.8747200617886004,128.3314606741573,47.609874122846946,172.40069398545936,126.07476867151355,24.31188037012558,1.8888888888888888,0.009850260416666666
c53fe935f94adcb14491,test,3,,9491.0,0.7067629694243719,1.8314052020040028,121.91855441997681,56.56031868202054,171.6038352123064,116.5534717100411,19.292171530924033,1.5494505494505495,0.007723795572916667
c53fe935f94adcb14491,test,4,,249402.0,0.15579995536975733,1.788637961111878,113.05519201931018,57.31022251995942,156.36051034073503,109.25262828686218,19.089285571086037,0.6754057428214731,0.2029638671875
c53fe935f94adcb14491,test,5,,6235.0,0.5669052642392034,1.782115923385709,176.60785886126703,43.70465176835747,221.77417802726544,180.33311948676825,38.82694466720128,0.8666666666666667,0.005074055989583334
c53fe935f94adcb14491,test,6,,7018.0,0.7009982517829991,1.8117702157525135,121.2466514676546,67.0495939918771,162.70005699629525,119.02422342547735,24.015246508976915,0.7699115044247787,0.005711263020833334
c53fe935f94adcb14491,test,7,,1122.0,0.8345094234878528,1.645958724974329,164.9349376114082,35.213307858081876,210.9349376114082,166.28966131907308,37.16131907308378,0.975,0.0009130859375
c53fe935f94adcb14491,test,8,,13497.0,0.6769862618529571,1.7617801782836953,114.53248870119286,52.89430230840496,152.03385937615766,112.15825739053123,28.40371934503964,1.1984732824427482,0.01098388671875
c53fe935f94adcb14491,test,9,,41125.0,0.42021588761634787,1.8360003017693796,126.1940425531915,55.81662933575875,171.66334346504559,122.98524012158055,23.42254103343465,1.316017316017316,0.033467610677083336
c53fe935f94adcb14491,test,10,,21885.0,0.6165520603282457,1.8290291018762577,143.58400731094358,51.136840971769345,191.56381082933515,141.96362805574594,26.059401416495316,0.5633187772925764,0.01781005859375
c53fe935f94adcb14491,test,11,,231549.0,0.1221928895993322,1.7833348218113965,134.51217236956325,53.7668601335217,182.148940397065,131.85324056679147,23.239508700102355,0.6777893639207507,0.18843505859375
c53fe935f94adcb14491,test,12,,59.0,0.5752878508693604,1.5376440636521178,98.15254237288136,29.206926018234874,149.08474576271186,88.35593220338983,15.016949152542374,2.142857142857143,4.8014322916666664e-05
c53fe935f94adcb14491,test,13,,1568.0,0.5669451799650215,1.8144161546942092,173.9170918367347,24.038277590163776,215.38647959183675,176.64030612244898,50.96938775510204,1.4186046511627908,0.0012760416666666666
c53fe935f94adcb14491,test,14,,24487.0,0.47133922799020894,1.833473287554441,79.42447012700616,40.71213792518755,120.1919385796545,72.54845428186384,8.02511536733777,1.0285714285714285,0.019927571614583334
c53fe935f94adcb14491,test,15,,8229.0,0.7197715585720598,1.8422670656390794,176.72317414023576,42.333151133094134,224.22056142909224,180.48037428606148,32.710778952485114,1.348314606741573,0.00669677734375
c53fe935f94adcb14491,test,16,,8738.0,0.3293337377128474,1.8338630851372133,169.52563515678645,54.91505619042835,213.24662394140535,173.42023346303503,34.737926298924236,4.161290322580645,0.007111002604166666
c6d865f78fc375fd0366,test,1,,10269.0,0.6003565637379441,1.8518412976267438,154.45778556821503,38.36060449494036,219.28814879735125,149.97769987340538,7.53822183270036,1.1229508196721312,0.00835693359375
c6d865f78fc375fd0366,test,2,,109066.0,0.43532287935868347,1.8411356101815304,107.32345552234428,44.00105555503525,169.62828012396164,95.3656409880256,5.554141528982451,0.8808510638297873,0.08875813802083334
c6d865f78fc375fd0366,test,3,,46300.0,0.5218288310048017,1.8393934912140113,156.52803455723543,39.38493715291117,219.14883369330454,153.2702159827214,9.060107991360692,0.7670807453416149,0.037679036458333336
c6d865f78fc375fd0366,test,4,,31929.0,0.6019044525902557,1.8611627287193426,114.14275423596104,39.877766400967694,171.39901030411224,105.91553133514986,6.308183782768016,1.2864321608040201,0.02598388671875
c6d865f78fc375fd0366,test,5,,17440.0,0.6878070902501934,1.8053160106890316,118.48727064220184,42.69042416078423,177.09323394495414,110.40068807339449,6.417144495412844,1.1059602649006623,0.014192708333333333
c6d865f78fc375fd0366,test,6,,87681.0,0.29495425334542985,1.812453274918786,123.50806902293542,50.1979994655398,184.76756651954244,114.59747265656185,8.787468208619883,1.3946587537091988,0.07135498046875
c6d865f78fc375fd0366,test,7,,10915.0,0.7036603996874814,1.8209999576390608,137.4180485570316,35.73439639994199,199.99862574438845,130.47494273934953,8.96701786532295,0.8581560283687943,0.008882649739583333
c6d865f78fc375fd0366,test,8,,5830.0,0.5706421127198957,1.7504579068212296,163.3843910806175,13.611956072819204,221.01029159519726,162.05060034305316,19.026586620926242,0.9065420560747663,0.004744466145833333
c6d865f78fc375fd0366,test,9,,23517.0,0.24919350733526954,1.7586338301089928,113.50729259684483,34.02958274157444,167.9940468597185,106.09822681464472,8.739124888378619,0.5958904109589042,0.01913818359375
c6d865f78fc375fd0366,test,10,,16009.0,0.5620158091461547,1.8373422096889627,106.18008620151166,37.19745367330525,157.704478730714,99.11212443000812,7.432506714972828,0.3469387755102041,0.013028157552083334
c7770484b5b6331d2134,test,1,,43736.0,0.4517022236495528,1.8430717786875235,111.35535942930309,38.989450730166965,174.32273184561916,100.10844613133345,4.2259008597036765,0.8971631205673759,0.035592447916666665
c7770484b5b6331d2134,test,2,,15808.0,0.6075966542445475,1.87869783848267,127.70495951417004,38.40187585955631,191.21109564777328,119.04782388663968,5.763347672064778,1.5614035087719298,0.012864583333333334
c7770484b5b6331d2134,test,3,,49350.0,0.4766572779728566,1.8495377507891204,141.38818642350557,49.906540924058845,203.92160081053697,135.6565349544073,6.920222897669706,1.3577235772357723,0.0401611328125
c7770484b5b6331d2134,test,4,,19861.0,0.3419062082577468,1.7820235363683368,130.8463320074518,39.87683255472771,189.1155027440713,124.62423845727808,10.092241075474549,0.890625,0.016162923177083333
c7770484b5b6331d2134,test,5,,13196.0,0.5619888432512132,1.7025710646999728,122.99856016974842,33.975506231582074,180.90822976659595,115.7270384965141,8.565853288875417,1.3053435114503817,0.010738932291666666
c7770484b5b6331d2134,test,6,,9864.0,0.5204358119260452,1.8106659441810669,127.5359894566099,26.310153384221607,182.7175587996756,122.65673154906732,7.872566909975669,1.4132231404958677,0.00802734375
c7770484b5b6331d2134,test,7,,51742.0,0.3254784194436875,1.8466711847000084,114.43919833017665,36.3315558862058,171.94998260600673,106.34826639867033,5.262842565034208,1.7210300429184548,0.04210774739583333
c7770484b5b6331d2134,test,8,,8525.0,0.6866874221030663,1.8382863900953286,127.36563049853372,30.539660920164135,183.33055718475075,122.07894428152493,7.753431085043989,0.856,0.006937662760416667
c7770484b5b6331d2134,test,9,,10177.0,0.5203661079503217,1.6972576591735025,139.12675641151617,38.26696827787678,204.2132259015427,131.72064459074383,6.574530804755822,1.0714285714285714,0.008282063802083333
c7770484b5b6331d2134,test,10,,13885.0,0.40355538331340823,1.8688932201369113,122.87605329492258,44.45616460825146,184.3801224342816,114.15556355779619,6.463953907093987,0.364,0.011299641927083333
c7770484b5b6331d2134,test,11,,5875.0,0.5083812286943771,1.7648684470799973,150.7872340425532,27.69972745100785,214.20272340425532,146.33004255319148,7.240170212765958,1.6933333333333334,0.004781087239583333
c7770484b5b6331d2134,test,12,,54521.0,0.4234446037768148,1.7607850248210972,144.55741824251206,40.86744905670988,206.3786247500963,139.38583298178685,9.060655527228041,0.9615384615384616,0.04436930338541667
c7770484b5b6331d2134,test,13,,34258.0,0.4336247498439062,1.8055764666436878,120.50586724268784,43.18903719280295,181.70891470605406,111.80346196508845,4.820129604763851,0.6025236593059937,0.027879231770833332
c7770484b5b6331d2134,test,14,,3859.0,0.8778366976953121,1.7315621173206204,147.22415133454263,5.73652999571283,203.43690075149001,145.22829748639543,9.911376004146152,1.0138888888888888,0.0031404622395833333
c7770484b5b6331d2134,test,15,,2019.0,0.6975834486763646,1.745861304651509,127.29470034670629,37.04543649597973,187.93016344725112,119.36849925705795,9.077761267954433,2.264705882352941,0.00164306640625
c7770484b5b6331d2134,test,16,,1145.0,0.8947469950725256,1.7270342323064,192.4296943231441,12.234127597524088,247.08646288209607,199.01659388646289,14.899563318777293,1.0,0.0009318033854166667
c7770484b5b6331d2134,test,17,,4642.0,0.6183729582400475,1.7789546634141653,167.99741490736753,7.105228169250804,232.11374407582937,165.6792330891857,11.487505385609651,2.6530612244897958,0.003777669270833333
cac8a223c53448809112,test,1,,26723.0,0.21128143451702477,1.7603351164090675,115.0407514126408,54.31698505909502,181.61512554728137,102.8154024622984,3.368035026007559,1.7903225806451613,0.021747233072916667
cac8a223c53448809112,test,2,,13943.0,0.44704347212132917,1.8266267885550875,138.55934877716416,37.67344658643715,210.96205981496092,128.30273255396975,1.4795954959477875,0.42660550458715596,0.011346842447916667
cac8a223c53448809112,test,3,,41886.0,0.24406416421800878,1.7317614132544499,143.5827722866829,52.97572518183971,210.0758487322733,137.06424581005587,2.7387193811774817,0.9663299663299664,0.0340869140625
cac8a223c53448809112,test,4,,6700.0,0.6851434514873838,1.8238474921197763,101.97865671641792,31.923948685714407,172.73089552238807,85.59567164179104,0.8319402985074626,0.9791666666666666,0.005452473958333333
cac8a223c53448809112,test,5,,167527.0,0.06735331346332822,1.735623906053331,119.50551851343366,48.574650488478696,188.66480030084702,107.26224429494947,1.1433082428504062,1.1236306729264476,0.13633382161458332
cac8a223c53448809112,test,6,,1592.0,0.5885509263475964,1.736123431035556,147.71922110552765,32.76018284896844,220.64447236180905,139.00439698492463,1.2330402010050252,0.8679245283018868,0.0012955729166666667
cac8a223c53448809112,test,7,,7053.0,0.7407402823368641,1.8133817786002273,108.48135545158088,40.91664296322246,180.60314759676734,92.68226286686516,0.6228555224727067,0.8888888888888888,0.00573974609375
cac8a223c53448809112,test,8,,24415.0,0.1874482482355116,1.7902309448553622,166.8602088879787,34.60139474420509,236.45660454638542,163.6260495596969,0.9464263772271144,1.3661971830985915,0.019868977864583335
cac8a223c53448809112,test,9,,11636.0,0.6152998956238533,1.8306936525404183,109.46330354073565,47.09862107830566,179.15598143691992,94.92918528704023,1.50644551392231,1.246031746031746,0.009469401041666667
cac8a223c53448809112,test,10,,19406.0,0.5292499736052062,1.8690515897995306,146.12707410079358,45.481316734103544,216.16912295166443,138.54771720086572,1.4435741523240235,2.1652173913043478,0.015792643229166667
cc0a6fb8af6e7483933d,test,1,,27951.0,0.5144382255372553,1.8272363666456435,167.72179886229472,33.993533609870035,219.47536760759903,168.61657901327322,27.294837394010948,0.995049504950495,0.02274658203125
cc0a6fb8af6e7483933d,test,2,,49926.0,0.2993935768656019,1.7315872753057744,116.07923727116132,41.42044008669426,162.82029403517205,111.93137844009134,14.795236950687016,1.069767441860465,0.0406298828125
cc0a6fb8af6e7483933d,test,3,,12094.0,0.6511800562681025,1.7330501094394934,128.25467173805194,41.744305429684026,174.28724987597155,125.58739871010418,21.164792459070615,1.0785714285714285,0.009842122395833333
cc0a6fb8af6e7483933d,test,4,,18256.0,0.5173819827048809,1.7813395463344888,108.35719763365469,40.7957088631535,154.23679886064855,103.89450043821209,10.983074057843996,1.1045751633986929,0.014856770833333333
cc0a6fb8af6e7483933d,test,5,,43809.0,0.4980705365750854,1.7400261526125869,133.70732041361364,30.219619346805196,187.7668743865416,129.1636421739825,15.211212307973247,1.2413793103448276,0.03565185546875
cc0a6fb8af6e7483933d,test,6,,92744.0,0.19755323155325652,1.7698822846088937,137.3775015095316,38.72284727118668,187.97138359354784,134.0488764771845,21.74121236953334,0.7344632768361582,0.07547526041666666
cc0a6fb8af6e7483933d,test,7,,31888.0,0.24008514352899624,1.815510486117063,118.86753637732062,37.057290809086254,164.47462995484196,115.59003386853989,16.065667335674863,2.2576687116564416,0.025950520833333334
cc0a6fb8af6e7483933d,test,8,,89426.0,0.317180134559235,1.7895930603827697,152.914912888869,42.220257559791484,209.82723145393956,150.32527452866057,16.954196766041196,1.985611510791367,0.07277506510416666
cc0a6fb8af6e7483933d,test,9,,10072.0,0.7541077912166196,1.8819549217545128,143.26479348689435,31.101448820308114,199.02313343923748,139.35961080222398,17.044479745830024,0.7857142857142857,0.008196614583333333
cc0a6fb8af6e7483933d,test,10,,181978.0,0.12240114377819014,1.7486641956694866,130.7079317280111,41.060069170728426,185.96611678334745,125.11603050918242,14.513424699688974,0.9428571428571428,0.14809407552083334
cfc71e1641a893c4a89a,test,1,,8266.0,0.43870610873603777,1.845131553073232,105.13234938301476,40.10021804516954,152.55577062666345,99.41325913380112,10.186910234696347,2.3012048192771086,0.006726888020833334
cfc71e1641a893c4a89a,test,2,,1608.0,0.7751546769018562,1.7633749231036826,156.5615671641791,11.11075811106978,210.6281094527363,155.0907960199005,22.2226368159204,0.8723404255319149,0.00130859375
cfc71e1641a893c4a89a,test,3,,1846.0,0.5431136125411592,1.775251022454413,162.83261105092092,25.578520546233563,209.79144095341277,162.59371614301193,40.79035752979415,1.605263157894737,0.0015022786458333333
cfc71e1641a893c4a89a,test,4,,23906.0,0.5708844414207264,1.804096910359115,123.3496611729273,40.438921526499264,172.57194846482054,118.6329791684096,18.505479795867146,0.8706467661691543,0.019454752604166667
cfc71e1641a893c4a89a,test,5,,16237.0,0.5953088730492663,1.865887777120609,122.53562850280224,37.21528995154995,172.44725010777853,118.49688981954795,12.340210630042495,1.97196261682243,0.013213704427083334
cfc71e1641a893c4a89a,test,6,,14187.0,0.6000815501458944,1.7641166105469694,134.91294847395503,29.039417398370368,182.81504193980405,132.36921124973568,22.29724395573412,0.7941176470588235,0.01154541015625
cfc71e1641a893c4a89a,test,7,,66363.0,0.39739832166587796,1.7857115770772278,130.55901631933457,34.3262106763437,187.22782273254674,124.7706704036888,11.675481819688683,1.2937062937062938,0.05400634765625
cfc71e1641a893c4a89a,test,8,,61454.0,0.25413144346458155,1.7565976848903637,128.58619455202265,49.832868215384124,183.86972369577245,122.74252286262896,13.686659940768704,1.206060606060606,0.050011393229166666
cfc71e1641a893c4a89a,test,9,,5898.0,0.6851750849427041,1.7890948958309203,133.8201085113598,28.20262312307978,179.65666327568667,131.90776534418447,23.36842997626314,1.043956043956044,0.0047998046875
cfc71e1641a893c4a89a,test,10,,33932.0,0.24536982616761388,1.6976310177759348,141.23499941058589,37.896771301790345,197.04013910173288,136.91309088765766,17.089148886007308,1.118421052631579,0.027613932291666667
cfc71e1641a893c4a89a,test,11,,6711.0,0.46297828295603943,1.796778803820063,164.83921919237073,28.253439078717175,221.47071971390255,162.71375353896588,27.116078080762925,0.6326530612244898,0.00546142578125
cfc71e1641a893c4a89a,test,12,,91.0,0.8994255223450833,1.505389863729487,184.9010989010989,2.096857644006756,238.69230769230768,184.0,48.07692307692308,0.9090909090909091,7.405598958333334e-05
cfc71e1641a893c4a89a,test,13,,1974.0,0.39401724515379366,1.6997950650238318,134.9224924012158,36.933722652411326,183.27152988855116,132.60688956433637,19.87791286727457,0.36633663366336633,0.0016064453125
cfc71e1641a893c4a89a,test,14,,485.0,0.7709636424377563,1.6576201563283985,164.64948453608247,8.291395660703824,210.9958762886598,164.8618556701031,41.725773195876286,1.7142857142857142,0.0003946940104166667
cfc71e1641a893c4a89a,test,15,,455.0,0.736944018779248,1.6315149562256297,164.36923076923077,8.473873127555686,210.73846153846154,164.6153846153846,41.22417582417582,1.6666666666666667,0.00037027994791666665
cfc71e1641a893c4a89a,test,16,,4792.0,0.27547204176631107,1.6724297856450123,193.4728714524207,7.4558588810809745,237.5494574290484,198.33368113522536,52.681552587646074,1.975609756097561,0.003899739583333333
cfc71e1641a893c4a89a,test,17,,5055.0,0.8320358577590722,1.7482756995536808,168.16636993076162,6.8033139491026935,214.1196834817013,168.96023738872404,43.380415430267064,0.9176470588235294,0.00411376953125
cfc71e1641a893c4a89a,test,18,,29663.0,0.46198065623244294,1.758317398728819,146.76866803762263,3.6936901511929507,189.54835990965177,147.26514513029701,31.88453629100226,0.4036144578313253,0.024139811197916666
cfc71e1641a893c4a89a,test,19,,8909.0,0.3754370836922994,1.7880331450663158,174.1577056908744,9.390383616651537,223.93186665170052,173.76349758671006,45.49556628128858,1.453781512605042,0.007250162760416666
d025ae64f33e07193a56,test,1,,27318.0,0.44023780116388883,1.8282782150587786,131.4440295775679,33.80478875295798,177.0569587817556,129.0797642579984,23.89109744490812,1.1047120418848169,0.0222314453125
d025ae64f33e07193a56,test,2,,7044.0,0.5901750220686828,1.7938612370937466,154.50922771152753,38.13711179262063,208.41169789892106,152.04415105053945,25.75894378194208,1.198019801980198,0.005732421875
d025ae64f33e07193a56,test,3,,18767.0,0.6183113189762607,1.771591621174735,151.46576437363458,40.76930442607853,204.4060318644429,149.59796451217562,22.170352213992647,1.0755813953488371,0.015272623697916666
d025ae64f33e07193a56,test,4,,11304.0,0.6352508690242975,1.7368525661416998,124.80007077140836,40.79536577063836,179.40773177636234,118.59554140127389,13.481245576786979,1.023076923076923,0.00919921875
d025ae64f33e07193a56,test,5,,12041.0,0.7626589185027058,1.879894359182827,97.72975666472884,48.10858788790187,148.09118843949838,89.1322149323146,9.941533095257869,0.8814814814814815,0.009798990885416666
d025ae64f33e07193a56,test,6,,15762.0,0.36625996654469667,1.8181705774982262,122.99524172059384,40.597301460477944,168.4159370638244,120.33206445882502,17.531912193884025,0.4765957446808511,0.0128271484375
d025ae64f33e07193a56,test,7,,18649.0,0.2896511615706675,1.8431159131982358,100.50769478256207,46.75345926715108,144.33342270363022,95.31133036623947,12.310311544854953,2.63302752293578,0.015176595052083333
d025ae64f33e07193a56,test,8,,42872.0,0.3105409661949663,1.7479516814407474,108.54835323754432,38.78523076967489,156.23796417242022,102.99727094607204,11.992582571375257,1.0223048327137547,0.03488932291666667
d025ae64f33e07193a56,test,9,,9689.0,0.473786223266331,1.697447692928133,145.19620187841883,35.56696764924332,203.43760966043968,140.00608937970895,19.120755495923213,0.9148936170212766,0.007884928385416667
d025ae64f33e07193a56,test,10,,5020.0,0.5885861324811654,1.726668261220518,145.3,24.835587658491786,200.17569721115538,141.73685258964144,19.62430278884462,1.2839506172839505,0.0040852864583333336
d025ae64f33e07193a56,test,11,,46282.0,0.25347809620103273,1.75579889236276,98.29987900263602,41.69235509679426,142.03152413465278,92.87599930858649,11.531783414718465,1.1756272401433692,0.037664388020833335
d025ae64f33e07193a56,test,12,,9057.0,0.7034003812058136,1.8548776686336435,130.62890581870377,47.006409031728325,185.68455338412278,124.6531964226565,16.97427404217732,1.09009009009009,0.00737060546875
d025ae64f33e07193a56,test,13,,5786.0,0.5159964013400615,1.724050431870066,104.02886277220878,38.665252610127226,148.93674386450053,99.25406152782578,10.846180435534048,1.5783132530120483,0.004708658854166666
d025ae64f33e07193a56,test,14,,1390.0,0.5989682281343618,1.9066434660048643,123.14388489208633,26.316627987806886,172.9820143884892,117.22661870503597,22.707913669064748,0.49206349206349204,0.0011311848958333334
d025ae64f33e07193a56,test,15,,130.0,0.5791039039985314,1.4669767941539982,142.76153846153846,3.5078019551013733,190.01538461538462,140.83076923076922,28.584615384615386,0.5909090909090909,0.00010579427083333334
d025ae64f33e07193a56,test,16,,50731.0,0.2632138513985245,1.7653046954088707,135.98702962685536,35.2008123260708,191.30643984940176,130.90433857010507,17.001714927756204,0.6761658031088082,0.04128499348958333
d025ae64f33e07193a56,test,17,,1944.0,0.46146214360313936,1.778333092649171,135.5622427983539,17.6177471523161,183.22273662551441,133.42541152263374,21.43158436213992,2.8484848484848486,0.00158203125
d025ae64f33e07193a56,test,18,,2680.0,0.791562196596612,1.761184021420727,109.16417910447761,26.307309588001704,155.10261194029852,104.86268656716418,10.768283582089552,1.46,0.0021809895833333334
d025ae64f33e07193a56,test,19,,908.0,0.8619728889863353,1.7702834920917507,181.92511013215858,8.400683544730626,237.1068281938326,181.91850220264317,36.951541850220266,1.28125,0.0007389322916666667
d025ae64f33e07193a56,test,20,,631.0,0.8802374346417615,1.802925714466719,163.9714738510301,11.355897015884308,211.3660855784469,164.50396196513472,36.746434231378764,0.9354838709677419,0.0005135091145833334
d025ae64f33e07193a56,test,21,,1237.0,0.7779561780939939,1.8289420665523135,186.2837510105093,18.89252681454782,235.29426030719483,190.9781729991916,33.48666127728375,1.5806451612903225,0.0010066731770833333
d064182f454df7879540,test,1,,8587.0,0.5250974881325441,1.7928220189827049,108.62303482007687,34.114892233434105,163.9420053569349,100.64422964947013,4.625363922207989,1.0826446280991735,0.006988118489583334
d064182f454df7879540,test,2,,2880.0,0.5512619370930639,1.7929987045489755,182.7565972222222,28.15920990209051,236.39166666666668,188.03680555555556,14.877777777777778,1.9791666666666667,0.00234375
d064182f454df7879540,test,3,,9836.0,0.7403663910794115,1.8603607211533901,151.61905246034974,39.46426460897735,213.60847905652705,148.18615290768605,6.735563237088248,1.0803571428571428,0.008004557291666667
d064182f454df7879540,test,4,,5310.0,0.5142772507841326,1.8788179047067932,129.9551789077213,43.502688040808486,192.0005649717514,121.94199623352166,8.48135593220339,0.4420289855072464,0.0043212890625
d064182f454df7879540,test,5,,2580.0,0.4225049489276356,1.6746836347370242,153.5515503875969,24.442513983720257,211.34457364341085,151.71279069767442,11.40968992248062,2.5789473684210527,0.002099609375
d064182f454df7879540,test,6,,6492.0,0.5196866542077873,1.7714263356942093,127.6996303142329,33.77519433214069,185.10967344423906,121.94162045594578,6.79513247073321,0.9727272727272728,0.005283203125
d064182f454df7879540,test,7,,106014.0,0.1357415216973206,1.764945228834474,113.5802724168506,44.522286035577324,171.67310921199086,104.87694078140623,6.121823532740959,1.5677966101694916,0.0862744140625
d0eea8611600bdcb3ed0,test,1,,35743.0,0.3834482065825039,1.825661163353968,107.95719441568978,32.524132940833816,155.1136726072238,103.09853677643174,9.278683938113756,0.6972477064220184,0.029087727864583333
d0eea8611600bdcb3ed0,test,2,,25268.0,0.4653308502477765,1.8214864121138097,129.22031818901377,27.250561489584317,178.54851986702548,126.13946493588729,15.580655374386575,1.4764705882352942,0.02056315104166667
d0eea8611600bdcb3ed0,test,3,,10606.0,0.731543716759038,1.8471761539810547,131.13567791815953,34.44412397982124,189.2812558928908,124.81746181406751,11.095417688101074,0.7375886524822695,0.008631184895833333
d0eea8611600bdcb3ed0,test,4,,2681.0,0.7658499294721652,1.76873946143726,119.0130548302872,50.49189055646495,164.07422603506154,116.56284968295412,13.372995151063035,0.7611940298507462,0.002181803385416667
d0eea8611600bdcb3ed0,test,5,,50114.0,0.2918905956036345,1.764736914547468,124.60452169054555,32.91867741346927,179.16624097058707,119.18839046972901,9.326455681047213,1.1845018450184501,0.04078287760416666
d0eea8611600bdcb3ed0,test,6,,60113.0,0.2369422012475144,1.760527440053373,126.44780663084524,36.22548509021696,184.06610882837322,119.75116863240896,9.759885548882938,0.76010101010101,0.048920084635416666
d0eea8611600bdcb3ed0,test,7,,1883.0,0.7001276565167492,1.777302764078421,128.92405735528413,20.81471430246542,180.07010090281466,125.26925119490176,13.456186935740838,0.9807692307692307,0.0015323893229166666
d0eea8611600bdcb3ed0,test,8,,6149.0,0.4137583566257029,1.7238951217292828,135.74890226053017,26.367118997655076,191.2236135957066,131.66092047487396,11.185558627419093,1.6588235294117648,0.0050040690104166665
d0eea8611600bdcb3ed0,test,9,,8752.0,0.6486633650938316,1.8032038584812904,84.20703839122486,61.82507135231482,119.12020109689215,81.13265539305301,8.58180987202925,0.7744360902255639,0.007122395833333333
d0eea8611600bdcb3ed0,test,10,,6034.0,0.3362180271597043,1.8752252697164842,122.13788531653961,29.528448666426424,172.6677162744448,118.06479946967185,10.559661915810407,3.7169811320754715,0.004910481770833333
d0eea8611600bdcb3ed0,test,11,,1925.0,0.4963205360592261,1.7885637931222076,131.5761038961039,35.008704674726154,176.8431168831169,130.32467532467533,19.157922077922077,1.0701754385964912,0.0015665690104166667
d0eea8611600bdcb3ed0,test,12,,1134.0,0.592281565445155,1.8323556195543969,139.0,24.292892392864367,188.31393298059965,138.1058201058201,14.180776014109348,1.9655172413793103,0.0009228515625
d0eea8611600bdcb3ed0,test,13,,5729.0,0.7481389689031024,1.78039589735412,87.79298306859836,64.23806753503138,124.3653342642695,84.5493105253971,8.602024786175598,1.0919540229885059,0.004662272135416667
d0eea8611600bdcb3ed0,test,14,,22997.0,0.47045823055970637,1.797534383896552,147.3747010479628,42.58785465628025,204.55398530243076,143.95416793494803,14.973605252859068,0.900497512437811,0.018715006510416667
d0eea8611600bdcb3ed0,test,15,,1144.0,0.41797936668704305,1.8358475068045488,149.0174825174825,10.207790900135208,198.13548951048952,149.10314685314685,19.497377622377623,2.4482758620689653,0.0009309895833333334
d0eea8611600bdcb3ed0,test,16,,3218.0,0.8489620383268477,1.6833772158452691,118.49036668738347,39.621085194280575,172.1438781852082,111.95090118085767,11.41516469857054,1.0735294117647058,0.0026188151041666666
d23ed1917bc7a651d232,test,1,,17050.0,0.663190752660911,1.7511233845205163,90.64545454545454,36.33097268327723,129.6241642228739,86.45454545454545,10.045806451612902,1.1172413793103448,0.013875325520833334
d23ed1917bc7a651d232,test,2,,15819.0,0.7063671956064762,1.8946547860366494,82.5397307035843,43.903297998523435,121.22795372653138,77.31278841898983,8.103103862443897,1.547008547008547,0.01287353515625
d23ed1917bc7a651d232,test,3,,7866.0,0.7668076105394908,1.7816251948497475,129.50406814136792,34.22842155777231,179.54131706076785,125.91889143147725,16.689041444190185,1.9154929577464788,0.0064013671875
d23ed1917bc7a651d232,test,4,,2708.0,0.5488800603943259,1.7523164218576335,151.86041358936484,25.007880857817817,191.8626292466765,154.30059084194977,34.28508124076809,0.6333333333333333,0.002203776041666667
d23ed1917bc7a651d232,test,5,,12752.0,0.6220666678590719,1.8472924742901082,107.46000627352572,38.97149289827324,148.9003293601004,104.47741530740277,14.18271643663739,0.6896551724137931,0.010377604166666667
d23ed1917bc7a651d232,test,6,,9611.0,0.5703414388500503,1.7916540184881684,155.73051711580482,29.955681271263842,205.4237852460722,155.0798043908022,28.62033087087712,0.9323308270676691,0.007821451822916667
d23ed1917bc7a651d232,test,7,,20753.0,0.5305776697695552,1.7778662634079914,116.91943333493953,52.267680613220136,161.74847010070832,113.67450489085915,16.041921649881946,1.4322580645161291,0.016888834635416666
d23ed1917bc7a651d232,test,8,,73332.0,0.23149540210132005,1.7532004070632177,105.13948889979818,36.67948411221126,142.3529018709431,103.29625538646157,17.003968253968253,1.4839506172839507,0.059677734375
d23ed1917bc7a651d232,test,9,,5685.0,0.5227195384826295,1.701133495163616,116.16024626209322,33.97424399706967,155.75127528583994,115.04925241864557,17.96165347405453,1.3814432989690721,0.00462646484375
d2a301a486c84d41744f,test,1,,26447.0,0.7088641639120832,1.850631160528266,105.17589896774682,31.230074733989593,141.06749347752108,103.15283396982645,21.374900744886,1.0502793296089385,0.021522623697916667
d2a301a486c84d41744f,test,2,,272.0,0.6844162329525609,1.5138399806475553,163.05882352941177,6.313226901516735,209.18014705882354,164.65808823529412,33.80882352941177,0.7407407407407407,0.00022135416666666666
d2a301a486c84d41744f,test,3,,272.0,0.6844162329525609,1.5138399806475553,163.05882352941177,6.313226901516735,209.18014705882354,164.65808823529412,33.80882352941177,0.7407407407407407,0.00022135416666666666
d2a301a486c84d41744f,test,4,,973.0,0.7644712441223116,1.688760468755505,130.83761562178827,9.003501846318029,172.14902363823228,129.51901336074,29.16649537512847,0.717391304347826,0.0007918294270833333
d2a301a486c84d41744f,test,5,,946.0,0.8305217851929405,1.6792902368657108,130.76109936575054,9.098126590648816,172.1723044397463,129.4524312896406,28.76955602536998,0.7857142857142857,0.0007698567708333333
d2a301a486c84d41744f,test,6,,400.0,0.6199878194962554,1.8272217208946722,201.2075,12.013094678308333,241.395,206.9025,66.47,2.466666666666667,0.0003255208333333333
d2a301a486c84d41744f,test,7,,154.0,0.7957841062126618,1.6560400373983617,196.73376623376623,10.137395223595622,241.57142857142858,203.64285714285714,43.66233766233766,1.4166666666666667,0.00012532552083333333
d2a301a486c84d41744f,test,8,,2315.0,0.5405669076732078,1.7817075165877307,132.19827213822893,24.690201387001533,172.02159827213822,132.01079913606912,28.58790496760259,2.3333333333333335,0.0018839518229166667
d2a301a486c84d41744f,test,9,,14828.0,0.3821747085703622,1.7546299146208417,137.5671027785271,40.004322865222974,183.23603992446724,135.56946317777178,28.00741839762611,1.9615384615384615,0.012067057291666667
d2a301a486c84d41744f,test,10,,6981.0,0.7536394922271583,1.8135172140595746,128.81578570405387,33.76313742178866,167.0,128.80461251969632,28.603065463400657,1.1157894736842104,0.00568115234375
d2a301a486c84d41744f,test,11,,4082.0,0.695693752340113,1.8877335973496345,120.32778049975502,25.399991848653087,160.0169034786869,119.55977462028417,20.047770700636942,1.5932203389830508,0.003321940104166667
d2a301a486c84d41744f,test,12,,35690.0,0.2497101391731376,1.726715956176904,137.28332866349118,47.46239076216662,185.116559260297,134.17971420565985,27.75542168674699,0.8969072164948454,0.029044596354166667
d2a301a486c84d41744f,test,13,,66088.0,0.44182645581443797,1.7929175755979931,116.69204696767946,52.48354238212554,156.4576019852318,114.45834342089336,23.88938990436993,1.0671140939597314,0.05378255208333333
d2a301a486c84d41744f,test,14,,13618.0,0.5324855843519758,1.7563261887223034,133.60405345865766,38.81359122620517,175.93912468791305,131.6708767807314,32.417682479071814,1.3153846153846154,0.011082356770833333
d2a301a486c84d41744f,test,15,,79919.0,0.42032051817871824,1.8142489086355293,104.45557376844054,46.57286328617682,145.25030343222514,100.44617675396339,18.07418761496015,0.9564032697547684,0.06503824869791666
d2a301a486c84d41744f,test,16,,15864.0,0.4521110986706446,1.7494176117585314,135.99659606656581,41.051900824232575,182.94723903177004,133.5088880484115,25.62039838628341,0.7627118644067796,0.01291015625
d2a301a486c84d41744f,test,17,,22182.0,0.39606210346448134,1.7884644813182466,122.64579388693535,45.962630798549775,170.28581732936615,118.2089532053016,20.485258317554774,1.4675324675324675,0.0180517578125
d2a301a486c84d41744f,test,18,,2550.0,0.6141259237840209,1.7533471576073485,80.50313725490196,63.86348023561423,109.67254901960784,78.3086274509804,15.328627450980392,0.4367816091954023,0.0020751953125
d3004d606d2b2e82d3f9,test,1,,1079.0,0.6350134317762537,1.7687011199216236,164.51158480074142,20.922948923363244,213.4569045412419,163.02409638554218,43.61631139944393,0.5636363636363636,0.0008780924479166667
d3004d606d2b2e82d3f9,test,2,,1038.0,0.6361297373074744,1.7524608283886003,164.04527938342966,21.098056962215843,212.8150289017341,162.51252408477842,43.83236994219653,0.5636363636363636,0.0008447265625
d3004d606d2b2e82d3f9,test,3,,2315.0,0.6588792936279683,1.7277605946926793,144.32354211663068,13.299290598899303,181.39006479481642,146.155939524838,37.5585313174946,1.1403508771929824,0.0018839518229166667
d3004d606d2b2e82d3f9,test,4,,50672.0,0.632292537422972,1.8705998947017493,116.94618329649511,53.7620042333241,159.3137235554152,114.32080833596464,19.367717871802967,1.1680672268907564,0.04123697916666667
d3004d606d2b2e82d3f9,test,5,,151194.0,0.317334367274149,1.8368769492212371,113.68144899929891,50.04511547329847,162.15077317882984,108.61007711946242,12.727436273926214,0.7813559322033898,0.1230419921875
d3004d606d2b2e82d3f9,test,6,,17167.0,0.5962813792995076,1.764775126825957,127.41713753131008,40.60451046449229,167.9670297664123,125.67192870041359,29.995456398904874,0.8628571428571429,0.013970540364583334
d3004d606d2b2e82d3f9,test,7,,29698.0,0.3895502547710465,1.8095552810519657,136.29591218263857,50.444903070568074,183.6091992726783,133.98272610950232,24.09539362920062,1.8857142857142857,0.024168294270833335
d3004d606d2b2e82d3f9,test,8,,5023.0,0.8229243225809802,1.7438177302944755,126.84491339836751,34.72489127938898,165.6740991439379,126.10392195898865,28.685446944057336,1.08,0.004087727864583333
d3c347c7d551e1119d18,test,1,,3792.0,0.7289210080291214,1.7217120392300294,182.24208860759492,21.457566325185706,239.23549578059072,184.5092299578059,20.95464135021097,1.208955223880597,0.0030859375
d3c347c7d551e1119d18,test,2,,4126.0,0.809147217448002,1.7520397530287886,144.68468250121182,28.294409762933498,205.92171594764906,139.08919049927292,12.818710615608337,1.1408450704225352,0.0033577473958333335
d3c347c7d551e1119d18,test,3,,1575.0,0.6791552360393484,1.731158423124067,145.67936507936508,14.727861068748844,195.33523809523808,144.21968253968254,22.866031746031744,1.2666666666666666,0.00128173828125
d3c347c7d551e1119d18,test,4,,30890.0,0.4241225478280808,1.7832593184782088,133.27714470702492,36.24796903885779,186.1671090967951,129.69815474263515,12.961411460019423,2.0135135135135136,0.025138346354166667
d3c347c7d551e1119d18,test,5,,25142.0,0.5715873954237249,1.8371537780670228,112.93823084877893,43.41351446390713,173.46945350409672,102.34098321533689,8.833982976692388,1.0497237569060773,0.020460611979166668
d3c347c7d551e1119d18,test,6,,18470.0,0.5975765091214758,1.8688979525180944,148.19139144558744,37.445663526037876,207.77249593936114,144.1367081754196,12.834975636166757,2.080357142857143,0.015030924479166667
d3c347c7d551e1119d18,test,7,,26026.0,0.539520131203229,1.8212684643268118,129.73995235533698,36.12365627813691,191.32886344424807,122.05874894336432,7.780604011373242,1.4764705882352942,0.021180013020833333
d3c347c7d551e1119d18,test,8,,13938.0,0.4788069500429081,1.7444207968017231,128.49332759362892,23.00152826946744,183.89137609413115,123.32242789496341,9.760152102166739,0.6570048309178744,0.0113427734375
d3c347c7d551e1119d18,test,9,,18465.0,0.6014956502186679,1.8155375989327636,117.16290278906038,36.49540288971868,171.40828594638506,110.10414297319252,11.219333874898457,1.2397260273972603,0.01502685546875
d3c347c7d551e1119d18,test,10,,22045.0,0.34384214193335666,1.7449877054719194,164.5353594919483,26.294595390646624,226.0701292810161,162.320027217056,14.522885007938308,0.6856060606060606,0.017940266927083334
d3c347c7d551e1119d18,test,11,,3427.0,0.4656603828281832,1.6993313156923728,125.411438576014,21.369167972409166,175.94047271666182,121.71812080536913,11.787569302597024,1.3478260869565217,0.0027888997395833334
d3c347c7d551e1119d18,test,12,,22318.0,0.4250438922369321,1.8104456410181216,103.0732592526212,46.627862868814454,158.2562057532037,93.54915314992382,7.414642889147773,1.2411764705882353,0.018162434895833333
d3c347c7d551e1119d18,test,13,,32129.0,0.2671719483982869,1.803498315338498,130.37775841140402,41.63365695513917,191.6232375735317,122.71707802919481,9.221731146316412,0.8857142857142857,0.026146647135416666
d4c0509d9969921fe7bf,test,1,,32689.0,0.22639783454653215,1.689358850041335,117.7269111933678,44.37282330730818,185.48600446633424,105.71400165193184,1.8519073694514974,0.8640483383685801,0.026602376302083335
d4c0509d9969921fe7bf,test,2,,19254.0,0.6025173508866701,1.7651624105590145,144.7341851043939,39.770595911120054,215.95315259166927,136.00020774903916,2.9075516775734913,1.0718232044198894,0.0156689453125
d4c0509d9969921fe7bf,test,3,,3371.0,0.5101918915760162,1.6920322572344393,150.4366656778404,24.869575112529112,219.99644022545237,143.596262236725,3.1880747552654998,0.7916666666666666,0.0027433268229166666
d4c0509d9969921fe7bf,test,4,,17262.0,0.5754304284064635,1.7749982518961676,128.21104159425326,43.14544718461639,201.0748464836056,115.47480013903372,2.6534005329625767,0.7788018433179723,0.0140478515625
d4c0509d9969921fe7bf,test,5,,5924.0,0.7985681638089625,1.762988154036168,139.45054017555705,38.050302778976885,214.0371370695476,127.907157326131,3.1520931802835923,1.1379310344827587,0.0048209635416666665
d4c0509d9969921fe7bf,test,6,,4222.0,0.8115781898467697,1.8883769001149595,115.28635717669351,45.65812445032648,181.00757934628137,103.91094268119375,1.4810516342965419,0.7411764705882353,0.0034358723958333335
d4c0509d9969921fe7bf,test,7,,6673.0,0.6570776440569449,1.7546841240012343,78.22089015435337,39.111084976860575,141.08556870972575,61.23602577551326,0.777761126929417,1.7671232876712328,0.005430501302083333
d4c0509d9969921fe7bf,test,8,,2291.0,0.7409250626693796,1.7263942000701493,146.53644696639023,33.21122502675148,221.82671322566566,136.12963771278916,2.4901789611523353,1.1935483870967742,0.0018644205729166667
d4c0509d9969921fe7bf,test,9,,6799.0,0.7439953333797862,1.784641687589647,106.97970289748493,41.65928802461027,174.8942491542874,92.8205618473305,1.7864391822326813,0.9433962264150944,0.0055330403645833335
d4c0509d9969921fe7bf,test,10,,47412.0,0.23244858970809915,1.7139211855473497,131.214587024382,40.42976198406153,206.7387581203071,118.0171686492871,1.0715430692651648,1.4330985915492958,0.038583984375
d4c0509d9969921fe7bf,test,11,,8832.0,0.7123533376024644,1.7612299541665797,101.65998641304348,62.85375784598829,161.00566123188406,91.00169836956522,0.980072463768116,0.7894736842105263,0.0071875
d4c0509d9969921fe7bf,test,12,,5002.0,0.5328361406297895,1.787065886256039,142.55857656937226,40.951760020218096,217.8392642942823,131.56237504998,1.726109556177529,0.7155172413793104,0.004070638020833333
d4c0509d9969921fe7bf,test,13,,3123.0,0.5235677348615042,1.7324828801989367,159.24047390329812,22.668548292377192,234.75984630163305,151.5683637528018,0.5866154338776817,2.4761904761904763,0.00254150390625
d4c0509d9969921fe7bf,test,14,,12278.0,0.25948554255053247,1.7116741430928974,126.76950643427269,43.028367833831155,201.82643753054242,113.13235054569148,0.14065808763642287,4.3088235294117645,0.009991861979166667
d4c0509d9969921fe7bf,test,15,,7270.0,0.7360037786622114,1.8015535843278316,147.30275103163686,41.213649140945776,221.6971114167813,137.73177441540577,1.4052269601100413,1.055045871559633,0.0059163411458333336
d4c0509d9969921fe7bf,test,16,,8739.0,0.6033364222512562,1.7811957109999927,128.74985696303924,48.40804645735335,199.1937292596407,117.35587595834764,2.6896670099553726,0.5947712418300654,0.00711181640625
d4c0509d9969921fe7bf,test,17,,9455.0,0.7974794964367543,1.8616871352385354,146.8779481755685,36.78971235531967,221.1121099947118,137.36657852987838,1.0945531464833422,0.9504132231404959,0.0076944986979166664
d4c0509d9969921fe7bf,test,18,,21259.0,0.8224473490006841,1.798675839354549,84.93800272825627,41.55093371458151,151.14586763253212,67.4752810574345,1.1911190554588644,0.9585798816568047,0.017300618489583332
d4c0509d9969921fe7bf,test,19,,9099.0,0.667799190019688,1.813102983991756,168.2924497197494,35.35515066999875,237.529728541598,165.174524673041,2.7405209363666336,0.6387096774193548,0.00740478515625
d4c0509d9969921fe7bf,test,20,,9803.0,0.4698992140341932,1.6480638492956758,131.53065388146487,53.503695849931916,200.10772212587983,121.96694889319596,0.9541976945832908,0.7906976744186046,0.007977701822916667
d4c0509d9969921fe7bf,test,21,,10231.0,0.6247299716994003,1.7998308024625875,161.5538070569837,31.05021319319236,235.0252174762975,155.19646173394585,1.5148079366630829,0.5783132530120482,0.008326009114583333
d5500391c879f7600224,test,1,,19321.0,0.516326134757862,1.7692854315221316,141.65793695978468,42.07087849224472,198.0673360592102,136.88080327105223,18.226851612235393,1.2429378531073447,0.015723470052083334
d5500391c879f7600224,test,2,,19140.0,0.3549916396545155,1.7777139905127544,106.31421107628005,36.38078277049725,152.19707419017763,101.43343782654128,11.075078369905956,0.9215686274509803,0.015576171875
d5500391c879f7600224,test,3,,31736.0,0.4786951129684944,1.8071601542619775,142.60102092261155,36.339870008327615,200.26821275523065,137.9955255860852,15.007782959415175,0.7414448669201521,0.025826822916666665
d5500391c879f7600224,test,4,,1554.0,0.8309915494236455,1.7386371562778937,150.01673101673103,23.926818458917612,207.4839124839125,146.38288288288288,17.963963963963963,1.5135135135135136,0.0012646484375
d5500391c879f7600224,test,5,,9042.0,0.32195450764436956,1.6140484940394653,140.3681707586817,26.362435990602,194.19055518690556,136.86872373368723,17.100973236009732,1.1608391608391608,0.0073583984375
d5500391c879f7600224,test,6,,132954.0,0.3927496162651168,1.821635542526316,144.35545376596417,42.575699444044574,197.13876980008123,141.52923567549678,20.424635588248567,1.3753026634382566,0.1081982421875
d5500391c879f7600224,test,7,,7144.0,0.6162954017579797,1.818721357699164,165.5051791713326,30.38964442526048,221.74972004479284,164.2255039193729,24.53275475923852,1.3296703296703296,0.005813802083333333
d5500391c879f7600224,test,8,,16631.0,0.3297439589098037,1.839356099011272,139.90902531417234,35.05973612887743,194.64331669773316,135.74288978413804,17.741326438578557,0.28125,0.013534342447916667
d5500391c879f7600224,test,9,,4806.0,0.6176694366784938,1.7425796251103858,131.62609238451935,41.232562836172406,187.24261339991676,125.82542655014565,15.521431543903454,1.0555555555555556,0.0039111328125
d5500391c879f7600224,test,10,,14187.0,0.47437035389290155,1.7671052945030448,151.37393388313245,46.16832107081259,206.37724677521675,148.4110100796504,22.31148234299006,0.8285714285714286,0.01154541015625
d5500391c879f7600224,test,11,,66250.0,0.37737844916266916,1.7846120175405116,120.65550188679245,37.20910550350211,169.65575849056603,116.21598490566038,14.949735849056603,1.5189003436426116,0.053914388020833336
d5500391c879f7600224,test,12,,4378.0,0.7814234006115122,1.7734372503895126,148.48058474189128,26.839619984962525,203.30379168570124,144.81361352215623,23.462311557788944,1.0,0.0035628255208333334
d5500391c879f7600224,test,13,,6753.0,0.6949680889095682,1.803072870662178,113.47090182141271,29.318844270890114,172.32726195764846,104.41033614689768,5.791944321042499,1.3703703703703705,0.00549560546875
d60c2d0aa4b5d8e58821,test,1,,23067.0,0.6259132643212365,1.809059647097477,116.24884033467724,38.99976470726963,165.5401656045433,111.1951272380457,12.90076732995188,0.9282051282051282,0.01877197265625
d60c2d0aa4b5d8e58821,test,2,,10044.0,0.5683772922385859,1.7924162112923296,147.41437674233373,48.39473025822202,208.49661489446436,142.87345679012347,10.652031063321386,2.661764705882353,0.008173828125
d60c2d0aa4b5d8e58821,test,3,,11323.0,0.4543682889424609,1.7163443617032494,117.76119402985074,20.431091589694205,168.53395743177603,112.89013512320057,9.597103241190498,1.0571428571428572,0.009214680989583333
d60c2d0aa4b5d8e58821,test,4,,5126.0,0.7329650013945761,1.7501205721297797,131.5840811548966,16.888015990207183,181.14923917284432,128.67401482637536,16.482052282481465,0.9340659340659341,0.0041715494791666665
d60c2d0aa4b5d8e58821,test,5,,51947.0,0.26318980945913867,1.7904653921557712,91.31102854832811,38.601694493767305,142.62538741409514,81.98294415461913,4.8341386413074865,1.7538461538461538,0.04227457682291667
d60c2d0aa4b5d8e58821,test,6,,41447.0,0.29064643594974005,1.7465351600832801,109.91239414191618,40.064375328485745,165.6766231572852,101.66509035635872,6.159191256303231,1.0193548387096774,0.03372965494791667
d60c2d0aa4b5d8e58821,test,7,,37101.0,0.3010975769999825,1.8032438932913364,142.98727797094418,33.32317761057109,204.8781703997197,136.869194900407,12.13681571925285,0.618798955613577,0.03019287109375
d60c2d0aa4b5d8e58821,test,8,,66065.0,0.3454609250068572,1.8505421355894922,111.19610989177325,34.84151426572183,162.2678574131537,105.28602134261712,7.693286914402482,0.43089430894308944,0.05376383463541667
d640ecfb90bb1e12c031,test,1,,155387.0,0.42379182998565285,1.8737494349091512,89.53698185819921,43.91609045502947,141.10696519013817,79.67740544575801,5.129998004981112,1.0766045548654244,0.12645426432291668
d640ecfb90bb1e12c031,test,2,,33603.0,0.3195991171654413,1.826197802330506,109.44388893848763,40.44904884982101,167.3303871678124,100.190250870458,5.415885486414903,0.45272206303724927,0.02734619140625
d640ecfb90bb1e12c031,test,3,,20792.0,0.4338305271225852,1.7359970849225148,132.28943824547903,35.06821264784783,187.57719315121201,127.54179492112351,11.65438630242401,2.0069444444444446,0.016920572916666668
d640ecfb90bb1e12c031,test,4,,17386.0,0.4657972719784054,1.7895774185139146,125.01898078914068,42.85111406162393,180.71488554008974,118.47567007937421,12.638904865984125,1.8796992481203008,0.014148763020833333
d640ecfb90bb1e12c031,test,5,,70088.0,0.3266720140409206,1.764097734601606,145.89968325533616,41.70685846531039,204.64330555872618,141.96069227257163,12.18712190389225,1.0325814536340852,0.057037760416666666
d640ecfb90bb1e12c031,test,6,,85265.0,0.2467629249439152,1.7968049073952113,112.30438046091597,47.03638363284882,170.13102679880373,103.21684161144667,7.521656013604645,1.1256281407035176,0.06938883463541666
d640ecfb90bb1e12c031,test,7,,104917.0,0.17640904905738378,1.8288168000909373,124.85452309921176,43.24205892038954,183.47951237644995,117.64201225730815,8.299694043863244,0.717741935483871,0.08538167317708334
d787c15db7a57f907561,test,1,,3240.0,0.5848864464182808,1.8078540428905363,164.38796296296297,29.515916037863093,226.0175925925926,162.6753086419753,11.586728395061728,1.75,0.00263671875
d787c15db7a57f907561,test,2,,20746.0,0.5573954724006092,1.7836729426609803,122.49209486166008,51.760718180593045,174.31610912947073,117.17907066422443,13.979369517015328,1.2057142857142857,0.016883138020833334
d787c15db7a57f907561,test,3,,14034.0,0.6025120917275283,1.7720534446672649,115.55522302978481,46.37273910581052,164.93758016246258,110.63068262790367,11.399244691463588,1.0066225165562914,0.0114208984375
d787c15db7a57f907561,test,4,,67.0,0.18393359774773,nan,123.41791044776119,20.198381236846565,182.3134328358209,116.14925373134328,6.432835820895522,11.333333333333334,5.452473958333333e-05
d787c15db7a57f907561,test,5,,33204.0,0.29748151782986515,1.7991297081100428,120.76897361763643,36.171579597807956,171.58255029514515,116.13688109866281,11.279213347789423,2.191256830601093,0.027021484375
d787c15db7a57f907561,test,6,,8531.0,0.6340865772340142,1.8385723268729857,146.4720431367952,43.74943050323532,204.0291876685031,142.90622435822294,13.85324112061892,0.888,0.006942545572916667
d787c15db7a57f907561,test,7,,15365.0,0.6309577770171764,1.7751363266145974,131.6259681093394,35.88073805547241,190.9250244061178,125.09176700292873,9.713504718516107,1.1589403973509933,0.012504069010416667
d787c15db7a57f907561,test,8,,85006.0,0.2569518268815951,1.7916692424560907,136.7205609015834,43.067516261291914,194.81118979836717,131.55319624497093,11.006964214290756,1.1893203883495145,0.06917805989583334
d787c15db7a57f907561,test,9,,18263.0,0.3086328202755337,1.7504391421964305,129.04840387669057,37.770906302577465,186.2686305645294,122.74949351147129,11.385643103542682,0.803921568627451,0.014862467447916666
d787c15db7a57f907561,test,10,,9654.0,0.4373506667915329,1.8178843438477241,140.72767764657138,38.991105454862044,198.73523927905532,135.78640977833024,13.987777087217733,0.8287671232876712,0.0078564453125
d787c15db7a57f907561,test,11,,5291.0,0.40043731680697997,1.8672678260319382,119.3931203931204,38.0148194739572,169.92080892080892,114.7966357966358,10.457947457947459,2.6610169491525424,0.004305826822916667
d787c15db7a57f907561,test,12,,6738.0,0.3321541554548871,1.8508982971500914,134.08414959928763,22.983388916765907,186.29801127931137,131.17482932620956,11.963193826061145,4.285714285714286,0.0054833984375
d787c15db7a57f907561,test,13,,2900.0,0.4870449245115643,1.716664848307783,155.89206896551724,20.07165798682489,216.37,152.45172413793102,14.975172413793103,2.5121951219512195,0.0023600260416666665
d787c15db7a57f907561,test,14,,28133.0,0.4797120751381273,1.7786104232417286,123.97892155120321,39.46496961660619,181.6628870010308,116.78626524010949,9.698361354992358,1.441025641025641,0.022894694010416668
d787c15db7a57f907561,test,15,,10307.0,0.5925681402661586,1.7979587550384613,160.8638789172407,28.727975854445358,221.81323372465314,158.90094110798486,11.146890462792276,2.207317073170732,0.008387858072916667
d787c15db7a57f907561,test,16,,4509.0,0.5335420921747265,1.8337928543349924,130.49922377467288,40.601026962298135,176.785540031049,128.07385229540918,21.45242847638057,1.721311475409836,0.00366943359375
d787c15db7a57f907561,test,17,,5084.0,0.4242327412120394,1.8040173534986574,145.7486231313926,23.253903931703462,196.44236821400472,144.1644374508261,20.787175452399687,2.5737704918032787,0.004137369791666666
d787c15db7a57f907561,test,18,,8287.0,0.36567853298593034,1.7841756487188736,158.93881983830096,21.829069236808667,216.78991191022084,156.66622420658862,18.834680825389164,0.6842105263157895,0.006743977864583334
d787c15db7a57f907561,test,19,,868.0,0.6819743472745801,1.7555702543918508,174.78917050691246,11.856982727663354,233.39285714285714,175.20276497695852,18.76036866359447,1.46875,0.0007063802083333334
d787c15db7a57f907561,test,20,,1178.0,0.8574019415099324,1.73625017623701,179.75806451612902,15.876380690385904,237.19100169779287,181.74448217317487,18.848896434634973,0.8604651162790697,0.0009586588541666667
d787c15db7a57f907561,test,21,,622.0,0.8044954415238438,1.7437059509580057,179.84726688102893,9.628675884173912,238.0257234726688,181.34405144694534,19.210610932475884,0.9090909090909091,0.0005061848958333333
d787c15db7a57f907561,test,22,,922.0,0.34281343563910927,1.592602619765039,176.32212581344902,8.657581572894898,235.56832971800435,177.15726681127984,16.49349240780911,4.1,0.0007503255208333333
d8b8a6150706f2e59b21,test,1,,211534.0,0.12210773866714805,1.8396250728417085,119.84057881948056,49.63407329026851,168.0195145933987,115.19328334924882,17.385744135694498,0.6270337922403004,0.17214680989583334
d8b8a6150706f2e59b21,test,2,,6982.0,0.6664537303158116,1.7631839644113039,133.60312231452306,42.059235233120326,180.38900028645088,130.38556287596677,27.423660842165567,0.6384615384615384,0.005681966145833333
d8b8a6150706f2e59b21,test,3,,17378.0,0.5967476151074611,1.8780047306871686,129.63839337092875,52.23718760959741,179.60847047991714,125.45062722983081,20.14109793992404,1.8135593220338984,0.014142252604166667
d8b8a6150706f2e59b21,test,4,,34154.0,0.44499736860248157,1.8332543201795561,106.10970896527493,46.98787248285003,147.0433916964338,102.69309597704515,16.30828014288224,1.7704918032786885,0.027794596354166666
d8b8a6150706f2e59b21,test,5,,108.0,0.2270495317719091,1.5272238920111876,148.86111111111111,18.428770951027417,190.50925925925927,149.46296296296296,36.129629629629626,7.6,8.7890625e-05
d8b8a6150706f2e59b21,test,6,,103.0,0.2787504715390633,1.493030404521063,157.27184466019418,5.832939898487271,192.67961165048544,161.75728155339806,41.13592233009709,5.5,8.382161458333333e-05
d8b8a6150706f2e59b21,test,7,,2168.0,0.45510444993931193,1.8263856112536272,115.67619926199262,37.864323065388966,150.1420664206642,115.17343173431735,27.83210332103321,2.4358974358974357,0.0017643229166666666
d8b8a6150706f2e59b21,test,8,,14880.0,0.6770035119685687,1.8765420895930693,127.66350806451612,50.9306138955688,178.15611559139785,123.36418010752688,17.409610215053764,1.3937007874015748,0.012109375
d8b8a6150706f2e59b21,test,9,,34494.0,0.555323066610346,1.8160183383000357,68.47979358729054,36.09420290080261,103.1815678088943,62.90679538470459,6.260625036238187,1.8975903614457832,0.0280712890625
d8b8a6150706f2e59b21,test,10,,25827.0,0.18286570963080617,1.652901010922798,148.90970689588414,41.9458400299434,194.77403492469122,149.03473109536532,27.904441088783056,0.6136865342163356,0.02101806640625
d903101bb44aee50ffcb,test,1,,6109.0,0.5280249388909127,1.8397943346638568,130.3336061548535,62.464206297425996,176.2525781633655,128.5868390898674,18.95989523653626,0.36619718309859156,0.004971516927083333
d903101bb44aee50ffcb,test,2,,189034.0,0.09641215995928508,1.8186486331039606,130.2022863611837,54.05850734121574,178.1558978808045,127.09729995662155,20.41232265095168,0.5307612095933264,0.15383626302083334
d903101bb44aee50ffcb,test,3,,17535.0,0.6010428821210347,1.761174758074912,117.53624180211007,61.87810193592054,160.73373253493014,113.99526660963787,22.479327060165385,1.1633986928104576,0.01427001953125
d903101bb44aee50ffcb,test,4,,7171.0,0.7423529770660418,1.8140254168921766,120.14698089527262,67.11977264422632,160.00766978106262,118.26286431460048,25.337749267884536,0.6982758620689655,0.005835774739583333
d903101bb44aee50ffcb,test,5,,6613.0,0.5871539483479938,1.7954987192232121,174.08513533948283,43.372425073280326,218.65764403447756,177.48087101164373,39.57356721608952,0.8198198198198198,0.005381673177083333
d903101bb44aee50ffcb,test,6,,12837.0,0.5040718114990727,1.8420495407766206,137.8340733816312,61.26307481359405,187.63714263457194,135.19817714419256,20.81677962140687,1.5655737704918034,0.01044677734375
d903101bb44aee50ffcb,test,7,,15282.0,0.41527134665648013,1.8049589435453597,147.19369192514068,54.98498960671796,195.7964271692187,147.0687737207172,20.401976181128123,2.489795918367347,0.0124365234375
d903101bb44aee50ffcb,test,8,,4958.0,0.40469725902240133,1.8493810410064173,143.50242033077853,39.20355611693666,187.78721258572006,143.23779749899154,28.663170633319886,2.6271186440677967,0.004034830729166667
d903101bb44aee50ffcb,test,9,,19928.0,0.6058312115600722,1.76652637721062,123.17051384985949,49.348597267654284,168.86115014050583,119.84283420313128,20.42437775993577,0.7156862745098039,0.016217447916666666
d903101bb44aee50ffcb,test,10,,2323.0,0.5173552325629308,1.741130622449014,162.92036160137752,23.86365585957403,209.781317262161,161.83168316831683,45.50064571674559,0.4020618556701031,0.0018904622395833333
d903101bb44aee50ffcb,test,11,,28964.0,0.36415121121861094,1.8787171247065229,83.41144178980804,42.72601496664465,126.17494130644938,76.16202872531419,8.685229940615937,2.952755905511811,0.023570963541666667
d903101bb44aee50ffcb,test,12,,330990.0,0.223875983885922,1.8294700853103,117.61394906190519,57.22581003824509,161.69094534578085,113.92395842774707,21.02717302637542,0.75,0.2693603515625
d903101bb44aee50ffcb,test,13,,4410.0,0.5889423407097863,1.7071270905502924,30.895238095238096,27.206306791839655,59.10748299319728,22.346031746031745,1.1861678004535148,1.4225352112676057,0.0035888671875
d91c629ab506577f0e4f,test,1,,17388.0,0.32885841625839407,1.7356976325555074,155.81343455256498,43.19005935837889,206.08914193696802,155.64262709914883,24.755578559926388,1.2222222222222223,0.014150390625
d91c629ab506577f0e4f,test,2,,16454.0,0.40480118491353717,1.7921418573840104,106.72474778169442,36.332507134452634,148.68463595478303,103.38799076212472,13.828734654187432,0.3037037037037037,0.013390299479166666
d91c629ab506577f0e4f,test,3,,76449.0,0.2915050833195451,1.7982546702409319,143.39541393608812,41.11206720384725,190.49461732658372,142.35847427696896,25.152925479731586,1.3049853372434017,0.06221435546875
d91c629ab506577f0e4f,test,4,,191075.0,0.13292615996970014,1.7537910308965632,117.89755855030747,50.03807791527628,165.26588512364256,113.28865105325134,17.358618343582364,0.9357798165137615,0.15549723307291666
d91c629ab506577f0e4f,test,5,,32753.0,0.36680410735221797,1.7731756108262529,120.2722498702409,45.47688580127944,166.3978872164382,117.6058376331939,13.036546270570634,0.3644067796610169,0.026654459635416666
d91c629ab506577f0e4f,test,6,,12555.0,0.7520877979841307,1.7424649211564116,131.22118677817602,39.48260838823532,178.5705296694544,128.36869772998804,21.640860215053763,1.1567164179104477,0.01021728515625
d91c629ab506577f0e4f,test,7,,13819.0,0.41341156545921975,1.8227810598485787,106.52145596642305,45.28833132034627,147.73565380997178,103.13770895144367,15.80729430494247,2.043859649122807,0.011245930989583333
d91c629ab506577f0e4f,test,8,,70149.0,0.5247287360610138,1.806156545782431,115.38885800225235,47.756746331980935,165.07449856733524,109.86806654407047,13.519451453335044,0.7471910112359551,0.05708740234375
d91c629ab506577f0e4f,test,9,,62536.0,0.4103414665214387,1.8447582356615935,112.88560189330946,43.37741089627299,154.1807758730971,109.50610848151464,21.921693104771652,0.47357293868921774,0.05089192708333334
d9676395245e405b6c1e,test,1,,17595.0,0.44671972354914546,1.8017971200597582,118.76822961068486,41.89319620922644,172.52719522591644,113.06035805626598,7.172378516624041,0.4069767441860465,0.01431884765625
d9676395245e405b6c1e,test,2,,420425.0,0.08972703651476475,1.8163902489886599,133.5713718261283,48.17498877049091,193.3273021347446,127.50074805256585,8.124164833204496,1.1532846715328466,0.3421427408854167
d9676395245e405b6c1e,test,3,,11580.0,0.7661816640383771,1.872157074009132,108.93445595854922,50.73799002167676,158.33747841105355,103.12823834196891,9.239896373056995,0.8102189781021898,0.009423828125
d9676395245e405b6c1e,test,4,,11406.0,0.566107242365128,1.7043726844208327,130.60810099947395,43.84942694819051,187.17262844117133,125.60810099947396,8.037524110117483,1.0757575757575757,0.0092822265625
d9676395245e405b6c1e,test,5,,94152.0,0.3830145795189233,1.823954608843085,133.00197552893195,39.96258441492457,193.83682768289574,126.18644319823264,8.537301384994477,0.9311163895486936,0.07662109375
d9676395245e405b6c1e,test,6,,8011.0,0.6018625675410003,1.7848273083938455,162.07502184496317,28.92966412642055,224.4723505180377,158.7277493446511,15.6517288727999,0.7175572519083969,0.006519368489583333
d97eb6d91db7520a1770,test,1,,67582.0,0.3026268837914919,1.7698139143565312,122.17821313367465,42.673721255190614,177.90294753040752,116.12709005356456,7.220872421650736,1.29607250755287,0.054998372395833335
d97eb6d91db7520a1770,test,2,,1998.0,0.6763655054485076,1.7879983002079767,178.06256256256256,20.622606084623772,238.63213213213214,180.04454454454455,8.80980980980981,0.8947368421052632,0.0016259765625
d97eb6d91db7520a1770,test,3,,1482.0,0.7346828607456285,1.8962409502614987,191.56005398110662,7.993551516943899,248.20377867746288,197.8859649122807,10.322537112010796,0.5636363636363636,0.0012060546875
d97eb6d91db7520a1770,test,4,,52279.0,0.5353014394232499,1.7865457229629231,107.80227242296142,39.66932723225419,159.6697526731575,101.04372692668184,6.578492320052028,1.0814814814814815,0.04254475911458333
d97eb6d91db7520a1770,test,5,,12250.0,0.6296947817909712,1.8351889282157035,140.92375510204081,48.66040487955342,203.30416326530613,135.4650612244898,5.493061224489796,0.7515527950310559,0.009969075520833334
d97eb6d91db7520a1770,test,6,,12839.0,0.6648004683459663,1.8843058081435586,120.54825142145027,55.721648253957255,178.8577770854428,113.28444582911442,5.0608302827323,0.9338235294117647,0.010448404947916667
d97eb6d91db7520a1770,test,7,,53288.0,0.4643675566634373,1.8489914011392563,138.12573187209128,47.89057251515191,200.69088725416603,132.15480033028075,4.861300855727368,1.8443396226415094,0.043365885416666666
d97eb6d91db7520a1770,test,8,,11747.0,0.34160719524816835,1.8076369956599618,142.32365710394143,35.342061782484194,206.16310547373797,136.11381629352175,6.874436026219461,0.332,0.009559733072916667
d97eb6d91db7520a1770,test,9,,2568.0,0.7207453553543721,1.8273617761393317,172.63356697819316,20.21074891488048,234.3917445482866,172.64369158878506,10.42328660436137,0.6338028169014085,0.00208984375
d97eb6d91db7520a1770,test,10,,4051.0,0.43640652736911867,1.87396890468393,116.55764008886695,44.61347006168945,166.77338928659591,112.03999012589485,8.058504073068379,2.1186440677966103,0.0032967122395833335
d97eb6d91db7520a1770,test,11,,3297.0,0.6351807603750538,1.8242085439476814,160.69214437367305,16.22772172994468,225.38792841977556,157.53017895056112,7.094024871094935,1.3278688524590163,0.00268310546875
d97eb6d91db7520a1770,test,12,,12565.0,0.7017874559552474,1.8485589012673844,140.42801432550735,44.24710137421984,203.1175487465181,134.50059689614008,6.590847592518902,0.7643312101910829,0.010225423177083333
d97eb6d91db7520a1770,test,13,,3336.0,0.6980924523115992,1.8351420924145139,84.11241007194245,68.15360095554996,119.41157074340528,81.43884892086331,5.171462829736211,1.3389830508474576,0.00271484375
db321b2fccf27672a381,test,1,,3611.0,0.6784942121303421,1.7075966034880927,170.4084741068956,27.1522192033889,233.15120465245084,169.330656327887,11.2722237607311,1.208955223880597,0.0029386393229166668
db321b2fccf27672a381,test,2,,1218.0,0.5053018257881692,1.8219415083268602,153.58538587848932,25.330161734347605,216.55665024630542,149.5927750410509,8.703612479474549,3.0869565217391304,0.0009912109375
db321b2fccf27672a381,test,3,,33926.0,0.7355275248106753,1.8769595878023124,138.78827447975004,49.56983328215088,200.48770854212108,133.06077934327655,6.510670282379296,0.7958333333333333,0.027609049479166668
db321b2fccf27672a381,test,4,,44101.0,0.3890289827513533,1.7395983311710086,144.82467517743362,49.235625857212746,208.4658397768758,139.39652162082493,5.913221922405388,0.7404371584699454,0.03588948567708333
db321b2fccf27672a381,test,5,,31468.0,0.5188989081974399,1.7881653120350278,124.4724482013474,60.18530743870974,184.97149485191306,116.83580144909114,5.252637600101691,0.7454545454545455,0.025608723958333333
db321b2fccf27672a381,test,6,,14380.0,0.612733435134369,1.8681255973650286,142.43136300417245,31.127193473307152,206.51662030598052,136.26961057023644,6.0908901251738525,1.547008547008547,0.011702473958333333
db321b2fccf27672a381,test,7,,3941.0,0.7769686480947433,1.86514798250198,139.34483633595534,70.92112685091418,191.1646790154783,137.49073839127126,12.955595026642984,0.7530864197530864,0.0032071940104166667
db321b2fccf27672a381,test,8,,10025.0,0.595079987896277,1.7923668581409335,174.65496259351622,38.393559200611634,233.7860349127182,176.89815461346635,7.947331670822942,2.375,0.008158365885416666
db321b2fccf27672a381,test,9,,3246.0,0.7611423153912794,1.8173730348454866,153.4596426370918,26.842826645577787,215.42513863216266,149.84380776340112,9.430375847196549,1.098360655737705,0.0026416015625
db321b2fccf27672a381,test,10,,395844.0,0.23580554929555134,1.8560770641544813,107.81039500409253,51.13150199557405,164.37752245834218,98.88153666595932,5.5399551338406035,0.6830031282586028,0.322138671875
dcb0fe2f816510bcc1df,test,1,,47960.0,0.5252279170394161,1.772706948838646,110.79197247706422,53.08653523539334,155.36926605504587,106.26478315262719,17.1958507089241,1.0833333333333333,0.03902994791666667
dcb0fe2f816510bcc1df,test,2,,9150.0,0.5285630667326983,1.856992823520299,78.16360655737705,39.81382092589858,115.54043715846994,72.74622950819672,8.089398907103826,1.2410714285714286,0.0074462890625
dcb0fe2f816510bcc1df,test,3,,10931.0,0.4628419572370547,1.8139889257672235,92.45979324855914,38.16164009553506,126.51495746043364,89.91190193029,16.241606440398865,1.891089108910891,0.008895670572916667
dcb0fe2f816510bcc1df,test,4,,110638.0,0.2533082267220411,1.79890813022832,100.21723096946799,46.255913253717964,140.15707080749831,96.05414956886422,16.91169399302229,0.7013232514177694,0.09003743489583334
dcb0fe2f816510bcc1df,test,5,,9213.0,0.6118950565988034,1.8570527241766637,131.59177249538695,52.47633080062536,178.01888635623575,129.01259090415718,23.05134049712363,1.0869565217391304,0.00749755859375
dcb0fe2f816510bcc1df,test,6,,1944.0,0.5187258067102686,1.8253166867652557,162.6718106995885,49.44624744541593,206.96039094650206,163.11882716049382,44.14711934156379,3.25,0.00158203125
e21eb197bf2929be5fab,test,1,,191.0,0.8013556750379305,1.7297016916143932,175.37696335078533,17.149307167594255,238.16230366492147,175.0,12.670157068062828,1.2857142857142858,0.00015543619791666668
e21eb197bf2929be5fab,test,2,,195260.0,0.2079135608543215,1.8027326159802868,124.21701833452832,40.40391774226686,183.0528526067807,116.68030830687289,8.740085014851992,1.2222222222222223,0.15890299479166667
e21eb197bf2929be5fab,test,3,,28359.0,0.5479220373775034,1.8901917667601482,91.9425931802955,36.085577796623475,141.99791953171834,83.24711731725378,5.46620120596636,1.318435754189944,0.02307861328125
e21eb197bf2929be5fab,test,4,,12673.0,0.7677432595283976,1.7301209632462797,124.78087272153397,25.05892130740036,179.5001183618717,119.22228359504459,9.81062100528683,0.9574468085106383,0.010313313802083333
e21eb197bf2929be5fab,test,5,,5370.0,0.6030687230354482,1.7520318084093338,148.17690875232773,30.45297971154829,212.9756052141527,142.32309124767227,8.397392923649907,0.6936936936936937,0.0043701171875
e21eb197bf2929be5fab,test,6,,52976.0,0.32577320993372383,1.7520003956957386,100.49588492902447,42.39505606669563,154.2256682271217,91.43566898218062,6.265554213228632,0.9509803921568627,0.04311197916666667
e21eb197bf2929be5fab,test,7,,62245.0,0.548713283813229,1.7831911737725434,68.32243553699092,50.143976612687375,111.70775162663668,58.717198168527595,4.12519881114949,1.1428571428571428,0.05065511067708333
e21eb197bf2929be5fab,test,8,,9376.0,0.4691072196039621,1.826573579336146,60.360601535836174,52.4072211710068,95.2096843003413,53.430034129692835,4.830524744027303,2.5301204819277108,0.0076302083333333335
e21eb197bf2929be5fab,test,9,,1416.0,0.630143332732229,1.8577075992121617,83.23587570621469,44.35164773079495,130.6066384180791,74.72104519774011,3.014830508474576,0.4444444444444444,0.00115234375
e21eb197bf2929be5fab,test,10,,28869.0,0.4040993952831275,1.7972232156495602,115.34826284249542,41.83395793146059,174.41542831410857,106.26256538155114,7.252173611832762,0.5032051282051282,0.02349365234375
e21eb197bf2929be5fab,test,11,,12716.0,0.6408532120402171,1.8325366641721135,101.07297892419,49.60871611894412,158.1533501100975,90.5674740484429,5.605300408933627,1.375,0.010348307291666666
e21eb197bf2929be5fab,test,12,,5215.0,0.4724616819773007,1.7980223444131571,112.20556088207096,33.81524342890597,165.96126558005753,104.32118887823586,11.880920421860019,0.358974358974359,0.004243977864583333
e21eb197bf2929be5fab,test,13,,9735.0,0.7614007814483278,1.8076495579632248,148.70980996404725,26.853635535316805,211.9101181304571,143.3372367745249,10.601848998459168,0.6041666666666666,0.00792236328125
e21eb197bf2929be5fab,test,14,,771.0,0.4555197800464802,1.6112178007238538,183.06355382619975,15.282547961489342,244.11024643320363,184.3865110246433,16.007782101167315,3.4210526315789473,0.00062744140625
e21eb197bf2929be5fab,test,15,,661.0,0.6448206437102717,1.7074882561771758,197.73978819969741,8.493055236316462,250.26172465960667,204.80332829046898,23.423600605143722,1.875,0.0005379231770833333
e21eb197bf2929be5fab,test,16,,1102.0,0.5068323594319687,1.7193895109145045,150.26406533575317,22.26278781743382,218.18965517241378,143.8475499092559,5.401996370235935,2.5357142857142856,0.0008968098958333333
e21eb197bf2929be5fab,test,17,,1507.0,0.8109850446871097,1.718939140496872,149.76841406768415,15.050064130479113,210.46980756469807,145.95753151957533,10.07697412076974,0.7843137254901961,0.0012263997395833334
e21eb197bf2929be5fab,test,18,,1167.0,0.7925874231778529,1.731220925205787,146.3941730934019,12.293562885193131,201.06341045415596,144.37532133676092,13.267352185089974,1.0232558139534884,0.00094970703125
e21eb197bf2929be5fab,test,19,,532.0,0.8522411696281295,1.7403346620230202,149.41165413533835,9.519355800568714,206.26315789473685,147.24436090225564,11.332706766917294,1.1481481481481481,0.00043294270833333336
e21eb197bf2929be5fab,test,20,,2208.0,0.8320683515543876,1.7666427616136056,144.1082427536232,5.039927984207534,197.705615942029,141.28079710144928,17.85643115942029,1.4444444444444444,0.001796875
e21eb197bf2929be5fab,test,21,,5352.0,0.6496055333078469,1.763843967830442,133.32249626307922,10.530521618013275,186.61733931240659,129.8693946188341,11.177316890881913,1.2666666666666666,0.00435546875
e21eb197bf2929be5fab,test,22,,1760.0,0.4607398782137509,1.7714912632651192,133.86477272727274,27.426946519853292,188.67897727272728,129.40397727272727,12.998295454545454,1.631578947368421,0.0014322916666666666
e362a4d631712e1cc110,test,1,,40991.0,0.5425231851997352,1.8296287431814844,101.85138201068527,49.46081473616097,160.06223317313555,91.63713985996927,1.884877168158864,1.1201716738197425,0.033358561197916664
e362a4d631712e1cc110,test,2,,151.0,0.6531567550002876,1.889321251995323,160.96026490066225,10.356481027239706,225.50331125827816,158.7682119205298,2.9403973509933774,0.34782608695652173,0.00012288411458333333
e362a4d631712e1cc110,test,3,,10871.0,0.6392638000091091,1.6969462359223697,136.7759175788796,46.38800431839836,199.14929629288935,130.9935608499678,3.1538956857694784,0.891156462585034,0.008846842447916666
e362a4d631712e1cc110,test,4,,8309.0,0.6275337437904338,1.8296445069937177,149.5262967866169,27.7855756117724,215.9844746660248,144.07485858707426,3.5092068841015767,0.9745762711864406,0.006761881510416666
e362a4d631712e1cc110,test,5,,8959.0,0.6226461871190734,1.77886263013684,136.50284629981024,41.51283013871268,202.866391338319,128.793057260855,2.2796070990065855,0.6423841059602649,0.007290852864583333
e362a4d631712e1cc110,test,6,,34339.0,0.37071655645010054,1.7907733575404188,116.66216255569469,51.02168191682106,177.93762194589243,107.54678354058068,3.0706776551442965,1.9034090909090908,0.027945149739583335
e362a4d631712e1cc110,test,7,,10794.0,0.6490817108432674,1.8220954237431457,117.58893829905503,47.918548023646785,179.03390772651474,108.84194923105429,1.6546229386696312,0.47368421052631576,0.0087841796875
e362a4d631712e1cc110,test,8,,6955.0,0.6050467366856778,1.8028862762051363,148.60301941049605,32.528416900490306,214.67189072609634,143.33443565780016,2.636376707404745,1.6282051282051282,0.005659993489583333
e362a4d631712e1cc110,test,9,,4931.0,0.6625268961356415,1.780922592899708,133.8113972824985,41.89253520710375,197.82620158182925,126.58649361184344,3.0896369904684646,1.6307692307692307,0.004012858072916667
e362a4d631712e1cc110,test,10,,10534.0,0.46458386816870184,1.6661598019141843,139.54053540915132,50.82774510658638,201.67913423201063,134.4949686728688,2.7542244161761915,0.8734939759036144,0.008572591145833334
e362a4d631712e1cc110,test,11,,97366.0,0.35368901134853453,1.7757942815478431,123.461495799355,43.14188242845191,189.7317441406651,113.2636546638457,2.379999178357948,2.155234657039711,0.07923665364583334
e362a4d631712e1cc110,test,12,,10454.0,0.5643017111728493,1.8038832686169033,137.72479433709586,38.51528190528686,203.84427013583317,130.51616606083795,1.689018557489956,1.9318181818181819,0.008507486979166666
e362a4d631712e1cc110,test,13,,581.0,0.4165910223829795,1.7447018898288142,172.80034423407918,13.675665281067014,240.43545611015492,171.52667814113596,2.0602409638554215,0.2,0.0004728190104166667
e362a4d631712e1cc110,test,14,,1639.0,0.35774983023418294,1.8206521365701231,144.61256863941426,26.42321096193194,205.33557046979865,141.3849908480781,1.9798657718120805,4.130434782608695,0.0013338216145833332
e362a4d631712e1cc110,test,15,,1433.0,0.6808767870211967,1.7985828321855022,163.12840195394278,15.935502723869071,230.65945568736916,159.81646894626658,2.947662247034194,1.146341463414634,0.0011661783854166666
e362a4d631712e1cc110,test,16,,932.0,0.8322535013135032,1.833103679176317,164.6695278969957,19.320046033772172,230.28969957081546,162.20278969957081,5.252145922746781,1.1290322580645162,0.0007584635416666666
e362a4d631712e1cc110,test,17,,656.0,0.8002086412142169,1.6933449597509913,142.14176829268294,22.899762205496,205.53506097560975,136.6189024390244,4.4192073170731705,1.3333333333333333,0.0005338541666666666
e56106eb7ae05d849f9c,test,1,,6697.0,0.6875260435052604,1.8040226713528573,149.24608033447814,41.81996093241776,191.86187845303868,148.24876810512168,42.507391369269826,0.9047619047619048,0.0054500325520833335
e56106eb7ae05d849f9c,test,2,,8159.0,0.5329362468454787,1.7444887065318444,125.87302365485967,30.724420339686805,167.95048412795686,124.10932712342199,24.508027944601054,1.1074380165289257,0.006639811197916666
e56106eb7ae05d849f9c,test,3,,2283.0,0.37638787591076744,1.8346490525366559,191.3215067893123,39.872233605729626,237.9557599649584,195.6653526062199,46.42750766535261,3.15625,0.00185791015625
e56106eb7ae05d849f9c,test,4,,6431.0,0.4643869414505526,1.782561410725842,150.22966879178978,70.8566764811786,191.24055356865185,151.9239620587778,33.886953817446745,1.3068181818181819,0.005233561197916667
e56106eb7ae05d849f9c,test,5,,323379.0,0.2502136874363096,1.8390855571796105,107.81587239740367,57.26068490560817,152.0721289879677,103.12605951530557,15.922307880227226,0.7634543178973717,0.26316650390625
e56106eb7ae05d849f9c,test,6,,216709.0,0.11219749730988898,1.833355499330633,129.79064090554616,50.14764395550065,174.38374963660945,127.60500025379656,24.06288156006442,0.46611053180396245,0.17635823567708334
e7d5a9330c4ce10816db,test,1,,32416.0,0.520202380607747,1.8512427974003955,132.08865992102665,27.338989063815696,185.4109081934847,128.2031712734452,12.173926456071076,1.045643153526971,0.026380208333333332
e7d5a9330c4ce10816db,test,2,,91436.0,0.23056449952216068,1.8063708924874409,116.87439301806728,43.15311900045862,173.25563235487115,109.23719322805022,8.323734634060983,0.7808764940239044,0.07441080729166667
e7d5a9330c4ce10816db,test,3,,103170.0,0.26607956975113456,1.8904202007063335,153.9119220703693,43.823089615445646,214.02694581758263,150.90472036444703,11.758534457691189,2.7063492063492065,0.0839599609375
e7d5a9330c4ce10816db,test,4,,146402.0,0.20920028423796436,1.748750142924999,114.03790248767093,39.64852813470068,164.53133153918662,108.38838267236787,10.670059152197375,0.7674418604651163,0.11914225260416667
e7d5a9330c4ce10816db,test,5,,21523.0,0.41029181183458285,1.8272079745825611,159.07038981554615,22.427654613586167,219.91683315522928,155.90540352181387,15.660084560702504,0.9045454545454545,0.017515462239583335
e7d5a9330c4ce10816db,test,6,,11574.0,0.40857946379074,1.812263376297263,171.00414722654224,26.276302663098257,224.54017625712805,171.69155002592018,26.942457231726284,1.3983050847457628,0.0094189453125
e7d5a9330c4ce10816db,test,7,,10958.0,0.33495230361825007,1.8313082107834455,142.75935389669647,29.499481708715226,198.38647563423982,139.72056944697937,12.495345866033947,2.0434782608695654,0.008917643229166666
e7d5a9330c4ce10816db,test,8,,21999.0,0.3429074330230168,1.7749797173136501,141.18846311195963,27.942095477349937,196.78694486113005,137.67925814809763,13.316468930405927,1.5562913907284768,0.01790283203125
e7d5a9330c4ce10816db,test,9,,2486.0,0.7365883182696189,1.8069979222593506,191.42477876106196,11.960672913846391,243.06677393403058,197.33748994368463,25.394609814963797,1.3829787234042554,0.0020231119791666668
e7f57f92edbc100f4e49,test,1,,15445.0,0.6193686721861712,1.7742245952384965,124.13059242473292,45.15977863845172,181.55351246358046,117.11977986403367,9.594302363224344,0.9041916167664671,0.012569173177083334
e7f57f92edbc100f4e49,test,2,,86809.0,0.3553258476733116,1.8513134397085802,135.86564757110438,51.29942388911238,195.8803925860222,129.88723519450747,9.28573074220415,1.3323170731707317,0.07064534505208334
e7f57f92edbc100f4e49,test,3,,28909.0,0.5478675887646477,1.8752801838501356,122.64284478882009,39.894571779436546,180.20422705731778,115.6294579542703,7.732989726382788,1.1563981042654028,0.023526204427083332
e7f57f92edbc100f4e49,test,4,,27070.0,0.45443537583284754,1.789372339129455,133.39069080162542,37.109781351614174,186.57558182489842,129.61148873291467,13.295640930919838,1.5087719298245614,0.022029622395833334
e7f57f92edbc100f4e49,test,5,,9006.0,0.6394555237597365,1.8690892275296038,135.31401288030202,44.76219888958628,192.81379080612925,130.12480568509883,11.18487674883411,1.1081081081081081,0.0073291015625
e7f57f92edbc100f4e49,test,6,,65535.0,0.35991258235968177,1.8813863815192384,100.98582436865797,41.518635369500984,151.68987563897153,93.5348744945449,6.411612115663386,1.9163179916317992,0.05333251953125
e7f57f92edbc100f4e49,test,7,,8787.0,0.6243788098457617,1.7773327162409829,138.85865483100034,28.074281740464603,196.33208148401047,134.52406964834415,10.36383293501764,0.7588652482269503,0.00715087890625
e7f57f92edbc100f4e49,test,8,,5226.0,0.48158120987262076,1.7209236552996403,138.37141216991964,27.18515305613442,194.132797550708,134.75143513203216,10.662648296976656,1.84,0.0042529296875
e7f57f92edbc100f4e49,test,9,,9469.0,0.4998509620513017,1.794913253787578,137.5353257999789,37.741313455096694,192.94677368254304,133.71675995353257,11.864822050902946,1.9021739130434783,0.007705891927083333
e7f57f92edbc100f4e49,test,10,,1888.0,0.4735153422938759,1.8512321168750414,147.49629237288136,16.43380362264739,197.76800847457628,147.39512711864407,16.08951271186441,0.367816091954023,0.0015364583333333333
e7f57f92edbc100f4e49,test,11,,6147.0,0.6092731337878664,1.8011432870271018,103.89132910362778,50.272537544955085,154.0593785586465,97.36440540100863,5.902716772409305,1.6233766233766234,0.00500244140625
e7f57f92edbc100f4e49,test,12,,25664.0,0.4995378309566773,1.8336929278359329,120.75183135910224,51.727560435877606,177.8758572319202,113.73355673316708,7.14756078553616,1.1105263157894736,0.020885416666666667
e7f57f92edbc100f4e49,test,13,,54709.0,0.41618124170976856,1.75489895088516,102.35953864994791,54.04845932338327,153.66738562210972,94.48375952768284,8.409768045476978,1.2633333333333334,0.044522298177083336
e7f57f92edbc100f4e49,test,14,,8200.0,0.5570182073809353,1.7840387569595648,122.79158536585366,43.805853294422526,171.5069512195122,118.95829268292682,14.721585365853658,0.7481481481481481,0.006673177083333333
e7f57f92edbc100f4e49,test,15,,1609.0,0.7447525285752421,1.7660593687170083,149.79987569919206,11.023269358751389,197.3455562461156,150.66811684275947,20.50031075201989,0.9574468085106383,0.0013094075520833333
e7f57f92edbc100f4e49,test,16,,665.0,0.8285823284572139,1.7161421240990522,138.80902255639097,28.16030229525943,196.78646616541354,134.796992481203,7.421052631578948,1.5416666666666667,0.0005411783854166667
ea8f77284e8c4f73ea9b,test,1,,8340.0,0.5966713960461654,1.821343669861628,119.52158273381295,42.655253337696955,181.40923261390887,110.52553956834532,3.6642685851318944,0.952,0.006787109375
ea8f77284e8c4f73ea9b,test,2,,12458.0,0.6198052485566853,1.838190836498079,111.85318670733665,40.171584223684704,176.13750200674266,100.24554503130518,3.1657569433295873,0.6646706586826348,0.010138346354166666
ea8f77284e8c4f73ea9b,test,3,,826616.0,0.07855711763290485,1.9058630572649384,116.76256810901313,49.022761934365725,179.62875869811376,106.4942560995674,4.879223242714876,1.3340292275574113,0.6727018229166667
ea8f77284e8c4f73ea9b,test,4,,1670.0,0.3422524796938901,1.6841149764180692,189.9065868263473,20.888604284371134,245.17604790419162,195.874251497006,14.070059880239521,1.8936170212765957,0.0013590494791666666
ea8f77284e8c4f73ea9b,test,5,,6858.0,0.6650077760134747,1.777177182176425,164.12088072324292,27.562910331415548,227.9028871391076,161.81773111694372,8.770341207349082,1.08,0.0055810546875
ea8f77284e8c4f73ea9b,test,6,,31908.0,0.5081298141551652,1.7899543906581743,148.68913752037108,46.512864025345806,210.40717061551962,144.04795035727716,10.81277422589946,2.321167883211679,0.025966796875
ea8f77284e8c4f73ea9b,test,7,,192.0,0.7654789253190064,1.6765534746362982,190.83854166666666,9.803803150135014,242.39583333333334,197.484375,21.239583333333332,0.5714285714285714,0.00015625
ea8f77284e8c4f73ea9b,test,8,,53874.0,0.3581357989561416,1.864950246534762,147.92176188885176,46.47350866040458,209.39200727623714,143.34688346883468,10.348535471656087,1.6542056074766356,0.0438427734375
ea8f77284e8c4f73ea9b,test,9,,522.0,0.6299783012727731,1.81566495121635,207.40804597701148,12.417859327654304,253.43103448275863,222.81800766283524,7.206896551724138,2.8666666666666667,0.0004248046875
ea8f77284e8c4f73ea9b,test,10,,1069.0,0.5615400694265094,1.6964671710433452,204.9822263797942,19.517391977864296,252.622076707203,217.71468662301217,14.579045837231057,2.869565217391304,0.0008699544270833334
ea8f77284e8c4f73ea9b,test,11,,954.0,0.3055362103315741,1.5511232174711929,189.61635220125785,12.159043226595866,243.66981132075472,195.90880503144655,15.377358490566039,0.4230769230769231,0.0007763671875
ea8f77284e8c4f73ea9b,test,12,,1302.0,0.5422864970963313,1.7721596618528037,204.642089093702,12.08931220854297,251.1205837173579,216.79569892473117,19.966973886328724,3.5238095238095237,0.0010595703125
ea8f77284e8c4f73ea9b,test,13,,1302.0,0.5422864970963313,1.7721596618528037,204.642089093702,12.08931220854297,251.1205837173579,216.79569892473117,19.966973886328724,3.5238095238095237,0.0010595703125
ea8f77284e8c4f73ea9b,test,14,,510.0,0.6479170794942246,1.8025185786249238,207.05882352941177,12.343469758327295,253.4,222.25294117647059,7.152941176470589,2.8,0.0004150390625
ef39380ba932ffe2b47a,test,1,,47807.0,0.3834308378073292,1.8570957142690432,135.67075951220534,55.00928480108441,179.2538331206727,134.41565042776162,27.831279938084382,0.7317880794701986,0.038905436197916664
ef39380ba932ffe2b47a,test,2,,33827.0,0.49218530116089343,1.8338561945122758,116.04768380287936,51.03056946474453,157.392467555503,112.66151299257989,25.01755993732817,1.8294117647058823,0.027528483072916665
ef39380ba932ffe2b47a,test,3,,37122.0,0.2591592915067074,1.8037889829849747,139.11489143903884,42.5365696711465,184.4854533699693,137.20669683745487,29.875653251441193,1.8186274509803921,0.0302099609375
ef39380ba932ffe2b47a,test,4,,22077.0,0.5470788372926652,1.8338324292130015,125.06545273361417,46.73709593338711,170.53666711962677,121.18630248675092,25.71694523712461,1.4150943396226414,0.01796630859375
ef39380ba932ffe2b47a,test,5,,47821.0,0.26520770999635074,1.7715273532049123,101.1331841659522,44.436272012202664,141.67200602245876,96.91880136341774,16.50155789297589,1.0731707317073171,0.038916829427083334
ef39380ba932ffe2b47a,test,6,,7396.0,0.5353776510664663,1.7733319796310256,135.48526230394808,26.59695925151218,173.44267171444025,136.52203893996756,30.502839372633858,1.6626506024096386,0.006018880208333333
ef39380ba932ffe2b47a,test,7,,4764.0,0.7532131426508032,1.787721623334965,96.23887489504618,77.62819651031748,122.35705289672543,95.00650713685978,34.012804366078925,1.2816901408450705,0.003876953125
ef39380ba932ffe2b47a,test,8,,235.0,0.11635135166161027,1.645777222921921,132.10212765957448,21.08539364726916,181.64255319148936,128.78297872340426,19.174468085106383,0.06329113924050633,0.00019124348958333333
ef39380ba932ffe2b47a,test,9,,17072.0,0.46823657639443067,1.7824890310553183,168.73963214620431,40.15896515989665,214.96883786316775,170.38782802249298,38.90704076850984,1.8461538461538463,0.013893229166666667
ef39380ba932ffe2b47a,test,10,,9375.0,0.507113618029551,1.792221951845946,179.70218666666668,34.999682292155484,225.42784,184.10890666666666,36.968426666666666,0.6050955414012739,0.00762939453125
ef39380ba932ffe2b47a,test,11,,2390.0,0.6764484101790799,1.8494893051346346,176.5518828451883,43.736875217338856,223.92217573221757,176.0836820083682,54.6602510460251,1.0,0.0019449869791666667
ef39380ba932ffe2b47a,test,12,,303723.0,0.15658718136267846,1.814564428800499,133.24952012195322,48.45854485052347,184.0468354388703,129.7603803465658,17.983047052742137,1.4640234948604993,0.24717041015625
ef70ba2e952667891902,test,1,,7550.0,0.6769302139169161,1.8036461305562803,145.31350993377484,39.49726610035458,210.8666225165563,136.67350993377482,17.83205298013245,0.9741379310344828,0.006144205729166667
ef70ba2e952667891902,test,2,,21289.0,0.5098354758712812,1.7892407615364843,140.08440978909294,39.51155896234164,207.94166001221288,129.81281412936258,14.959885386819485,0.927461139896373,0.017325032552083335
ef70ba2e952667891902,test,3,,40783.0,0.23195603372871823,1.6973662588097318,119.32248731088934,44.800041685900375,184.5692322781551,106.9483117965819,11.892724909888925,1.1111111111111112,0.03318929036458333
ef70ba2e952667891902,test,4,,13484.0,0.35117894777240455,1.7053001667874415,108.17754375556214,47.214706290315696,170.9791604865025,94.92257490358944,11.72174428952833,1.062857142857143,0.010973307291666666
ef70ba2e952667891902,test,5,,14572.0,0.4177198149243837,1.7214064029141498,140.58056546802086,46.90062588300039,207.83440845457042,131.10780949766675,12.932473236343673,0.9345238095238095,0.011858723958333333
ef70ba2e952667891902,test,6,,28143.0,0.34576731417760403,1.7687353867346176,148.76143268308283,43.19576955331632,215.1085527484632,140.89738123156735,15.234871904203532,0.5705705705705706,0.02290283203125
ef70ba2e952667891902,test,7,,23097.0,0.29779999192746853,1.7907162277779807,153.98714118716717,42.16443932694956,219.13685760055418,147.67688444386718,15.611248214053774,1.304812834224599,0.01879638671875
ef70ba2e952667891902,test,8,,27045.0,0.17301076870715718,1.757941912206974,144.01149935293031,43.00745996922276,210.27184322425586,135.4894804954705,14.097910889258642,1.8920454545454546,0.02200927734375
ef70ba2e952667891902,test,9,,74392.0,0.26530183603588675,1.7775670472318355,127.88707119045058,45.416782542739114,197.30268039574148,115.34456662006667,10.402260995806001,0.9095127610208816,0.06054036458333333
ef70ba2e952667891902,test,10,,1357.0,0.8430152098676243,1.7058465302932286,164.59027266028002,36.16614196064736,224.30803242446572,162.23360353721444,20.0346352247605,1.0975609756097562,0.0011043294270833334
ef70ba2e952667891902,test,11,,10868.0,0.541222700257961,1.855458376567399,166.1370997423629,36.88990489197906,230.86814501288185,161.23104527051896,21.594865660655135,0.5057471264367817,0.008844401041666667
ef70ba2e952667891902,test,12,,88779.0,0.0935231777026214,1.8205464372565923,124.4643665731761,46.161887010651654,191.5402854278602,112.49540995055136,10.159407066986562,0.7183098591549296,0.07224853515625
ef70ba2e952667891902,test,13,,20149.0,0.40277506308975747,1.8352383859186119,119.37679289294753,39.194804955989746,186.78435654374906,106.34507916025609,9.654871209489304,2.635514018691589,0.016397298177083332
f01c0e481a3213613a8b,test,1,,19575.0,0.579876020958153,1.7605911839702675,80.82620689655172,44.50772014245431,140.7842656449553,65.67269476372924,1.5758365261813538,0.995,0.01593017578125
f01c0e481a3213613a8b,test,2,,8397.0,0.8008923065783526,1.8417457853983379,82.0304870787186,36.06393465819541,142.73240443015362,66.78051685125641,1.3698940097653924,1.058252427184466,0.00683349609375
f01c0e481a3213613a8b,test,3,,35759.0,0.1763310518353377,1.7637339615361276,78.72569143432423,38.14558220332858,139.12592634022204,62.99930087530412,1.292401912805168,2.0,0.029100748697916668
f01c0e481a3213613a8b,test,4,,28609.0,0.2373573569406455,1.7676533811611652,90.59463805096298,40.998349035438245,150.46209234856164,77.32531720787165,1.8937397322520886,2.7945205479452055,0.023282063802083332
f01c0e481a3213613a8b,test,5,,25263.0,0.6608451981204262,1.8910382470486244,98.63559355579305,47.513974500152244,157.9685706368998,87.13616751771366,2.243518188655346,2.2195121951219514,0.02055908203125
f01c0e481a3213613a8b,test,6,,25479.0,0.41633433467402714,1.80792985719374,132.18823344715256,35.29945970888972,204.10106362102124,120.88606303230111,1.769417952038934,0.8685258964143426,0.02073486328125
f01c0e481a3213613a8b,test,7,,6767.0,0.4480964136709255,1.7293199271341644,141.46578986256836,44.26250975172643,207.12782621545736,134.89833013152062,3.0363528890202454,0.6023391812865497,0.005506998697916667
f01c0e481a3213613a8b,test,8,,11629.0,0.2859908947234256,1.7797356205837163,105.44234241981253,44.367810263159534,168.63960787685957,93.33020896035772,2.0404162008771176,1.6779661016949152,0.009463704427083334
f2c73d1ccf75dd9ce574,test,1,,634.0,0.8381319478891437,1.7399086625206175,182.9794952681388,12.707503771834041,235.26813880126184,186.3186119873817,28.395899053627762,1.1785714285714286,0.0005159505208333333
f2c73d1ccf75dd9ce574,test,2,,7000.0,0.5234816547458874,1.8852797974663889,132.12685714285715,41.97058042904602,185.05657142857143,128.76857142857142,10.498714285714286,2.4754098360655736,0.005696614583333333
f2c73d1ccf75dd9ce574,test,3,,25240.0,0.5832016740598363,1.877796565076582,84.68102218700476,46.456486170980476,130.48110142630745,76.76695721077654,5.394889064976228,0.6099585062240664,0.020540364583333335
f2c73d1ccf75dd9ce574,test,4,,54551.0,0.18745399557945414,1.7221091470066487,106.21374493593152,41.35986114075636,154.7758244578468,100.60517680702462,7.707594727869333,1.6421725239616614,0.04439371744791667
f2c73d1ccf75dd9ce574,test,5,,3844.0,0.26210700119895625,1.8356089239159121,186.74947970863684,24.688737384311132,240.0153485952133,191.71800208116545,21.345213319458896,6.642857142857143,0.003128255208333333
f2c73d1ccf75dd9ce574,test,6,,61538.0,0.4434451842355885,1.7788239598058444,107.89635672267542,58.443044689446786,158.67044752835648,101.02817771133283,10.139263544476584,1.0091743119266054,0.050079752604166666
f2c73d1ccf75dd9ce574,test,7,,6937.0,0.7414138012883605,1.8195570811741066,154.7067896785354,38.978127860656876,209.91523713420787,153.47715150641488,16.199221565518236,1.063157894736842,0.005645345052083334
f2c73d1ccf75dd9ce574,test,8,,53657.0,0.38367188248211537,1.7413477510397055,109.8755987103267,40.00696880546329,156.14400730566376,105.5995303501873,10.555528635592747,0.7705882352941177,0.043666178385416664
f2c73d1ccf75dd9ce574,test,9,,8722.0,0.4153732617720717,1.749490587771183,121.63815638614996,42.59591873912689,173.53061224489795,116.94932354964457,9.696973171290988,1.1640625,0.0070979817708333335
f2c73d1ccf75dd9ce574,test,10,,3237.0,0.6701709844550661,1.811057163197118,170.60117392647513,8.72205127352529,228.27154772937905,169.5335186901452,24.6533827618165,1.6111111111111112,0.00263427734375
f2c73d1ccf75dd9ce574,test,11,,13787.0,0.48162363017723786,1.7647954806398432,141.52418945383332,29.92596784359241,193.6171756002031,139.5445709726554,15.066221803147894,1.0827586206896551,0.011219889322916666
f36b10c3ce09e47bc2a7,test,1,,10539.0,0.7162964004890741,1.809891298269232,116.49814972957586,42.589529075797046,166.3547774931208,111.86905778536862,9.482873137868868,1.191304347826087,0.00857666015625
f36b10c3ce09e47bc2a7,test,2,,23540.0,0.4497512487928291,1.8952409034473552,116.18585386576041,33.637045090729046,173.81045029736617,108.35348343245539,5.373959218351741,0.4810606060606061,0.019156901041666667
f36b10c3ce09e47bc2a7,test,3,,18200.0,0.558943287474044,1.7623299386761018,111.64637362637363,39.69293821314154,164.59923076923076,104.50214285714286,9.511813186813187,0.8142857142857143,0.014811197916666666
f36b10c3ce09e47bc2a7,test,4,,21001.0,0.5112417389251247,1.7751597358601787,152.7729155754488,33.8170247650889,219.2383219846674,147.48040569496692,5.809866196847769,1.9166666666666667,0.017090657552083333
f36b10c3ce09e47bc2a7,test,5,,92416.0,0.6093989381040683,1.8473830634494333,75.8367274065097,50.596881552378804,125.33819901315789,64.55898329293629,4.180001298476454,0.9626666666666667,0.07520833333333334
f36b10c3ce09e47bc2a7,test,6,,17736.0,0.5185929010991945,1.8041095604787423,132.35002255299955,41.12461881483226,197.0179860171403,123.86332882273342,6.53213802435724,1.3969465648854962,0.01443359375
f36b10c3ce09e47bc2a7,test,7,,7983.0,0.7873994585522257,1.82788046951984,143.7003632719529,41.46463499203553,208.90855568082173,136.9452586746837,7.525366403607666,1.0594059405940595,0.00649658203125
f36b10c3ce09e47bc2a7,test,8,,10732.0,0.4422283160082957,1.8107834256475122,158.34886321282147,26.416084648417645,223.28000372717108,154.19781960491986,9.42154304882594,2.271604938271605,0.008733723958333333
f36b10c3ce09e47bc2a7,test,9,,871.0,0.7690824148037264,1.6361730599140365,185.42365097588979,7.812577276946612,244.6532721010333,189.0642939150402,11.196326061997704,0.8536585365853658,0.0007088216145833333
f36b10c3ce09e47bc2a7,test,10,,1589.0,0.7023704311447558,1.7346441990470343,189.60730018879798,5.898926063996918,247.0818124606671,194.63310258023915,12.870358716173694,1.1914893617021276,0.0012931315104166667
f36b10c3ce09e47bc2a7,test,11,,55647.0,0.38512714028350153,1.7649493914096144,116.07657196254965,42.811593601637036,180.06602332560604,104.98853487160135,5.415386274192679,0.8885350318471338,0.04528564453125
f38571910b4b2504913d,test,1,,37311.0,0.3677750166484989,1.722381705137171,114.04390126236231,40.767930749318175,173.45447723191552,104.77258717268366,5.992549114202246,0.8936170212765957,0.03036376953125
f38571910b4b2504913d,test,2,,5445.0,0.6397570625189718,1.7532661485695664,118.8593204775023,34.467824096933995,173.7208448117539,112.37300275482093,8.255096418732782,0.7850467289719626,0.00443115234375
f38571910b4b2504913d,test,3,,13132.0,0.4547602196114095,1.8162657125850556,110.83848614072495,27.699571343200443,162.95035028936948,104.5722662199208,6.389125799573561,0.5167464114832536,0.010686848958333333
f38571910b4b2504913d,test,4,,8212.0,0.7116701566307391,1.8038386728910034,171.2384315635655,28.043020563297194,230.20640526059427,171.54578665367754,14.912201656113005,0.583941605839416,0.006682942708333334
f38571910b4b2504913d,test,5,,6776.0,0.6170379171662477,1.7824334051994708,134.1283943329398,42.59052151781816,196.1745867768595,126.72269775678866,9.442739079102715,0.9090909090909091,0.0055143229166666665
f38571910b4b2504913d,test,6,,2802.0,0.37717629800504643,1.7439634648830975,126.64596716630977,32.12748294522591,187.60314061384724,118.25374732334048,9.960028551034975,0.2824427480916031,0.0022802734375
f38571910b4b2504913d,test,7,,2353.0,0.7393442453276766,1.8347276602549243,143.94900127496814,17.521280609109848,202.96600084997874,139.78538036549085,10.478538036549086,1.196078431372549,0.0019148763020833334
f38571910b4b2504913d,test,8,,2005.0,0.7041929543977958,1.7893104372078683,132.3152119700748,24.34947946347316,185.75211970074812,128.571072319202,11.337655860349127,1.1176470588235294,0.0016316731770833334
f38571910b4b2504913d,test,9,,2520.0,0.6956701626140305,1.7702364491815357,155.1904761904762,17.72905170550352,209.46507936507936,154.44920634920635,16.475,1.4166666666666667,0.00205078125
f38571910b4b2504913d,test,10,,3133.0,0.5770817691407298,1.8140963815302051,174.3507819980849,20.028048402590386,234.88381742738588,174.1819342483243,16.318225343121608,1.5263157894736843,0.0025496419270833333
f38571910b4b2504913d,test,11,,5632.0,0.6391905707343408,1.8222976539663314,132.39577414772728,17.935326223530065,188.33629261363637,127.52503551136364,10.642045454545455,0.6936936936936937,0.004583333333333333
f38571910b4b2504913d,test,12,,2158.0,0.7394949384841917,1.8033895145921026,145.52455977757182,8.556203499141182,195.25764596848933,144.52641334569046,20.088507877664505,1.1176470588235294,0.0017561848958333333
f38571910b4b2504913d,test,13,,913.0,0.7654739924787664,1.6675517555423474,180.67031763417305,21.984007071752686,237.6604600219058,182.6013143483023,21.16867469879518,0.9459459459459459,0.0007430013020833334
f38571910b4b2504913d,test,14,,1617.0,0.7076308916036677,1.7380554702416822,176.35497835497836,8.054938233590933,238.21273964131106,176.30921459492887,14.211502782931355,0.6140350877192983,0.00131591796875
f38571910b4b2504913d,test,15,,913.0,0.8673469898797527,1.8101901507244549,151.04490690032858,10.198423455739134,207.74370208105148,148.62979189485213,14.692223439211391,1.5185185185185186,0.0007430013020833334
f38571910b4b2504913d,test,16,,8613.0,0.4528927710470487,1.7605798552955387,118.1664925113201,54.83674222536762,171.3905723905724,112.52931615000581,7.575293161500058,0.7350993377483444,0.00700927734375
f38571910b4b2504913d,test,17,,13067.0,0.48802946328364377,1.753450913541634,121.15328690594627,38.0283191154046,178.11693579245429,114.26371776230198,7.18481671385934,0.9245283018867925,0.010633951822916666
f5379e38edcb97101276,test,1,,49593.0,0.31209793204391584,1.853639403240911,106.03585183392818,57.53983158973003,165.81392535236827,95.79120037102011,1.9603774726271852,1.528688524590164,0.04035888671875
f5379e38edcb97101276,test,2,,11425.0,0.7671111295793086,1.8246426883438236,95.56892778993435,57.10792574865822,154.6587308533917,83.52428884026259,2.4902407002188185,1.1290322580645162,0.009297688802083334
f5379e38edcb97101276,test,3,,14780.0,0.6506627551210291,1.865899398254609,102.67246278755074,44.56752747878241,165.04066305818674,90.5264546684709,1.6219215155615696,1.6785714285714286,0.012027994791666666
f5379e38edcb97101276,test,4,,24857.0,0.6253387359188535,1.8131505108736243,140.3201110351209,48.71442351907754,206.04196001126442,133.57963551514663,2.5973769964195195,1.1754385964912282,0.020228678385416667
f5379e38edcb97101276,test,5,,14881.0,0.4165350067426137,1.7195856250198978,135.89993952019353,48.78609494110542,205.8875075599758,126.30125663597876,1.7176265035951885,1.0,0.012110188802083333
f5379e38edcb97101276,test,6,,3805.0,0.7003215038904038,1.8577180278679546,136.273061760841,39.26400179234336,205.6486202365309,126.85177398160316,2.764257555847569,0.53125,0.0030965169270833334
f5379e38edcb97101276,test,7,,12320.0,0.2616890389499462,1.6707274385014006,135.43709415584416,48.123469150867656,204.08027597402597,126.47175324675325,1.5262175324675324,4.984615384615385,0.010026041666666667
f5379e38edcb97101276,test,8,,11091.0,0.7140310455159783,1.8576573717836733,78.00748354521684,52.95684987501652,134.48643043909476,64.10323685871427,1.3992426291587774,0.673202614379085,0.00902587890625
f56e4dc30c35b9dc3fb7,test,1,,14239.0,0.6914759721246435,1.8833216536205515,132.79008357328465,33.370575449580166,191.421026757497,127.08582063347146,8.370601868108716,0.4816753926701571,0.011587727864583333
f56e4dc30c35b9dc3fb7,test,2,,10207.0,0.6782264241184093,1.7914411197337752,126.65239541491134,54.26161612154477,188.86705202312137,118.09611051239345,7.631527383168414,1.5918367346938775,0.008306477864583333
f56e4dc30c35b9dc3fb7,test,3,,11067.0,0.718267612943079,1.891859966585929,118.55895906749797,39.21822125717472,178.9566278124153,109.81160206017891,5.28878648233487,1.0892857142857142,0.00900634765625
f56e4dc30c35b9dc3fb7,test,4,,20460.0,0.2594966067204405,1.7367498514146862,155.66984359726294,35.050814107160996,214.3725806451613,152.99213098729228,15.420723362658846,1.8581081081081081,0.016650390625
f56e4dc30c35b9dc3fb7,test,5,,10016.0,0.5537395769279856,1.816928760893641,125.22194488817891,50.42524598808244,187.92691693290735,116.37849440894568,6.401357827476039,1.2155172413793103,0.008151041666666666
f56e4dc30c35b9dc3fb7,test,6,,777.0,0.6910125567907295,1.7618579076094243,154.04118404118404,11.231544685573926,210.15958815958817,153.14543114543113,11.25997425997426,0.4888888888888889,0.00063232421875
f56e4dc30c35b9dc3fb7,test,7,,23847.0,0.31630308718526046,1.8584197642530467,107.17230678911393,48.15485749440306,164.64708349058583,97.7870591688682,4.802281209376441,3.128440366972477,0.01940673828125
f56e4dc30c35b9dc3fb7,test,8,,22546.0,0.34611690707598697,1.788205004156421,121.68464472633727,40.11271698659948,180.67187084183448,113.44500133061297,9.422380910139271,0.8177777777777778,0.018347981770833334
f56e4dc30c35b9dc3fb7,test,9,,38564.0,0.6198830727427157,1.8520269784936447,121.65597448397469,35.474415521011515,181.4076081319365,113.5420599522871,6.72373197801058,1.3255813953488371,0.03138346354166666
f56e4dc30c35b9dc3fb7,test,10,,43157.0,0.4153098764381372,1.8446508135387654,145.71666241861112,42.57017866310238,210.86101906990754,139.46143151748268,7.12454526496281,1.898477157360406,0.035121256510416664
f56e4dc30c35b9dc3fb7,test,11,,8947.0,0.4745719196803526,1.8008014375443646,109.19738459818933,47.42285732385434,164.45691293170896,101.04604895495697,6.223203308371521,2.4266666666666667,0.0072810872395833335
f56e4dc30c35b9dc3fb7,test,12,,130280.0,0.35089465522320673,1.8760208152943376,129.0741326373964,46.20562596972505,192.87698035001534,120.5145302425545,5.887818544673012,0.874,0.10602213541666666
f56e4dc30c35b9dc3fb7,test,13,,105872.0,0.2603548458333379,1.7859790082124132,124.40400672510201,43.70691302384563,187.794648254496,115.19175041559619,5.697663215958894,0.7243947858472998,0.08615885416666667
f56e4dc30c35b9dc3fb7,test,14,,1658.0,0.8770994293041269,1.7739129093024275,171.47044632086852,28.293642185126206,230.13932448733414,173.2503015681544,8.379372738238843,0.9583333333333334,0.0013492838541666666
f56e4dc30c35b9dc3fb7,test,15,,1476.0,0.46254301014990473,1.641944212927142,159.6619241192412,25.637406774244216,227.37262872628727,154.92750677506774,6.579945799457994,0.7837837837837838,0.001201171875
f56e4dc30c35b9dc3fb7,test,16,,488.0,0.853394638782192,1.7130935350118994,153.5983606557377,8.33805205468572,213.28073770491804,151.12704918032787,9.66188524590164,0.9259259259259259,0.0003971354166666667
f56e4dc30c35b9dc3fb7,test,17,,1592.0,0.3496594368924926,1.6151479750257505,142.356783919598,30.259258173899706,203.70100502512562,137.29396984924622,7.368090452261306,2.72972972972973,0.0012955729166666667
f56e4dc30c35b9dc3fb7,test,18,,699.0,0.8365852687363565,1.715090432513431,150.62231759656652,16.513327164078348,210.86552217453504,147.1716738197425,10.035765379113018,1.1612903225806452,0.00056884765625
f600628c9ebaa0335661,test,1,,35398.0,0.5961646029767356,1.8288232142449177,119.64353918300469,37.725421374188535,183.31433979320866,110.22876998700491,1.3655291259393185,0.7018181818181818,0.028806966145833335
f600628c9ebaa0335661,test,2,,101759.0,0.14498869487962954,1.804029722698028,101.50390628838727,43.531801478082485,160.7171257579182,90.70939179826846,1.9364380546192475,1.5065963060686016,0.08281168619791666
f600628c9ebaa0335661,test,3,,17628.0,0.5888807231389733,1.7584093669051166,106.12066031313819,49.82996294770597,169.7646358066712,93.95325618334468,2.0634218289085546,0.9447513812154696,0.014345703125
f600628c9ebaa0335661,test,4,,8380.0,0.7765490422932304,1.8531645571698616,116.89665871121719,59.37451068150983,174.3162291169451,109.85560859188544,2.7897374701670645,1.0571428571428572,0.006819661458333333
f600628c9ebaa0335661,test,5,,20906.0,0.5126019982907922,1.7858441400997256,123.87654261934372,43.424867768930426,190.82009949296852,113.42729359992347,2.3485123887879076,0.8738317757009346,0.017013346354166667
f600628c9ebaa0335661,test,6,,2353.0,0.2889691679349348,1.807507650054102,166.28771780705483,14.83391857418189,232.88567785805355,164.45558861028474,1.3042923926901828,0.224,0.0019148763020833334
f600628c9ebaa0335661,test,7,,6824.0,0.7360026282693327,1.816495137673394,131.04630715123096,39.39137528068229,190.53326494724502,125.46409730363423,3.7066236811254396,0.900990099009901,0.0055533854166666665
f600628c9ebaa0335661,test,8,,2593.0,0.5278023571921823,1.8041317929415037,153.55418434246047,13.522640127864175,217.47859622059391,150.42846124180485,2.0277670651754724,1.6415094339622642,0.002110188802083333
f600628c9ebaa0335661,test,9,,34256.0,0.4773859818896951,1.8273442696907698,115.87216837926202,42.70449579968731,180.5021018215787,105.14327417094816,1.8869687062120504,1.120331950207469,0.027877604166666667
f600628c9ebaa0335661,test,10,,8861.0,0.5913784548878804,1.788984449732161,102.40480758379415,55.08616733588199,162.52522288680737,91.4176729488771,1.5177745175488093,0.5866666666666667,0.007211100260416666
f600628c9ebaa0335661,test,11,,30117.0,0.4664592022831379,1.7995618206858393,106.2134010691636,49.81086766774373,169.2189793140087,94.43473785569611,1.8204668459673938,0.7246376811594203,0.02450927734375
f600628c9ebaa0335661,test,12,,1488.0,0.7482401817757576,1.7136398516643085,145.42271505376345,16.22367827326789,209.9119623655914,140.24798387096774,3.108198924731183,1.7575757575757576,0.0012109375
f642ee502088db916f3d,test,1,,91891.0,0.23955964130255847,1.7799736425943837,106.71445516971194,50.77397615525778,150.118466443939,101.6723509375238,18.798718046381037,1.4615384615384615,0.07478108723958334
f642ee502088db916f3d,test,2,,10337.0,0.5642110381911358,1.80313630266925,124.63103414917288,49.47929579547463,176.4095965947567,118.94408435716359,18.12111831285673,2.6527777777777777,0.008412272135416666
f642ee502088db916f3d,test,3,,13588.0,0.6988746278947188,1.7600287701070398,95.43759199293494,43.89863755972824,130.51545481307036,92.03731233441272,20.952973211657344,1.0763358778625953,0.011057942708333334
f642ee502088db916f3d,test,4,,14689.0,0.7428223708105471,1.7673991461291003,113.31057253727279,49.93425125539165,159.20757029069372,108.18347062427667,19.309074817890938,1.1526717557251909,0.011953938802083333
f642ee502088db916f3d,test,5,,19167.0,0.32095645998796013,1.7271026701895607,136.04293838368028,28.74792046685616,175.5700944331403,136.02801690405386,32.33933322898732,1.1522842639593909,0.01559814453125
f642ee502088db916f3d,test,6,,110724.0,0.3018913629123497,1.8061695007501615,123.96665582890792,52.6413226970193,170.44449261226112,120.31868429608757,20.832050865214406,1.082,0.090107421875
f642ee502088db916f3d,test,7,,3587.0,0.6369397370955542,1.845573857933819,174.7069974909395,25.107236160129126,221.9802063005297,176.30443267354335,42.27850571508224,1.4918032786885247,0.0029191080729166667
f642ee502088db916f3d,test,8,,1233.0,0.7378466565476804,1.860377762203804,151.69748580697487,28.26052133030288,197.94079480940795,150.28548256285484,37.586374695863746,0.5740740740740741,0.00100341796875
f642ee502088db916f3d,test,9,,16028.0,0.34098510541414767,1.8634071651360478,89.40685051160469,45.03223475130503,127.40922136261543,85.03468929373597,12.280945844771649,3.191919191919192,0.013043619791666667
fa05270be37f95a9bfb0,test,1,,45135.0,0.5051440315821948,1.8858392397311945,79.75695136811787,41.337326471345065,112.74864296000887,75.87056607953916,13.303046416306636,1.5215311004784688,0.03673095703125
fa05270be37f95a9bfb0,test,2,,17547.0,0.6762559752694015,1.8599953608374205,94.25822077848065,32.432796756455176,132.40707813301418,90.3707186413632,14.23069470564769,0.5308056872037915,0.01427978515625
fa05270be37f95a9bfb0,test,3,,102725.0,0.26770406662760077,1.8297369293348233,103.0152251155999,53.2341041862016,147.09547821854466,97.43926989535167,16.18245801898272,1.0354166666666667,0.08359781901041667
fa05270be37f95a9bfb0,test,4,,4102.0,0.3382658413453811,1.7100826759879004,167.89029741589468,33.52880913320761,218.95368113115552,167.88078985860557,34.01487079473428,4.605263157894737,0.0033382161458333334
fa05270be37f95a9bfb0,test,5,,11223.0,0.4648675855727444,1.6860598141160017,97.53586385102022,35.6030183958985,138.01033591731266,92.9910897264546,14.777866880513232,1.0212765957446808,0.00913330078125
fa05270be37f95a9bfb0,test,6,,211.0,0.6988104512022093,1.5226469686358926,164.35071090047393,4.506996873932212,210.3649289099526,166.70616113744074,31.48341232227488,0.8636363636363636,0.00017171223958333334
fa05270be37f95a9bfb0,test,7,,165.0,0.7584932113296233,1.6689575706599746,164.63030303030303,4.948491343312555,210.88484848484848,167.37575757575758,29.12727272727273,1.2666666666666666,0.00013427734375
fa05270be37f95a9bfb0,test,8,,869.0,0.6812279294209931,1.63713624964182,137.1277330264672,10.756046905505908,182.03682393555812,133.78596087456847,36.45569620253165,0.972972972972973,0.0007071940104166666
fa05270be37f95a9bfb0,test,9,,547.0,0.8470499063126306,1.762184386285258,192.41316270566728,5.174933471301192,233.71480804387568,197.06398537477148,60.0127970749543,1.1111111111111112,0.0004451497395833333
fb03c9f310af170683d4,test,1,,6148.0,0.589998016692502,1.8452764955724157,179.5411515940143,29.770157789893968,235.4126545217957,183.29830839297333,13.466981132075471,1.3764705882352941,0.005003255208333333
fb03c9f310af170683d4,test,2,,12510.0,0.537165909605479,1.848685970692037,163.07434052757793,33.710481334790956,222.98449240607513,162.07058353317345,11.072102318145484,0.7579617834394905,0.0101806640625
fb03c9f310af170683d4,test,3,,3415.0,0.6806484749403755,1.7131427167903803,176.64860907759882,13.336091683981055,236.61669106881405,177.00146412884334,17.378623718887262,0.9466666666666667,0.0027791341145833332
fb03c9f310af170683d4,test,4,,6649.0,0.8300092700581301,1.7949973819080995,115.34245751240788,32.765346613062455,167.35749736802526,110.28184689426982,4.986614528500526,0.8673469387755102,0.0054109700520833335
fb03c9f310af170683d4,test,5,,1755.0,0.6080249793672313,1.699343763104578,108.85356125356125,36.086848116392666,165.5082621082621,100.39886039886039,3.843874643874644,1.1206896551724137,0.00142822265625
fb03c9f310af170683d4,test,6,,15956.0,0.4219792187101639,1.792516459632179,115.8875658059664,29.128608391747854,167.21202055653046,111.3225119077463,4.835923790423665,0.281786941580756,0.012985026041666667
fb03c9f310af170683d4,test,7,,1968.0,0.8173920496972926,1.8039351797891021,183.34095528455285,17.11914577112304,240.5711382113821,186.85873983739836,14.956808943089431,0.7454545454545455,0.0016015625
fb03c9f310af170683d4,test,8,,2414.0,0.28599711069031875,1.7133768568467302,135.6404308202154,21.960572242156182,188.97058823529412,133.40555095277549,7.153272576636288,3.358974358974359,0.0019645182291666667
fb03c9f310af170683d4,test,9,,1513.0,0.7962336795605561,1.728042482418478,142.3179114342366,12.559339249318256,191.6100462656973,141.35822868473232,17.877726371447455,1.457142857142857,0.0012312825520833333
fb03c9f310af170683d4,test,10,,7471.0,0.7543039364580834,1.8303871520034896,147.06424842725204,42.51589443626414,203.3896399411056,144.07361798955964,14.672466871904698,1.1758241758241759,0.006079915364583333
fb03c9f310af170683d4,test,11,,77662.0,0.2040963802960784,1.7908104132603972,114.62278849372923,43.458288150285036,168.25219541088305,108.3128557080683,6.531534083593006,1.564102564102564,0.06320149739583333
fb03c9f310af170683d4,test,12,,39978.0,0.4693160979234873,1.864400509154506,110.65848716794237,42.695816787558165,165.76156886287458,103.3322327280004,3.9224823653009153,0.7421602787456446,0.0325341796875
fb03c9f310af170683d4,test,13,,30099.0,0.3013939249080034,1.6926999740673396,111.68201601382106,37.057940117971725,166.98395295524767,104.4944682547593,3.694707465364298,1.1064638783269962,0.02449462890625
fb03c9f310af170683d4,test,14,,4774.0,0.6741562542456815,1.7734418921880253,138.1390867197319,33.9345819758981,198.37390029325513,132.82677000418937,7.4279430247172185,1.2597402597402598,0.0038850911458333335
fb03c9f310af170683d4,test,15,,26381.0,0.343031425098169,1.7626573356945294,111.18119100868049,31.855616942784945,161.98514082104546,105.88628179371517,5.218642204616959,1.5754189944134078,0.021468912760416667
fb03c9f310af170683d4,test,16,,7330.0,0.638204822524734,1.7600818563393998,120.93574351978172,31.464822028190977,175.162619372442,115.20641200545703,8.206139154160983,1.5595238095238095,0.005965169270833333
fb03c9f310af170683d4,test,17,,10168.0,0.6192356463200195,1.7926307566669195,116.418961447679,34.68348116154391,168.83231707317074,110.6328678206137,8.704169944925257,1.065040650406504,0.008274739583333333
fb03c9f310af170683d4,test,18,,4.0,1.0,nan,149.0,1.224744871391589,193.0,151.75,19.75,1.0,3.2552083333333335e-06
fb03c9f310af170683d4,test,19,,30134.0,0.41679949688832846,1.7994434319579424,83.8798367292759,51.22746657226875,129.52966748523264,76.04367160018583,4.623448596269994,0.8022813688212928,0.024523111979166668
fb03c9f310af170683d4,test,20,,4356.0,0.7289862066324146,1.7627931470315543,125.3200183654729,32.57873803982896,177.7516069788797,121.44031221303949,7.652892561983471,1.08,0.003544921875
fb03c9f310af170683d4,test,21,,46241.0,0.280837406754702,1.7217567847796944,124.53108713046863,40.512032135938966,183.22771998875456,117.65201877122034,6.028675850435761,1.2767295597484276,0.037631022135416664
fb03c9f310af170683d4,test,22,,4671.0,0.7468230678440282,1.7833260947573082,131.16056518946692,26.462552060443464,186.81267394562192,127.16399058017555,5.742239349175765,1.1518987341772151,0.00380126953125
fbb42b6235b2a6beaf75,test,1,,15329.0,0.853243092368814,1.776682205880045,119.92086894122252,48.3575638038008,171.58470872203014,114.00136995237784,14.875138626133472,0.9863945578231292,0.012474772135416666
fbb42b6235b2a6beaf75,test,2,,27089.0,0.514019186203954,1.7640314672972939,122.16434715198051,57.505073575244545,169.59068256487873,118.72634648750416,15.535235704529514,1.9788732394366197,0.022045084635416667
fbb42b6235b2a6beaf75,test,3,,71441.0,0.36468473160297793,1.7810407676971174,76.05373664982294,50.96186154859499,114.60420486835291,69.98660433084643,6.314371299393906,1.3333333333333333,0.058138834635416664
fbb42b6235b2a6beaf75,test,4,,16845.0,0.6786926268084166,1.7592526367872583,122.69361828435737,77.28072735205885,164.70537251409914,121.14752151973879,20.52799050163253,0.8392857142857143,0.01370849609375
fbb42b6235b2a6beaf75,test,5,,7913.0,0.57810872578794,1.75900319654803,138.97788449387085,68.17012780542342,182.72260836598002,138.91052698091747,24.56337672185012,0.5855263157894737,0.006439615885416666
fbb42b6235b2a6beaf75,test,6,,8719.0,0.7974200802954914,1.841776718017456,49.15494896203693,52.06076414786941,80.01617157930956,41.84241312077073,6.070764995985778,0.9316239316239316,0.007095540364583333
fbb42b6235b2a6beaf75,test,7,,33526.0,0.3053864894737896,1.8525264376985358,76.99194654894708,57.36517014787475,111.95958360675297,72.92993497583964,6.3079699337827355,0.9251968503937008,0.027283528645833333
fbb42b6235b2a6beaf75,test,8,,204740.0,0.1623584305714386,1.7693468361974445,115.30144085181206,55.71930223600463,162.48549379701083,110.59583862459705,15.819409983393573,1.1016949152542372,0.16661783854166667
fddf08aa4be5486c4724,test,1,,24841.0,0.7032268944774529,1.826811927601566,108.96743287307274,48.223218383264914,167.4478080592569,99.59450102652872,3.9141338915502595,1.3478260869565217,0.020215657552083332
fddf08aa4be5486c4724,test,2,,42333.0,0.5729772096849819,1.8651042092256225,125.34290033779793,35.79004703764914,185.15883589634564,118.36614461531194,4.403089788108568,1.2985781990521328,0.03445068359375
fddf08aa4be5486c4724,test,3,,18787.0,0.5574048879849575,1.8065615750005146,146.93080321498908,40.65460273435906,206.92925959440038,142.9989886623729,9.826475754511097,1.6,0.015288899739583334
fddf08aa4be5486c4724,test,4,,11616.0,0.7158065314584579,1.9113556393557758,96.60425275482093,40.23125274558095,146.25783402203857,88.97098829201101,5.7481060606060606,1.1228070175438596,0.009453125
fddf08aa4be5486c4724,test,5,,5733.0,0.6240102479210172,1.8987567607355074,117.59445316588173,30.708529726178732,171.34746206174776,112.18332461189604,4.504447933019361,0.5210084033613446,0.00466552734375
fddf08aa4be5486c4724,test,6,,7396.0,0.7161422820130054,1.8063203097108023,118.78474851270957,55.45718742951398,173.6679286100595,112.8643861546782,5.341941590048675,0.9099099099099099,0.006018880208333333
fddf08aa4be5486c4724,test,7,,5420.0,0.5105734384162781,1.7193660565937205,120.68339483394834,32.5425146435215,175.83154981549816,114.94778597785978,5.564022140221402,1.9855072463768115,0.004410807291666667
fddf08aa4be5486c4724,test,8,,12286.0,0.5693974252619969,1.7293451505498438,124.53475500569755,33.69866594162933,182.79920234413154,118.0771609962559,4.977942373433176,1.1134751773049645,0.009998372395833333
fddf08aa4be5486c4724,test,9,,8051.0,0.7102426603623119,1.8491677106799742,147.23599552850578,35.2303377730333,209.48391504160975,142.39299465904855,8.943361073158615,1.3157894736842106,0.0065519205729166665
fddf08aa4be5486c4724,test,10,,6305.0,0.46212108122949047,1.8890050160572054,180.45963521015068,28.717437104309393,237.0689928628073,184.90293417922283,8.98334655035686,2.532258064516129,0.0051310221354166664
fddf08aa4be5486c4724,test,11,,32583.0,0.23825381784681127,1.7069278822896776,121.88349752938649,37.22272451704011,175.2528619218611,116.58785256115152,9.159070681029984,1.1758620689655173,0.02651611328125
fddf08aa4be5486c4724,test,12,,5103.0,0.5155142659838091,1.7928966546983807,138.81873407799333,39.74521375297007,204.2130119537527,131.4524789339604,5.316872427983539,1.5625,0.00415283203125
fddf08aa4be5486c4724,test,13,,17089.0,0.6976296400294341,1.8028910246529575,127.1106559775294,41.82991102627332,188.16115629937386,119.78851893030604,4.756334484171104,1.099290780141844,0.013907063802083333
fddf08aa4be5486c4724,test,14,,834.0,0.4810775520858178,1.7862373010354797,146.84052757793765,7.485861186748859,199.72302158273382,146.19664268585132,11.296163069544365,2.652173913043478,0.0006787109375
fddf08aa4be5486c4724,test,15,,6062.0,0.6514201428497012,1.7728437225944875,126.98680303530188,39.25083860612243,185.1501154734411,120.65605410755526,7.060376113493897,1.8955223880597014,0.004933268229166667
fe9e4bac7dd64709d651,test,1,,7164.0,0.6045828691613314,1.8948108632931413,103.34547738693468,54.10016655374403,154.32649357900615,95.31825795644892,11.077749860413176,2.370967741935484,0.005830078125
fe9e4bac7dd64709d651,test,2,,14897.0,0.7125128246424995,1.8721115338631695,126.38665503121433,57.65140668440935,171.9450224877492,122.9489158891052,24.539168960193326,0.7763975155279503,0.012123209635416667
fe9e4bac7dd64709d651,test,3,,9283.0,0.519633168251245,1.818741573049729,105.20101260368415,44.32351577285593,146.89464612732954,101.14628891522138,16.67704405903264,0.6094674556213018,0.007554524739583333
fe9e4bac7dd64709d651,test,4,,28282.0,0.28897692704476297,1.8328227095067753,121.64408457676261,46.09961042000809,170.17134573226787,117.09415882893714,17.75670037479669,1.031111111111111,0.02301595052083333
fe9e4bac7dd64709d651,test,5,,3251.0,0.6492155074916296,1.8334253340821762,131.45278375884342,47.86694461789144,182.32943709627807,126.31374961550293,24.41433405106121,0.5263157894736842,0.0026456705729166665
fe9e4bac7dd64709d651,test,6,,27686.0,0.4971181348875216,1.8445367214446977,87.28830455826049,42.329011816791976,125.33291194105324,82.9193816369284,10.030412482843314,1.3478260869565217,0.022530924479166665
fe9e4bac7dd64709d651,test,7,,1557.0,0.639834380148144,1.815726752663844,115.49389852280025,24.011680844513652,151.79062299293514,114.63648041104689,24.59601798330122,2.72,0.00126708984375
fe9e4bac7dd64709d651,test,8,,32390.0,0.6040784847885883,1.7950260973073882,126.57854276011115,59.53591636711982,171.9361222599568,123.61506637851188,22.884038283420807,1.443298969072165,0.026359049479166667
fe9e4bac7dd64709d651,test,9,,47004.0,0.1630438341494397,1.7009249365750345,126.99821291804953,44.33454482378805,173.78859246021617,123.1597949110714,23.953131648370352,1.929368029739777,0.038251953125
fe9e4bac7dd64709d651,test,10,,42598.0,0.14104985093129632,1.7269328649303954,101.91678013052255,49.828878022390285,146.90616930372317,96.15970233344288,13.579604676275881,0.9581151832460733,0.034666341145833335
fe9e4bac7dd64709d651,test,11,,60734.0,0.08462465874710459,1.7420816758532074,96.634636282807,41.23234662165457,137.5324200612507,92.30058945565911,11.686024302697007,1.826086956521739,0.049425455729166665
